[2025-07-07 11:44:46,713] [INFO] [_sm_handler.py::43] Current state: init
[2025-07-07 11:44:46,715] [INFO] [device_runtime.py::83] DeviceRuntime initialized
[2025-07-07 11:44:46,771] [INFO] [_sm_handler.py::43] Current state: send_init_request
[2025-07-07 11:44:46,836] [INFO] [_sm_handler.py::43] Current state: get_ecf_address
[2025-07-07 11:44:46,889] [INFO] [_sm_handler.py::43] Current state: ready
[2025-07-07 11:44:46,941] [INFO] [_sm_handler.py::43] Current state: ready
[2025-07-07 11:44:46,994] [INFO] [_sm_handler.py::43] Current state: ready
[2025-07-07 11:44:47,046] [INFO] [_sm_handler.py::43] Current state: ready
[2025-07-07 11:44:47,099] [INFO] [_sm_handler.py::43] Current state: ready
[2025-07-07 11:44:47,151] [INFO] [_sm_handler.py::43] Current state: ready
[2025-07-07 11:44:47,203] [INFO] [_sm_handler.py::43] Current state: ready
[2025-07-07 11:44:47,255] [INFO] [_sm_handler.py::43] Current state: ready
[2025-07-07 11:44:47,308] [INFO] [_sm_handler.py::43] Current state: ready
[2025-07-07 11:44:47,360] [INFO] [_sm_handler.py::43] Current state: ready
[2025-07-07 11:44:47,412] [INFO] [_sm_handler.py::43] Current state: ready
[2025-07-07 11:44:47,464] [INFO] [_sm_handler.py::43] Current state: ready
[2025-07-07 11:44:47,516] [INFO] [_sm_handler.py::43] Current state: ready
[2025-07-07 11:44:47,568] [INFO] [_sm_handler.py::43] Current state: ready
[2025-07-07 11:44:47,621] [INFO] [_sm_handler.py::43] Current state: ready
[2025-07-07 11:44:47,673] [INFO] [_sm_handler.py::43] Current state: ready
[2025-07-07 11:44:47,725] [INFO] [_sm_handler.py::43] Current state: ready
[2025-07-07 11:47:31,651] [INFO] [_sm_handler.py::43] Current state: init
[2025-07-07 11:47:31,653] [INFO] [device_runtime.py::83] DeviceRuntime initialized
[2025-07-07 11:47:31,709] [INFO] [_sm_handler.py::43] Current state: send_init_request
[2025-07-07 11:47:31,772] [INFO] [_sm_handler.py::43] Current state: get_ecf_address
[2025-07-07 11:47:31,824] [INFO] [_sm_handler.py::43] Current state: ready
[2025-07-07 11:47:31,877] [INFO] [_sm_handler.py::43] Current state: ready
[2025-07-07 11:47:31,929] [INFO] [_sm_handler.py::43] Current state: ready
[2025-07-07 11:47:31,981] [INFO] [_sm_handler.py::43] Current state: ready
[2025-07-07 11:47:32,035] [INFO] [_sm_handler.py::43] Current state: ready
[2025-07-07 11:47:32,087] [INFO] [_sm_handler.py::43] Current state: ready
[2025-07-07 11:47:32,140] [INFO] [_sm_handler.py::43] Current state: ready
[2025-07-07 11:47:32,192] [INFO] [_sm_handler.py::43] Current state: ready
[2025-07-07 11:47:32,245] [INFO] [_sm_handler.py::43] Current state: ready
[2025-07-07 11:47:32,298] [INFO] [_sm_handler.py::43] Current state: ready
[2025-07-07 11:47:32,350] [INFO] [_sm_handler.py::43] Current state: ready
[2025-07-07 11:47:32,402] [INFO] [_sm_handler.py::43] Current state: ready
[2025-07-07 11:47:32,455] [INFO] [_sm_handler.py::43] Current state: ready
[2025-07-07 11:47:32,507] [INFO] [_sm_handler.py::43] Current state: ready
[2025-07-07 11:47:32,560] [INFO] [_sm_handler.py::43] Current state: ready
[2025-07-07 11:47:32,612] [INFO] [_sm_handler.py::43] Current state: ready
[2025-07-07 11:47:32,629] [INFO] [_sm_handler.py::43] Current state: init
[2025-07-07 11:47:32,631] [INFO] [device_runtime.py::83] DeviceRuntime initialized
[2025-07-07 11:47:32,665] [INFO] [_sm_handler.py::43] Current state: ready
[2025-07-07 11:47:32,687] [INFO] [_sm_handler.py::43] Current state: send_init_request
[2025-07-07 11:47:32,751] [INFO] [_sm_handler.py::43] Current state: get_ecf_address
[2025-07-07 11:47:32,803] [INFO] [_sm_handler.py::43] Current state: ready
[2025-07-07 11:47:32,855] [INFO] [_sm_handler.py::43] Current state: ready
[2025-07-07 11:47:32,908] [INFO] [_sm_handler.py::43] Current state: ready
[2025-07-07 11:47:32,960] [INFO] [_sm_handler.py::43] Current state: ready
[2025-07-07 11:47:33,012] [INFO] [_sm_handler.py::43] Current state: ready
[2025-07-07 11:47:33,064] [INFO] [_sm_handler.py::43] Current state: ready
[2025-07-07 11:47:33,116] [INFO] [_sm_handler.py::43] Current state: ready
[2025-07-07 11:47:33,169] [INFO] [_sm_handler.py::43] Current state: ready
[2025-07-07 11:47:33,221] [INFO] [_sm_handler.py::43] Current state: ready
[2025-07-07 11:47:33,273] [INFO] [_sm_handler.py::43] Current state: ready
[2025-07-07 11:47:33,326] [INFO] [_sm_handler.py::43] Current state: ready
[2025-07-07 11:47:33,379] [INFO] [_sm_handler.py::43] Current state: ready
[2025-07-07 11:47:33,431] [INFO] [_sm_handler.py::43] Current state: ready
[2025-07-07 11:47:33,483] [INFO] [_sm_handler.py::43] Current state: ready
[2025-07-07 11:47:33,536] [INFO] [_sm_handler.py::43] Current state: ready
[2025-07-07 11:47:33,588] [INFO] [_sm_handler.py::43] Current state: ready
[2025-07-07 11:47:33,630] [INFO] [_sm_handler.py::43] Current state: init
[2025-07-07 11:47:33,632] [INFO] [device_runtime.py::83] DeviceRuntime initialized
[2025-07-07 11:47:33,641] [INFO] [_sm_handler.py::43] Current state: ready
[2025-07-07 11:47:33,689] [INFO] [_sm_handler.py::43] Current state: send_init_request
[2025-07-07 11:47:33,753] [INFO] [_sm_handler.py::43] Current state: get_ecf_address
[2025-07-07 11:47:33,805] [INFO] [_sm_handler.py::43] Current state: ready
[2025-07-07 11:47:33,858] [INFO] [_sm_handler.py::43] Current state: ready
[2025-07-07 11:47:33,910] [INFO] [_sm_handler.py::43] Current state: ready
[2025-07-07 11:47:33,964] [INFO] [_sm_handler.py::43] Current state: ready
[2025-07-07 11:47:34,017] [INFO] [_sm_handler.py::43] Current state: ready
[2025-07-07 11:47:34,069] [INFO] [_sm_handler.py::43] Current state: ready
[2025-07-07 11:47:34,121] [INFO] [_sm_handler.py::43] Current state: ready
[2025-07-07 11:47:34,173] [INFO] [_sm_handler.py::43] Current state: ready
[2025-07-07 11:47:34,225] [INFO] [_sm_handler.py::43] Current state: ready
[2025-07-07 11:47:34,278] [INFO] [_sm_handler.py::43] Current state: ready
[2025-07-07 11:47:34,331] [INFO] [_sm_handler.py::43] Current state: ready
[2025-07-07 11:47:34,383] [INFO] [_sm_handler.py::43] Current state: ready
[2025-07-07 11:47:34,436] [INFO] [_sm_handler.py::43] Current state: ready
[2025-07-07 11:47:34,488] [INFO] [_sm_handler.py::43] Current state: ready
[2025-07-07 11:47:34,544] [INFO] [_sm_handler.py::43] Current state: ready
[2025-07-07 11:47:34,596] [INFO] [_sm_handler.py::43] Current state: ready
[2025-07-07 11:47:34,631] [INFO] [_sm_handler.py::43] Current state: init
[2025-07-07 11:47:34,633] [INFO] [device_runtime.py::83] DeviceRuntime initialized
[2025-07-07 11:47:34,649] [INFO] [_sm_handler.py::43] Current state: ready
[2025-07-07 11:47:34,688] [INFO] [_sm_handler.py::43] Current state: send_init_request
[2025-07-07 11:47:34,753] [INFO] [_sm_handler.py::43] Current state: get_ecf_address
[2025-07-07 11:47:34,805] [INFO] [_sm_handler.py::43] Current state: ready
[2025-07-07 11:47:34,857] [INFO] [_sm_handler.py::43] Current state: ready
[2025-07-07 11:47:34,909] [INFO] [_sm_handler.py::43] Current state: ready
[2025-07-07 11:47:34,961] [INFO] [_sm_handler.py::43] Current state: ready
[2025-07-07 11:47:35,014] [INFO] [_sm_handler.py::43] Current state: ready
[2025-07-07 11:47:35,066] [INFO] [_sm_handler.py::43] Current state: ready
[2025-07-07 11:47:35,118] [INFO] [_sm_handler.py::43] Current state: ready
[2025-07-07 11:47:35,170] [INFO] [_sm_handler.py::43] Current state: ready
[2025-07-07 11:47:35,222] [INFO] [_sm_handler.py::43] Current state: ready
[2025-07-07 11:47:35,274] [INFO] [_sm_handler.py::43] Current state: ready
[2025-07-07 11:47:35,327] [INFO] [_sm_handler.py::43] Current state: ready
[2025-07-07 11:47:35,379] [INFO] [_sm_handler.py::43] Current state: ready
[2025-07-07 11:47:35,431] [INFO] [_sm_handler.py::43] Current state: ready
[2025-07-07 11:47:35,483] [INFO] [_sm_handler.py::43] Current state: ready
[2025-07-07 11:47:35,535] [INFO] [_sm_handler.py::43] Current state: ready
[2025-07-07 11:47:35,587] [INFO] [_sm_handler.py::43] Current state: ready
[2025-07-07 11:47:35,631] [INFO] [_sm_handler.py::43] Current state: init
[2025-07-07 11:47:35,633] [INFO] [device_runtime.py::83] DeviceRuntime initialized
[2025-07-07 11:47:35,640] [INFO] [_sm_handler.py::43] Current state: ready
[2025-07-07 11:47:35,690] [INFO] [_sm_handler.py::43] Current state: send_init_request
[2025-07-07 11:47:35,755] [INFO] [_sm_handler.py::43] Current state: get_ecf_address
[2025-07-07 11:47:35,807] [INFO] [_sm_handler.py::43] Current state: ready
[2025-07-07 11:47:35,860] [INFO] [_sm_handler.py::43] Current state: ready
[2025-07-07 11:47:35,912] [INFO] [_sm_handler.py::43] Current state: ready
[2025-07-07 11:47:35,965] [INFO] [_sm_handler.py::43] Current state: ready
[2025-07-07 11:47:36,017] [INFO] [_sm_handler.py::43] Current state: ready
[2025-07-07 11:47:36,070] [INFO] [_sm_handler.py::43] Current state: ready
[2025-07-07 11:47:36,122] [INFO] [_sm_handler.py::43] Current state: ready
[2025-07-07 11:47:36,174] [INFO] [_sm_handler.py::43] Current state: ready
[2025-07-07 11:47:36,226] [INFO] [_sm_handler.py::43] Current state: ready
[2025-07-07 11:47:36,279] [INFO] [_sm_handler.py::43] Current state: ready
[2025-07-07 11:47:36,331] [INFO] [_sm_handler.py::43] Current state: ready
[2025-07-07 11:47:36,383] [INFO] [_sm_handler.py::43] Current state: ready
[2025-07-07 11:47:36,435] [INFO] [_sm_handler.py::43] Current state: ready
[2025-07-07 11:47:36,488] [INFO] [_sm_handler.py::43] Current state: ready
[2025-07-07 11:47:36,540] [INFO] [_sm_handler.py::43] Current state: ready
[2025-07-07 11:47:36,592] [INFO] [_sm_handler.py::43] Current state: ready
[2025-07-07 11:47:36,631] [INFO] [_sm_handler.py::43] Current state: init
[2025-07-07 11:47:36,633] [INFO] [device_runtime.py::83] DeviceRuntime initialized
[2025-07-07 11:47:36,646] [INFO] [_sm_handler.py::43] Current state: ready
[2025-07-07 11:47:36,688] [INFO] [_sm_handler.py::43] Current state: send_init_request
[2025-07-07 11:47:36,753] [INFO] [_sm_handler.py::43] Current state: get_ecf_address
[2025-07-07 11:47:36,805] [INFO] [_sm_handler.py::43] Current state: ready
[2025-07-07 11:47:36,857] [INFO] [_sm_handler.py::43] Current state: ready
[2025-07-07 11:47:36,909] [INFO] [_sm_handler.py::43] Current state: ready
[2025-07-07 11:47:36,961] [INFO] [_sm_handler.py::43] Current state: ready
[2025-07-07 11:47:37,013] [INFO] [_sm_handler.py::43] Current state: ready
[2025-07-07 11:47:37,066] [INFO] [_sm_handler.py::43] Current state: ready
[2025-07-07 11:47:37,118] [INFO] [_sm_handler.py::43] Current state: ready
[2025-07-07 11:47:37,171] [INFO] [_sm_handler.py::43] Current state: ready
[2025-07-07 11:47:37,223] [INFO] [_sm_handler.py::43] Current state: ready
[2025-07-07 11:47:37,276] [INFO] [_sm_handler.py::43] Current state: ready
[2025-07-07 11:47:37,328] [INFO] [_sm_handler.py::43] Current state: ready
[2025-07-07 11:47:37,380] [INFO] [_sm_handler.py::43] Current state: ready
[2025-07-07 11:47:37,432] [INFO] [_sm_handler.py::43] Current state: ready
[2025-07-07 11:47:37,485] [INFO] [_sm_handler.py::43] Current state: ready
[2025-07-07 11:47:37,537] [INFO] [_sm_handler.py::43] Current state: ready
[2025-07-07 11:47:37,589] [INFO] [_sm_handler.py::43] Current state: ready
[2025-07-07 11:47:37,633] [INFO] [_sm_handler.py::43] Current state: init
[2025-07-07 11:47:37,635] [INFO] [device_runtime.py::83] DeviceRuntime initialized
[2025-07-07 11:47:37,642] [INFO] [_sm_handler.py::43] Current state: ready
[2025-07-07 11:47:37,691] [INFO] [_sm_handler.py::43] Current state: send_init_request
[2025-07-07 11:47:37,756] [INFO] [_sm_handler.py::43] Current state: get_ecf_address
[2025-07-07 11:47:37,808] [INFO] [_sm_handler.py::43] Current state: ready
[2025-07-07 11:47:37,860] [INFO] [_sm_handler.py::43] Current state: ready
[2025-07-07 11:47:37,912] [INFO] [_sm_handler.py::43] Current state: ready
[2025-07-07 11:47:37,964] [INFO] [_sm_handler.py::43] Current state: ready
[2025-07-07 11:47:38,016] [INFO] [_sm_handler.py::43] Current state: ready
[2025-07-07 11:47:38,069] [INFO] [_sm_handler.py::43] Current state: ready
[2025-07-07 11:47:38,121] [INFO] [_sm_handler.py::43] Current state: ready
[2025-07-07 11:47:38,173] [INFO] [_sm_handler.py::43] Current state: ready
[2025-07-07 11:47:38,225] [INFO] [_sm_handler.py::43] Current state: ready
[2025-07-07 11:47:38,278] [INFO] [_sm_handler.py::43] Current state: ready
[2025-07-07 11:47:38,330] [INFO] [_sm_handler.py::43] Current state: ready
[2025-07-07 11:47:38,382] [INFO] [_sm_handler.py::43] Current state: ready
[2025-07-07 11:47:38,434] [INFO] [_sm_handler.py::43] Current state: ready
[2025-07-07 11:47:38,486] [INFO] [_sm_handler.py::43] Current state: ready
[2025-07-07 11:47:38,538] [INFO] [_sm_handler.py::43] Current state: ready
[2025-07-07 11:47:38,590] [INFO] [_sm_handler.py::43] Current state: ready
[2025-07-07 11:47:38,633] [INFO] [_sm_handler.py::43] Current state: init
[2025-07-07 11:47:38,635] [INFO] [device_runtime.py::83] DeviceRuntime initialized
[2025-07-07 11:47:38,643] [INFO] [_sm_handler.py::43] Current state: ready
[2025-07-07 11:47:38,692] [INFO] [_sm_handler.py::43] Current state: send_init_request
[2025-07-07 11:47:38,756] [INFO] [_sm_handler.py::43] Current state: get_ecf_address
[2025-07-07 11:47:38,808] [INFO] [_sm_handler.py::43] Current state: ready
[2025-07-07 11:47:38,860] [INFO] [_sm_handler.py::43] Current state: ready
[2025-07-07 11:47:38,913] [INFO] [_sm_handler.py::43] Current state: ready
[2025-07-07 11:47:38,965] [INFO] [_sm_handler.py::43] Current state: ready
[2025-07-07 11:47:39,017] [INFO] [_sm_handler.py::43] Current state: ready
[2025-07-07 11:47:39,069] [INFO] [_sm_handler.py::43] Current state: ready
[2025-07-07 11:47:39,121] [INFO] [_sm_handler.py::43] Current state: ready
[2025-07-07 11:47:39,174] [INFO] [_sm_handler.py::43] Current state: ready
[2025-07-07 11:47:39,226] [INFO] [_sm_handler.py::43] Current state: ready
[2025-07-07 11:47:39,278] [INFO] [_sm_handler.py::43] Current state: ready
[2025-07-07 11:47:39,330] [INFO] [_sm_handler.py::43] Current state: ready
[2025-07-07 11:47:39,382] [INFO] [_sm_handler.py::43] Current state: ready
[2025-07-07 11:47:39,435] [INFO] [_sm_handler.py::43] Current state: ready
[2025-07-07 11:47:39,487] [INFO] [_sm_handler.py::43] Current state: ready
[2025-07-07 11:47:39,539] [INFO] [_sm_handler.py::43] Current state: ready
[2025-07-07 11:47:39,591] [INFO] [_sm_handler.py::43] Current state: ready
[2025-07-07 11:47:39,634] [INFO] [_sm_handler.py::43] Current state: init
[2025-07-07 11:47:39,636] [INFO] [device_runtime.py::83] DeviceRuntime initialized
[2025-07-07 11:47:39,644] [INFO] [_sm_handler.py::43] Current state: ready
[2025-07-07 11:47:39,692] [INFO] [_sm_handler.py::43] Current state: send_init_request
[2025-07-07 11:47:39,756] [INFO] [_sm_handler.py::43] Current state: get_ecf_address
[2025-07-07 11:47:39,808] [INFO] [_sm_handler.py::43] Current state: ready
[2025-07-07 11:47:39,861] [INFO] [_sm_handler.py::43] Current state: ready
[2025-07-07 11:47:39,913] [INFO] [_sm_handler.py::43] Current state: ready
[2025-07-07 11:47:39,966] [INFO] [_sm_handler.py::43] Current state: ready
[2025-07-07 11:47:40,018] [INFO] [_sm_handler.py::43] Current state: ready
[2025-07-07 11:47:40,071] [INFO] [_sm_handler.py::43] Current state: ready
[2025-07-07 11:47:40,123] [INFO] [_sm_handler.py::43] Current state: ready
[2025-07-07 11:47:40,176] [INFO] [_sm_handler.py::43] Current state: ready
[2025-07-07 11:47:40,228] [INFO] [_sm_handler.py::43] Current state: ready
[2025-07-07 11:47:40,281] [INFO] [_sm_handler.py::43] Current state: ready
[2025-07-07 11:47:40,333] [INFO] [_sm_handler.py::43] Current state: ready
[2025-07-07 11:47:40,385] [INFO] [_sm_handler.py::43] Current state: ready
[2025-07-07 11:47:40,437] [INFO] [_sm_handler.py::43] Current state: ready
[2025-07-07 11:47:40,489] [INFO] [_sm_handler.py::43] Current state: ready
[2025-07-07 11:47:40,541] [INFO] [_sm_handler.py::43] Current state: ready
[2025-07-07 11:47:40,594] [INFO] [_sm_handler.py::43] Current state: ready
[2025-07-07 11:47:40,634] [INFO] [_sm_handler.py::43] Current state: init
[2025-07-07 11:47:40,636] [INFO] [device_runtime.py::83] DeviceRuntime initialized
[2025-07-07 11:47:40,646] [INFO] [_sm_handler.py::43] Current state: ready
[2025-07-07 11:47:40,692] [INFO] [_sm_handler.py::43] Current state: send_init_request
[2025-07-07 11:47:40,756] [INFO] [_sm_handler.py::43] Current state: get_ecf_address
[2025-07-07 11:47:40,808] [INFO] [_sm_handler.py::43] Current state: ready
[2025-07-07 11:47:40,861] [INFO] [_sm_handler.py::43] Current state: ready
[2025-07-07 11:47:40,913] [INFO] [_sm_handler.py::43] Current state: ready
[2025-07-07 11:47:40,965] [INFO] [_sm_handler.py::43] Current state: ready
[2025-07-07 11:47:41,017] [INFO] [_sm_handler.py::43] Current state: ready
[2025-07-07 11:47:41,070] [INFO] [_sm_handler.py::43] Current state: ready
[2025-07-07 11:47:41,122] [INFO] [_sm_handler.py::43] Current state: ready
[2025-07-07 11:47:41,174] [INFO] [_sm_handler.py::43] Current state: ready
[2025-07-07 11:47:41,227] [INFO] [_sm_handler.py::43] Current state: ready
[2025-07-07 11:47:41,279] [INFO] [_sm_handler.py::43] Current state: ready
[2025-07-07 11:47:41,331] [INFO] [_sm_handler.py::43] Current state: ready
[2025-07-07 11:47:41,383] [INFO] [_sm_handler.py::43] Current state: ready
[2025-07-07 11:47:41,435] [INFO] [_sm_handler.py::43] Current state: ready
[2025-07-07 11:47:41,487] [INFO] [_sm_handler.py::43] Current state: ready
[2025-07-07 11:47:41,539] [INFO] [_sm_handler.py::43] Current state: ready
[2025-07-07 11:47:41,591] [INFO] [_sm_handler.py::43] Current state: ready
[2025-07-07 11:47:41,644] [INFO] [_sm_handler.py::43] Current state: ready
[2025-07-07 11:47:42,763] [INFO] [_sm_handler.py::43] Current state: ready
[2025-07-07 11:47:42,815] [INFO] [_sm_handler.py::43] Current state: ready
[2025-07-07 11:47:42,868] [INFO] [_sm_handler.py::43] Current state: ready
[2025-07-07 11:47:42,920] [INFO] [_sm_handler.py::43] Current state: ready
[2025-07-07 11:47:42,972] [INFO] [_sm_handler.py::43] Current state: ready
[2025-07-07 11:47:43,025] [INFO] [_sm_handler.py::43] Current state: ready
[2025-07-07 11:47:43,077] [INFO] [_sm_handler.py::43] Current state: ready
[2025-07-07 11:47:43,129] [INFO] [_sm_handler.py::43] Current state: ready
[2025-07-07 11:47:43,182] [INFO] [_sm_handler.py::43] Current state: ready
[2025-07-07 11:47:43,234] [INFO] [_sm_handler.py::43] Current state: ready
[2025-07-07 11:47:43,286] [INFO] [_sm_handler.py::43] Current state: ready
[2025-07-07 11:47:43,338] [INFO] [_sm_handler.py::43] Current state: ready
[2025-07-07 11:47:43,391] [INFO] [_sm_handler.py::43] Current state: ready
[2025-07-07 11:47:43,443] [INFO] [_sm_handler.py::43] Current state: ready
[2025-07-07 11:47:43,495] [INFO] [_sm_handler.py::43] Current state: ready
[2025-07-07 11:47:43,550] [INFO] [_sm_handler.py::43] Current state: ready
[2025-07-07 11:47:43,602] [INFO] [_sm_handler.py::43] Current state: ready
[2025-07-07 11:47:43,655] [INFO] [_sm_handler.py::43] Current state: ready
[2025-07-07 11:47:43,707] [INFO] [_sm_handler.py::43] Current state: ready
[2025-07-07 11:47:43,760] [INFO] [_sm_handler.py::43] Current state: ready
[2025-07-07 11:47:43,812] [INFO] [_sm_handler.py::43] Current state: ready
[2025-07-07 11:47:43,864] [INFO] [_sm_handler.py::43] Current state: ready
[2025-07-07 11:47:43,916] [INFO] [_sm_handler.py::43] Current state: ready
[2025-07-07 11:47:43,968] [INFO] [_sm_handler.py::43] Current state: ready
[2025-07-07 11:47:44,021] [INFO] [_sm_handler.py::43] Current state: ready
[2025-07-07 11:47:44,073] [INFO] [_sm_handler.py::43] Current state: ready
[2025-07-07 11:47:44,127] [INFO] [_sm_handler.py::43] Current state: ready
[2025-07-07 11:47:44,180] [INFO] [_sm_handler.py::43] Current state: ready
[2025-07-07 11:47:44,232] [INFO] [_sm_handler.py::43] Current state: ready
[2025-07-07 11:47:44,285] [INFO] [_sm_handler.py::43] Current state: ready
[2025-07-07 11:47:44,337] [INFO] [_sm_handler.py::43] Current state: ready
[2025-07-07 11:47:44,389] [INFO] [_sm_handler.py::43] Current state: ready
[2025-07-07 11:47:44,442] [INFO] [_sm_handler.py::43] Current state: ready
[2025-07-07 11:47:44,494] [INFO] [_sm_handler.py::43] Current state: ready
[2025-07-07 11:47:44,546] [INFO] [_sm_handler.py::43] Current state: ready
[2025-07-07 11:47:44,598] [INFO] [_sm_handler.py::43] Current state: ready
[2025-07-07 11:47:44,651] [INFO] [_sm_handler.py::43] Current state: ready
[2025-07-07 11:47:44,706] [INFO] [_sm_handler.py::43] Current state: ready
[2025-07-07 11:47:44,762] [INFO] [_sm_handler.py::43] Current state: ready
[2025-07-07 11:47:52,778] [INFO] [_sm_handler.py::43] Current state: ready
[2025-07-07 11:47:52,831] [INFO] [_sm_handler.py::43] Current state: ready
[2025-07-07 11:47:52,883] [INFO] [_sm_handler.py::43] Current state: ready
[2025-07-07 11:47:52,935] [INFO] [_sm_handler.py::43] Current state: ready
[2025-07-07 11:47:52,987] [INFO] [_sm_handler.py::43] Current state: ready
[2025-07-07 11:47:53,039] [INFO] [_sm_handler.py::43] Current state: ready
[2025-07-07 11:47:53,091] [INFO] [_sm_handler.py::43] Current state: ready
[2025-07-07 11:47:53,144] [INFO] [_sm_handler.py::43] Current state: ready
[2025-07-07 11:47:53,196] [INFO] [_sm_handler.py::43] Current state: ready
[2025-07-07 11:47:53,249] [INFO] [_sm_handler.py::43] Current state: ready
[2025-07-07 11:47:53,301] [INFO] [_sm_handler.py::43] Current state: ready
[2025-07-07 11:47:53,353] [INFO] [_sm_handler.py::43] Current state: ready
[2025-07-07 11:47:53,405] [INFO] [_sm_handler.py::43] Current state: ready
[2025-07-07 11:47:53,457] [INFO] [_sm_handler.py::43] Current state: ready
[2025-07-07 11:47:53,509] [INFO] [_sm_handler.py::43] Current state: ready
[2025-07-07 11:47:53,561] [INFO] [_sm_handler.py::43] Current state: ready
[2025-07-07 11:47:53,613] [INFO] [_sm_handler.py::43] Current state: ready
[2025-07-07 11:47:53,666] [INFO] [_sm_handler.py::43] Current state: ready
[2025-07-07 11:47:53,719] [INFO] [_sm_handler.py::43] Current state: ready
[2025-07-07 11:47:53,771] [INFO] [_sm_handler.py::43] Current state: ready
[2025-07-07 11:47:53,824] [INFO] [_sm_handler.py::43] Current state: ready
[2025-07-07 11:47:53,876] [INFO] [_sm_handler.py::43] Current state: ready
[2025-07-07 11:47:53,928] [INFO] [_sm_handler.py::43] Current state: ready
[2025-07-07 11:47:53,981] [INFO] [_sm_handler.py::43] Current state: ready
[2025-07-07 11:47:54,033] [INFO] [_sm_handler.py::43] Current state: ready
[2025-07-07 11:47:54,085] [INFO] [_sm_handler.py::43] Current state: ready
[2025-07-07 11:47:54,138] [INFO] [_sm_handler.py::43] Current state: ready
[2025-07-07 11:47:54,190] [INFO] [_sm_handler.py::43] Current state: ready
[2025-07-07 11:47:54,242] [INFO] [_sm_handler.py::43] Current state: ready
[2025-07-07 11:47:54,300] [INFO] [_sm_handler.py::43] Current state: ready
[2025-07-07 11:47:54,354] [INFO] [_sm_handler.py::43] Current state: ready
[2025-07-07 11:47:54,407] [INFO] [_sm_handler.py::43] Current state: ready
[2025-07-07 11:47:54,459] [INFO] [_sm_handler.py::43] Current state: ready
[2025-07-07 11:47:54,511] [INFO] [_sm_handler.py::43] Current state: ready
[2025-07-07 11:47:54,563] [INFO] [_sm_handler.py::43] Current state: ready
[2025-07-07 11:47:54,615] [INFO] [_sm_handler.py::43] Current state: ready
[2025-07-07 11:47:54,661] [ERROR] [_edge_cluster_frontend_client.py::86] Error during execution: HTTPConnectionPool(host='172.21.0.1', port=1339): Read timed out. (read timeout=20)
[2025-07-07 11:47:54,661] [ERROR] [_device_runtime_state_machine.py::219] There was a request error. Detailed message: HTTPConnectionPool(host='172.21.0.1', port=1339): Read timed out. (read timeout=20)
[2025-07-07 11:47:54,668] [INFO] [_sm_handler.py::43] Current state: ready
[2025-07-07 11:47:54,712] [INFO] [_sm_handler.py::43] Current state: ready
[2025-07-07 11:47:54,721] [INFO] [_sm_handler.py::43] Current state: ready
[2025-07-07 11:47:54,771] [INFO] [_sm_handler.py::43] Current state: init
[2025-07-07 11:47:54,774] [INFO] [_sm_handler.py::43] Current state: ready
[2025-07-07 11:47:54,832] [INFO] [_sm_handler.py::43] Current state: send_init_request
[2025-07-07 11:47:54,905] [INFO] [_sm_handler.py::43] Current state: get_ecf_address
[2025-07-07 11:47:54,957] [INFO] [_sm_handler.py::43] Current state: ready
[2025-07-07 11:47:55,009] [INFO] [_sm_handler.py::43] Current state: ready
[2025-07-07 11:47:55,062] [INFO] [_sm_handler.py::43] Current state: ready
[2025-07-07 11:47:55,114] [INFO] [_sm_handler.py::43] Current state: ready
[2025-07-07 11:47:55,166] [INFO] [_sm_handler.py::43] Current state: ready
[2025-07-07 11:47:55,219] [INFO] [_sm_handler.py::43] Current state: ready
[2025-07-07 11:47:55,271] [INFO] [_sm_handler.py::43] Current state: ready
[2025-07-07 11:47:55,323] [INFO] [_sm_handler.py::43] Current state: ready
[2025-07-07 11:47:55,375] [INFO] [_sm_handler.py::43] Current state: ready
[2025-07-07 11:47:55,427] [INFO] [_sm_handler.py::43] Current state: ready
[2025-07-07 11:47:55,480] [INFO] [_sm_handler.py::43] Current state: ready
[2025-07-07 11:47:55,532] [INFO] [_sm_handler.py::43] Current state: ready
[2025-07-07 11:47:55,585] [INFO] [_sm_handler.py::43] Current state: ready
[2025-07-07 11:47:55,638] [INFO] [_sm_handler.py::43] Current state: ready
[2025-07-07 11:47:55,650] [ERROR] [_edge_cluster_frontend_client.py::86] Error during execution: HTTPConnectionPool(host='172.21.0.1', port=1339): Read timed out. (read timeout=20)
[2025-07-07 11:47:55,650] [ERROR] [_device_runtime_state_machine.py::219] There was a request error. Detailed message: HTTPConnectionPool(host='172.21.0.1', port=1339): Read timed out. (read timeout=20)
[2025-07-07 11:47:55,690] [INFO] [_sm_handler.py::43] Current state: ready
[2025-07-07 11:47:55,701] [INFO] [_sm_handler.py::43] Current state: ready
[2025-07-07 11:47:55,744] [INFO] [_sm_handler.py::43] Current state: ready
[2025-07-07 11:47:55,760] [INFO] [_sm_handler.py::43] Current state: init
[2025-07-07 11:47:55,797] [INFO] [_sm_handler.py::43] Current state: ready
[2025-07-07 11:47:55,819] [INFO] [_sm_handler.py::43] Current state: send_init_request
[2025-07-07 11:47:55,850] [INFO] [_sm_handler.py::43] Current state: ready
[2025-07-07 11:47:55,884] [INFO] [_sm_handler.py::43] Current state: get_ecf_address
[2025-07-07 11:47:55,903] [INFO] [_sm_handler.py::43] Current state: ready
[2025-07-07 11:47:55,937] [INFO] [_sm_handler.py::43] Current state: ready
[2025-07-07 11:47:55,956] [INFO] [_sm_handler.py::43] Current state: ready
[2025-07-07 11:47:55,990] [INFO] [_sm_handler.py::43] Current state: ready
[2025-07-07 11:47:56,008] [INFO] [_sm_handler.py::43] Current state: ready
[2025-07-07 11:47:56,043] [INFO] [_sm_handler.py::43] Current state: ready
[2025-07-07 11:47:56,061] [INFO] [_sm_handler.py::43] Current state: ready
[2025-07-07 11:47:56,096] [INFO] [_sm_handler.py::43] Current state: ready
[2025-07-07 11:47:56,114] [INFO] [_sm_handler.py::43] Current state: ready
[2025-07-07 11:47:56,149] [INFO] [_sm_handler.py::43] Current state: ready
[2025-07-07 11:47:56,167] [INFO] [_sm_handler.py::43] Current state: ready
[2025-07-07 11:47:56,201] [INFO] [_sm_handler.py::43] Current state: ready
[2025-07-07 11:47:56,220] [INFO] [_sm_handler.py::43] Current state: ready
[2025-07-07 11:47:56,254] [INFO] [_sm_handler.py::43] Current state: ready
[2025-07-07 11:47:56,272] [INFO] [_sm_handler.py::43] Current state: ready
[2025-07-07 11:47:56,307] [INFO] [_sm_handler.py::43] Current state: ready
[2025-07-07 11:47:56,325] [INFO] [_sm_handler.py::43] Current state: ready
[2025-07-07 11:47:56,360] [INFO] [_sm_handler.py::43] Current state: ready
[2025-07-07 11:47:56,378] [INFO] [_sm_handler.py::43] Current state: ready
[2025-07-07 11:47:56,412] [INFO] [_sm_handler.py::43] Current state: ready
[2025-07-07 11:47:56,431] [INFO] [_sm_handler.py::43] Current state: ready
[2025-07-07 11:47:56,465] [INFO] [_sm_handler.py::43] Current state: ready
[2025-07-07 11:47:56,483] [INFO] [_sm_handler.py::43] Current state: ready
[2025-07-07 11:47:56,518] [INFO] [_sm_handler.py::43] Current state: ready
[2025-07-07 11:47:56,536] [INFO] [_sm_handler.py::43] Current state: ready
[2025-07-07 11:47:56,571] [INFO] [_sm_handler.py::43] Current state: ready
[2025-07-07 11:47:56,589] [INFO] [_sm_handler.py::43] Current state: ready
[2025-07-07 11:47:56,623] [INFO] [_sm_handler.py::43] Current state: ready
[2025-07-07 11:47:56,642] [INFO] [_sm_handler.py::43] Current state: ready
[2025-07-07 11:47:56,656] [ERROR] [_edge_cluster_frontend_client.py::86] Error during execution: HTTPConnectionPool(host='172.21.0.1', port=1339): Read timed out. (read timeout=20)
[2025-07-07 11:47:56,657] [ERROR] [_device_runtime_state_machine.py::219] There was a request error. Detailed message: HTTPConnectionPool(host='172.21.0.1', port=1339): Read timed out. (read timeout=20)
[2025-07-07 11:47:56,676] [INFO] [_sm_handler.py::43] Current state: ready
[2025-07-07 11:47:56,695] [INFO] [_sm_handler.py::43] Current state: ready
[2025-07-07 11:47:56,708] [INFO] [_sm_handler.py::43] Current state: ready
[2025-07-07 11:47:56,729] [INFO] [_sm_handler.py::43] Current state: ready
[2025-07-07 11:47:56,748] [INFO] [_sm_handler.py::43] Current state: ready
[2025-07-07 11:47:56,767] [INFO] [_sm_handler.py::43] Current state: init
[2025-07-07 11:47:56,781] [INFO] [_sm_handler.py::43] Current state: ready
[2025-07-07 11:47:56,801] [INFO] [_sm_handler.py::43] Current state: ready
[2025-07-07 11:47:56,825] [INFO] [_sm_handler.py::43] Current state: send_init_request
[2025-07-07 11:47:56,834] [INFO] [_sm_handler.py::43] Current state: ready
[2025-07-07 11:47:56,854] [INFO] [_sm_handler.py::43] Current state: ready
[2025-07-07 11:47:56,887] [INFO] [_sm_handler.py::43] Current state: ready
[2025-07-07 11:47:56,890] [INFO] [_sm_handler.py::43] Current state: get_ecf_address
[2025-07-07 11:47:56,907] [INFO] [_sm_handler.py::43] Current state: ready
[2025-07-07 11:47:56,940] [INFO] [_sm_handler.py::43] Current state: ready
[2025-07-07 11:47:56,942] [INFO] [_sm_handler.py::43] Current state: ready
[2025-07-07 11:47:56,960] [INFO] [_sm_handler.py::43] Current state: ready
[2025-07-07 11:47:56,993] [INFO] [_sm_handler.py::43] Current state: ready
[2025-07-07 11:47:56,996] [INFO] [_sm_handler.py::43] Current state: ready
[2025-07-07 11:47:57,013] [INFO] [_sm_handler.py::43] Current state: ready
[2025-07-07 11:47:57,046] [INFO] [_sm_handler.py::43] Current state: ready
[2025-07-07 11:47:57,048] [INFO] [_sm_handler.py::43] Current state: ready
[2025-07-07 11:47:57,065] [INFO] [_sm_handler.py::43] Current state: ready
[2025-07-07 11:47:57,099] [INFO] [_sm_handler.py::43] Current state: ready
[2025-07-07 11:47:57,101] [INFO] [_sm_handler.py::43] Current state: ready
[2025-07-07 11:47:57,118] [INFO] [_sm_handler.py::43] Current state: ready
[2025-07-07 11:47:57,151] [INFO] [_sm_handler.py::43] Current state: ready
[2025-07-07 11:47:57,153] [INFO] [_sm_handler.py::43] Current state: ready
[2025-07-07 11:47:57,170] [INFO] [_sm_handler.py::43] Current state: ready
[2025-07-07 11:47:57,204] [INFO] [_sm_handler.py::43] Current state: ready
[2025-07-07 11:47:57,206] [INFO] [_sm_handler.py::43] Current state: ready
[2025-07-07 11:47:57,223] [INFO] [_sm_handler.py::43] Current state: ready
[2025-07-07 11:47:57,256] [INFO] [_sm_handler.py::43] Current state: ready
[2025-07-07 11:47:57,258] [INFO] [_sm_handler.py::43] Current state: ready
[2025-07-07 11:47:57,276] [INFO] [_sm_handler.py::43] Current state: ready
[2025-07-07 11:47:57,308] [INFO] [_sm_handler.py::43] Current state: ready
[2025-07-07 11:47:57,310] [INFO] [_sm_handler.py::43] Current state: ready
[2025-07-07 11:47:57,328] [INFO] [_sm_handler.py::43] Current state: ready
[2025-07-07 11:47:57,361] [INFO] [_sm_handler.py::43] Current state: ready
[2025-07-07 11:47:57,363] [INFO] [_sm_handler.py::43] Current state: ready
[2025-07-07 11:47:57,382] [INFO] [_sm_handler.py::43] Current state: ready
[2025-07-07 11:47:57,413] [INFO] [_sm_handler.py::43] Current state: ready
[2025-07-07 11:47:57,415] [INFO] [_sm_handler.py::43] Current state: ready
[2025-07-07 11:47:57,435] [INFO] [_sm_handler.py::43] Current state: ready
[2025-07-07 11:47:57,466] [INFO] [_sm_handler.py::43] Current state: ready
[2025-07-07 11:47:57,468] [INFO] [_sm_handler.py::43] Current state: ready
[2025-07-07 11:47:57,488] [INFO] [_sm_handler.py::43] Current state: ready
[2025-07-07 11:47:57,518] [INFO] [_sm_handler.py::43] Current state: ready
[2025-07-07 11:47:57,521] [INFO] [_sm_handler.py::43] Current state: ready
[2025-07-07 11:47:57,541] [INFO] [_sm_handler.py::43] Current state: ready
[2025-07-07 11:47:57,571] [INFO] [_sm_handler.py::43] Current state: ready
[2025-07-07 11:47:57,573] [INFO] [_sm_handler.py::43] Current state: ready
[2025-07-07 11:47:57,593] [INFO] [_sm_handler.py::43] Current state: ready
[2025-07-07 11:47:57,623] [INFO] [_sm_handler.py::43] Current state: ready
[2025-07-07 11:47:57,626] [INFO] [_sm_handler.py::43] Current state: ready
[2025-07-07 11:47:57,646] [INFO] [_sm_handler.py::43] Current state: ready
[2025-07-07 11:47:57,652] [ERROR] [_edge_cluster_frontend_client.py::86] Error during execution: HTTPConnectionPool(host='172.21.0.1', port=1339): Read timed out. (read timeout=20)
[2025-07-07 11:47:57,652] [ERROR] [_device_runtime_state_machine.py::219] There was a request error. Detailed message: HTTPConnectionPool(host='172.21.0.1', port=1339): Read timed out. (read timeout=20)
[2025-07-07 11:47:57,677] [INFO] [_sm_handler.py::43] Current state: ready
[2025-07-07 11:47:57,679] [INFO] [_sm_handler.py::43] Current state: ready
[2025-07-07 11:47:57,699] [INFO] [_sm_handler.py::43] Current state: ready
[2025-07-07 11:47:57,703] [INFO] [_sm_handler.py::43] Current state: ready
[2025-07-07 11:47:57,729] [INFO] [_sm_handler.py::43] Current state: ready
[2025-07-07 11:47:57,731] [INFO] [_sm_handler.py::43] Current state: ready
[2025-07-07 11:47:57,752] [INFO] [_sm_handler.py::43] Current state: ready
[2025-07-07 11:47:57,762] [INFO] [_sm_handler.py::43] Current state: init
[2025-07-07 11:47:57,782] [INFO] [_sm_handler.py::43] Current state: ready
[2025-07-07 11:47:57,785] [INFO] [_sm_handler.py::43] Current state: ready
[2025-07-07 11:47:57,804] [INFO] [_sm_handler.py::43] Current state: ready
[2025-07-07 11:47:57,820] [INFO] [_sm_handler.py::43] Current state: send_init_request
[2025-07-07 11:47:57,835] [INFO] [_sm_handler.py::43] Current state: ready
[2025-07-07 11:47:57,837] [INFO] [_sm_handler.py::43] Current state: ready
[2025-07-07 11:47:57,856] [INFO] [_sm_handler.py::43] Current state: ready
[2025-07-07 11:47:57,884] [INFO] [_sm_handler.py::43] Current state: get_ecf_address
[2025-07-07 11:47:57,888] [INFO] [_sm_handler.py::43] Current state: ready
[2025-07-07 11:47:57,890] [INFO] [_sm_handler.py::43] Current state: ready
[2025-07-07 11:47:57,909] [INFO] [_sm_handler.py::43] Current state: ready
[2025-07-07 11:47:57,938] [INFO] [_sm_handler.py::43] Current state: ready
[2025-07-07 11:47:57,941] [INFO] [_sm_handler.py::43] Current state: ready
[2025-07-07 11:47:57,943] [INFO] [_sm_handler.py::43] Current state: ready
[2025-07-07 11:47:57,962] [INFO] [_sm_handler.py::43] Current state: ready
[2025-07-07 11:47:57,990] [INFO] [_sm_handler.py::43] Current state: ready
[2025-07-07 11:47:57,994] [INFO] [_sm_handler.py::43] Current state: ready
[2025-07-07 11:47:57,996] [INFO] [_sm_handler.py::43] Current state: ready
[2025-07-07 11:47:58,015] [INFO] [_sm_handler.py::43] Current state: ready
[2025-07-07 11:47:58,043] [INFO] [_sm_handler.py::43] Current state: ready
[2025-07-07 11:47:58,046] [INFO] [_sm_handler.py::43] Current state: ready
[2025-07-07 11:47:58,048] [INFO] [_sm_handler.py::43] Current state: ready
[2025-07-07 11:47:58,068] [INFO] [_sm_handler.py::43] Current state: ready
[2025-07-07 11:47:58,096] [INFO] [_sm_handler.py::43] Current state: ready
[2025-07-07 11:47:58,098] [INFO] [_sm_handler.py::43] Current state: ready
[2025-07-07 11:47:58,100] [INFO] [_sm_handler.py::43] Current state: ready
[2025-07-07 11:47:58,120] [INFO] [_sm_handler.py::43] Current state: ready
[2025-07-07 11:47:58,149] [INFO] [_sm_handler.py::43] Current state: ready
[2025-07-07 11:47:58,151] [INFO] [_sm_handler.py::43] Current state: ready
[2025-07-07 11:47:58,153] [INFO] [_sm_handler.py::43] Current state: ready
[2025-07-07 11:47:58,173] [INFO] [_sm_handler.py::43] Current state: ready
[2025-07-07 11:47:58,201] [INFO] [_sm_handler.py::43] Current state: ready
[2025-07-07 11:47:58,204] [INFO] [_sm_handler.py::43] Current state: ready
[2025-07-07 11:47:58,205] [INFO] [_sm_handler.py::43] Current state: ready
[2025-07-07 11:47:58,225] [INFO] [_sm_handler.py::43] Current state: ready
[2025-07-07 11:47:58,255] [INFO] [_sm_handler.py::43] Current state: ready
[2025-07-07 11:47:58,257] [INFO] [_sm_handler.py::43] Current state: ready
[2025-07-07 11:47:58,259] [INFO] [_sm_handler.py::43] Current state: ready
[2025-07-07 11:47:58,278] [INFO] [_sm_handler.py::43] Current state: ready
[2025-07-07 11:47:58,307] [INFO] [_sm_handler.py::43] Current state: ready
[2025-07-07 11:47:58,309] [INFO] [_sm_handler.py::43] Current state: ready
[2025-07-07 11:47:58,311] [INFO] [_sm_handler.py::43] Current state: ready
[2025-07-07 11:47:58,330] [INFO] [_sm_handler.py::43] Current state: ready
[2025-07-07 11:47:58,359] [INFO] [_sm_handler.py::43] Current state: ready
[2025-07-07 11:47:58,361] [INFO] [_sm_handler.py::43] Current state: ready
[2025-07-07 11:47:58,363] [INFO] [_sm_handler.py::43] Current state: ready
[2025-07-07 11:47:58,383] [INFO] [_sm_handler.py::43] Current state: ready
[2025-07-07 11:47:58,412] [INFO] [_sm_handler.py::43] Current state: ready
[2025-07-07 11:47:58,414] [INFO] [_sm_handler.py::43] Current state: ready
[2025-07-07 11:47:58,416] [INFO] [_sm_handler.py::43] Current state: ready
[2025-07-07 11:47:58,436] [INFO] [_sm_handler.py::43] Current state: ready
[2025-07-07 11:47:58,464] [INFO] [_sm_handler.py::43] Current state: ready
[2025-07-07 11:47:58,467] [INFO] [_sm_handler.py::43] Current state: ready
[2025-07-07 11:47:58,469] [INFO] [_sm_handler.py::43] Current state: ready
[2025-07-07 11:47:58,489] [INFO] [_sm_handler.py::43] Current state: ready
[2025-07-07 11:47:58,517] [INFO] [_sm_handler.py::43] Current state: ready
[2025-07-07 11:47:58,520] [INFO] [_sm_handler.py::43] Current state: ready
[2025-07-07 11:47:58,522] [INFO] [_sm_handler.py::43] Current state: ready
[2025-07-07 11:47:58,542] [INFO] [_sm_handler.py::43] Current state: ready
[2025-07-07 11:47:58,570] [INFO] [_sm_handler.py::43] Current state: ready
[2025-07-07 11:47:58,572] [INFO] [_sm_handler.py::43] Current state: ready
[2025-07-07 11:47:58,574] [INFO] [_sm_handler.py::43] Current state: ready
[2025-07-07 11:47:58,595] [INFO] [_sm_handler.py::43] Current state: ready
[2025-07-07 11:47:58,623] [INFO] [_sm_handler.py::43] Current state: ready
[2025-07-07 11:47:58,626] [INFO] [_sm_handler.py::43] Current state: ready
[2025-07-07 11:47:58,627] [INFO] [_sm_handler.py::43] Current state: ready
[2025-07-07 11:47:58,647] [INFO] [_sm_handler.py::43] Current state: ready
[2025-07-07 11:47:58,653] [ERROR] [_edge_cluster_frontend_client.py::86] Error during execution: HTTPConnectionPool(host='172.21.0.1', port=1339): Read timed out. (read timeout=20)
[2025-07-07 11:47:58,654] [ERROR] [_device_runtime_state_machine.py::219] There was a request error. Detailed message: HTTPConnectionPool(host='172.21.0.1', port=1339): Read timed out. (read timeout=20)
[2025-07-07 11:47:58,676] [INFO] [_sm_handler.py::43] Current state: ready
[2025-07-07 11:47:58,678] [INFO] [_sm_handler.py::43] Current state: ready
[2025-07-07 11:47:58,680] [INFO] [_sm_handler.py::43] Current state: ready
[2025-07-07 11:47:58,700] [INFO] [_sm_handler.py::43] Current state: ready
[2025-07-07 11:47:58,704] [INFO] [_sm_handler.py::43] Current state: ready
[2025-07-07 11:47:58,729] [INFO] [_sm_handler.py::43] Current state: ready
[2025-07-07 11:47:58,731] [INFO] [_sm_handler.py::43] Current state: ready
[2025-07-07 11:47:58,733] [INFO] [_sm_handler.py::43] Current state: ready
[2025-07-07 11:47:58,752] [INFO] [_sm_handler.py::43] Current state: ready
[2025-07-07 11:47:58,762] [INFO] [_sm_handler.py::43] Current state: init
[2025-07-07 11:47:58,782] [INFO] [_sm_handler.py::43] Current state: ready
[2025-07-07 11:47:58,784] [INFO] [_sm_handler.py::43] Current state: ready
[2025-07-07 11:47:58,786] [INFO] [_sm_handler.py::43] Current state: ready
[2025-07-07 11:47:58,805] [INFO] [_sm_handler.py::43] Current state: ready
[2025-07-07 11:47:58,820] [INFO] [_sm_handler.py::43] Current state: send_init_request
[2025-07-07 11:47:58,835] [INFO] [_sm_handler.py::43] Current state: ready
[2025-07-07 11:47:58,837] [INFO] [_sm_handler.py::43] Current state: ready
[2025-07-07 11:47:58,839] [INFO] [_sm_handler.py::43] Current state: ready
[2025-07-07 11:47:58,858] [INFO] [_sm_handler.py::43] Current state: ready
[2025-07-07 11:47:58,886] [INFO] [_sm_handler.py::43] Current state: get_ecf_address
[2025-07-07 11:47:58,888] [INFO] [_sm_handler.py::43] Current state: ready
[2025-07-07 11:47:58,890] [INFO] [_sm_handler.py::43] Current state: ready
[2025-07-07 11:47:58,892] [INFO] [_sm_handler.py::43] Current state: ready
[2025-07-07 11:47:58,910] [INFO] [_sm_handler.py::43] Current state: ready
[2025-07-07 11:47:58,939] [INFO] [_sm_handler.py::43] Current state: ready
[2025-07-07 11:47:58,941] [INFO] [_sm_handler.py::43] Current state: ready
[2025-07-07 11:47:58,943] [INFO] [_sm_handler.py::43] Current state: ready
[2025-07-07 11:47:58,945] [INFO] [_sm_handler.py::43] Current state: ready
[2025-07-07 11:47:58,963] [INFO] [_sm_handler.py::43] Current state: ready
[2025-07-07 11:47:58,992] [INFO] [_sm_handler.py::43] Current state: ready
[2025-07-07 11:47:58,994] [INFO] [_sm_handler.py::43] Current state: ready
[2025-07-07 11:47:58,996] [INFO] [_sm_handler.py::43] Current state: ready
[2025-07-07 11:47:58,998] [INFO] [_sm_handler.py::43] Current state: ready
[2025-07-07 11:47:59,016] [INFO] [_sm_handler.py::43] Current state: ready
[2025-07-07 11:47:59,044] [INFO] [_sm_handler.py::43] Current state: ready
[2025-07-07 11:47:59,047] [INFO] [_sm_handler.py::43] Current state: ready
[2025-07-07 11:47:59,049] [INFO] [_sm_handler.py::43] Current state: ready
[2025-07-07 11:47:59,051] [INFO] [_sm_handler.py::43] Current state: ready
[2025-07-07 11:47:59,069] [INFO] [_sm_handler.py::43] Current state: ready
[2025-07-07 11:47:59,097] [INFO] [_sm_handler.py::43] Current state: ready
[2025-07-07 11:47:59,100] [INFO] [_sm_handler.py::43] Current state: ready
[2025-07-07 11:47:59,102] [INFO] [_sm_handler.py::43] Current state: ready
[2025-07-07 11:47:59,104] [INFO] [_sm_handler.py::43] Current state: ready
[2025-07-07 11:47:59,122] [INFO] [_sm_handler.py::43] Current state: ready
[2025-07-07 11:47:59,150] [INFO] [_sm_handler.py::43] Current state: ready
[2025-07-07 11:47:59,152] [INFO] [_sm_handler.py::43] Current state: ready
[2025-07-07 11:47:59,154] [INFO] [_sm_handler.py::43] Current state: ready
[2025-07-07 11:47:59,156] [INFO] [_sm_handler.py::43] Current state: ready
[2025-07-07 11:47:59,174] [INFO] [_sm_handler.py::43] Current state: ready
[2025-07-07 11:47:59,203] [INFO] [_sm_handler.py::43] Current state: ready
[2025-07-07 11:47:59,206] [INFO] [_sm_handler.py::43] Current state: ready
[2025-07-07 11:47:59,208] [INFO] [_sm_handler.py::43] Current state: ready
[2025-07-07 11:47:59,210] [INFO] [_sm_handler.py::43] Current state: ready
[2025-07-07 11:47:59,227] [INFO] [_sm_handler.py::43] Current state: ready
[2025-07-07 11:47:59,256] [INFO] [_sm_handler.py::43] Current state: ready
[2025-07-07 11:47:59,258] [INFO] [_sm_handler.py::43] Current state: ready
[2025-07-07 11:47:59,260] [INFO] [_sm_handler.py::43] Current state: ready
[2025-07-07 11:47:59,262] [INFO] [_sm_handler.py::43] Current state: ready
[2025-07-07 11:47:59,279] [INFO] [_sm_handler.py::43] Current state: ready
[2025-07-07 11:47:59,308] [INFO] [_sm_handler.py::43] Current state: ready
[2025-07-07 11:47:59,311] [INFO] [_sm_handler.py::43] Current state: ready
[2025-07-07 11:47:59,313] [INFO] [_sm_handler.py::43] Current state: ready
[2025-07-07 11:47:59,315] [INFO] [_sm_handler.py::43] Current state: ready
[2025-07-07 11:47:59,332] [INFO] [_sm_handler.py::43] Current state: ready
[2025-07-07 11:47:59,361] [INFO] [_sm_handler.py::43] Current state: ready
[2025-07-07 11:47:59,363] [INFO] [_sm_handler.py::43] Current state: ready
[2025-07-07 11:47:59,365] [INFO] [_sm_handler.py::43] Current state: ready
[2025-07-07 11:47:59,367] [INFO] [_sm_handler.py::43] Current state: ready
[2025-07-07 11:47:59,385] [INFO] [_sm_handler.py::43] Current state: ready
[2025-07-07 11:47:59,414] [INFO] [_sm_handler.py::43] Current state: ready
[2025-07-07 11:47:59,417] [INFO] [_sm_handler.py::43] Current state: ready
[2025-07-07 11:47:59,419] [INFO] [_sm_handler.py::43] Current state: ready
[2025-07-07 11:47:59,421] [INFO] [_sm_handler.py::43] Current state: ready
[2025-07-07 11:47:59,438] [INFO] [_sm_handler.py::43] Current state: ready
[2025-07-07 11:47:59,467] [INFO] [_sm_handler.py::43] Current state: ready
[2025-07-07 11:47:59,470] [INFO] [_sm_handler.py::43] Current state: ready
[2025-07-07 11:47:59,472] [INFO] [_sm_handler.py::43] Current state: ready
[2025-07-07 11:47:59,473] [INFO] [_sm_handler.py::43] Current state: ready
[2025-07-07 11:47:59,491] [INFO] [_sm_handler.py::43] Current state: ready
[2025-07-07 11:47:59,520] [INFO] [_sm_handler.py::43] Current state: ready
[2025-07-07 11:47:59,523] [INFO] [_sm_handler.py::43] Current state: ready
[2025-07-07 11:47:59,525] [INFO] [_sm_handler.py::43] Current state: ready
[2025-07-07 11:47:59,527] [INFO] [_sm_handler.py::43] Current state: ready
[2025-07-07 11:47:59,544] [INFO] [_sm_handler.py::43] Current state: ready
[2025-07-07 11:47:59,573] [INFO] [_sm_handler.py::43] Current state: ready
[2025-07-07 11:47:59,575] [INFO] [_sm_handler.py::43] Current state: ready
[2025-07-07 11:47:59,577] [INFO] [_sm_handler.py::43] Current state: ready
[2025-07-07 11:47:59,579] [INFO] [_sm_handler.py::43] Current state: ready
[2025-07-07 11:47:59,596] [INFO] [_sm_handler.py::43] Current state: ready
[2025-07-07 11:47:59,626] [INFO] [_sm_handler.py::43] Current state: ready
[2025-07-07 11:47:59,628] [INFO] [_sm_handler.py::43] Current state: ready
[2025-07-07 11:47:59,630] [INFO] [_sm_handler.py::43] Current state: ready
[2025-07-07 11:47:59,632] [INFO] [_sm_handler.py::43] Current state: ready
[2025-07-07 11:47:59,649] [INFO] [_sm_handler.py::43] Current state: ready
[2025-07-07 11:47:59,654] [ERROR] [_edge_cluster_frontend_client.py::86] Error during execution: HTTPConnectionPool(host='172.21.0.1', port=1339): Read timed out. (read timeout=20)
[2025-07-07 11:47:59,655] [ERROR] [_device_runtime_state_machine.py::219] There was a request error. Detailed message: HTTPConnectionPool(host='172.21.0.1', port=1339): Read timed out. (read timeout=20)
[2025-07-07 11:47:59,679] [INFO] [_sm_handler.py::43] Current state: ready
[2025-07-07 11:47:59,681] [INFO] [_sm_handler.py::43] Current state: ready
[2025-07-07 11:47:59,683] [INFO] [_sm_handler.py::43] Current state: ready
[2025-07-07 11:47:59,685] [INFO] [_sm_handler.py::43] Current state: ready
[2025-07-07 11:47:59,702] [INFO] [_sm_handler.py::43] Current state: ready
[2025-07-07 11:47:59,706] [INFO] [_sm_handler.py::43] Current state: ready
[2025-07-07 11:47:59,732] [INFO] [_sm_handler.py::43] Current state: ready
[2025-07-07 11:47:59,734] [INFO] [_sm_handler.py::43] Current state: ready
[2025-07-07 11:47:59,736] [INFO] [_sm_handler.py::43] Current state: ready
[2025-07-07 11:47:59,738] [INFO] [_sm_handler.py::43] Current state: ready
[2025-07-07 11:47:59,755] [INFO] [_sm_handler.py::43] Current state: ready
[2025-07-07 11:47:59,764] [INFO] [_sm_handler.py::43] Current state: init
[2025-07-07 11:47:59,786] [INFO] [_sm_handler.py::43] Current state: ready
[2025-07-07 11:47:59,788] [INFO] [_sm_handler.py::43] Current state: ready
[2025-07-07 11:47:59,789] [INFO] [_sm_handler.py::43] Current state: ready
[2025-07-07 11:47:59,791] [INFO] [_sm_handler.py::43] Current state: ready
[2025-07-07 11:47:59,809] [INFO] [_sm_handler.py::43] Current state: ready
[2025-07-07 11:47:59,821] [INFO] [_sm_handler.py::43] Current state: send_init_request
[2025-07-07 11:47:59,838] [INFO] [_sm_handler.py::43] Current state: ready
[2025-07-07 11:47:59,840] [INFO] [_sm_handler.py::43] Current state: ready
[2025-07-07 11:47:59,842] [INFO] [_sm_handler.py::43] Current state: ready
[2025-07-07 11:47:59,844] [INFO] [_sm_handler.py::43] Current state: ready
[2025-07-07 11:47:59,862] [INFO] [_sm_handler.py::43] Current state: ready
[2025-07-07 11:47:59,886] [INFO] [_sm_handler.py::43] Current state: get_ecf_address
[2025-07-07 11:47:59,890] [INFO] [_sm_handler.py::43] Current state: ready
[2025-07-07 11:47:59,892] [INFO] [_sm_handler.py::43] Current state: ready
[2025-07-07 11:47:59,894] [INFO] [_sm_handler.py::43] Current state: ready
[2025-07-07 11:47:59,896] [INFO] [_sm_handler.py::43] Current state: ready
[2025-07-07 11:47:59,915] [INFO] [_sm_handler.py::43] Current state: ready
[2025-07-07 11:47:59,938] [INFO] [_sm_handler.py::43] Current state: ready
[2025-07-07 11:47:59,943] [INFO] [_sm_handler.py::43] Current state: ready
[2025-07-07 11:47:59,945] [INFO] [_sm_handler.py::43] Current state: ready
[2025-07-07 11:47:59,947] [INFO] [_sm_handler.py::43] Current state: ready
[2025-07-07 11:47:59,949] [INFO] [_sm_handler.py::43] Current state: ready
[2025-07-07 11:47:59,968] [INFO] [_sm_handler.py::43] Current state: ready
[2025-07-07 11:47:59,991] [INFO] [_sm_handler.py::43] Current state: ready
[2025-07-07 11:47:59,996] [INFO] [_sm_handler.py::43] Current state: ready
[2025-07-07 11:47:59,999] [INFO] [_sm_handler.py::43] Current state: ready
[2025-07-07 11:48:00,001] [INFO] [_sm_handler.py::43] Current state: ready
[2025-07-07 11:48:00,003] [INFO] [_sm_handler.py::43] Current state: ready
[2025-07-07 11:48:00,021] [INFO] [_sm_handler.py::43] Current state: ready
[2025-07-07 11:48:00,044] [INFO] [_sm_handler.py::43] Current state: ready
[2025-07-07 11:48:00,049] [INFO] [_sm_handler.py::43] Current state: ready
[2025-07-07 11:48:00,051] [INFO] [_sm_handler.py::43] Current state: ready
[2025-07-07 11:48:00,053] [INFO] [_sm_handler.py::43] Current state: ready
[2025-07-07 11:48:00,055] [INFO] [_sm_handler.py::43] Current state: ready
[2025-07-07 11:48:00,074] [INFO] [_sm_handler.py::43] Current state: ready
[2025-07-07 11:48:00,096] [INFO] [_sm_handler.py::43] Current state: ready
[2025-07-07 11:48:00,102] [INFO] [_sm_handler.py::43] Current state: ready
[2025-07-07 11:48:00,104] [INFO] [_sm_handler.py::43] Current state: ready
[2025-07-07 11:48:00,106] [INFO] [_sm_handler.py::43] Current state: ready
[2025-07-07 11:48:00,108] [INFO] [_sm_handler.py::43] Current state: ready
[2025-07-07 11:48:00,126] [INFO] [_sm_handler.py::43] Current state: ready
[2025-07-07 11:48:00,148] [INFO] [_sm_handler.py::43] Current state: ready
[2025-07-07 11:48:00,154] [INFO] [_sm_handler.py::43] Current state: ready
[2025-07-07 11:48:00,156] [INFO] [_sm_handler.py::43] Current state: ready
[2025-07-07 11:48:00,158] [INFO] [_sm_handler.py::43] Current state: ready
[2025-07-07 11:48:00,160] [INFO] [_sm_handler.py::43] Current state: ready
[2025-07-07 11:48:00,179] [INFO] [_sm_handler.py::43] Current state: ready
[2025-07-07 11:48:00,201] [INFO] [_sm_handler.py::43] Current state: ready
[2025-07-07 11:48:00,207] [INFO] [_sm_handler.py::43] Current state: ready
[2025-07-07 11:48:00,209] [INFO] [_sm_handler.py::43] Current state: ready
[2025-07-07 11:48:00,211] [INFO] [_sm_handler.py::43] Current state: ready
[2025-07-07 11:48:00,213] [INFO] [_sm_handler.py::43] Current state: ready
[2025-07-07 11:48:00,232] [INFO] [_sm_handler.py::43] Current state: ready
[2025-07-07 11:48:00,254] [INFO] [_sm_handler.py::43] Current state: ready
[2025-07-07 11:48:00,260] [INFO] [_sm_handler.py::43] Current state: ready
[2025-07-07 11:48:00,262] [INFO] [_sm_handler.py::43] Current state: ready
[2025-07-07 11:48:00,264] [INFO] [_sm_handler.py::43] Current state: ready
[2025-07-07 11:48:00,266] [INFO] [_sm_handler.py::43] Current state: ready
[2025-07-07 11:48:00,286] [INFO] [_sm_handler.py::43] Current state: ready
[2025-07-07 11:48:00,307] [INFO] [_sm_handler.py::43] Current state: ready
[2025-07-07 11:48:00,312] [INFO] [_sm_handler.py::43] Current state: ready
[2025-07-07 11:48:00,314] [INFO] [_sm_handler.py::43] Current state: ready
[2025-07-07 11:48:00,316] [INFO] [_sm_handler.py::43] Current state: ready
[2025-07-07 11:48:00,318] [INFO] [_sm_handler.py::43] Current state: ready
[2025-07-07 11:48:00,338] [INFO] [_sm_handler.py::43] Current state: ready
[2025-07-07 11:48:00,359] [INFO] [_sm_handler.py::43] Current state: ready
[2025-07-07 11:48:00,365] [INFO] [_sm_handler.py::43] Current state: ready
[2025-07-07 11:48:00,367] [INFO] [_sm_handler.py::43] Current state: ready
[2025-07-07 11:48:00,368] [INFO] [_sm_handler.py::43] Current state: ready
[2025-07-07 11:48:00,370] [INFO] [_sm_handler.py::43] Current state: ready
[2025-07-07 11:48:00,391] [INFO] [_sm_handler.py::43] Current state: ready
[2025-07-07 11:48:00,412] [INFO] [_sm_handler.py::43] Current state: ready
[2025-07-07 11:48:00,417] [INFO] [_sm_handler.py::43] Current state: ready
[2025-07-07 11:48:00,419] [INFO] [_sm_handler.py::43] Current state: ready
[2025-07-07 11:48:00,421] [INFO] [_sm_handler.py::43] Current state: ready
[2025-07-07 11:48:00,423] [INFO] [_sm_handler.py::43] Current state: ready
[2025-07-07 11:48:00,445] [INFO] [_sm_handler.py::43] Current state: ready
[2025-07-07 11:48:00,464] [INFO] [_sm_handler.py::43] Current state: ready
[2025-07-07 11:48:00,470] [INFO] [_sm_handler.py::43] Current state: ready
[2025-07-07 11:48:00,472] [INFO] [_sm_handler.py::43] Current state: ready
[2025-07-07 11:48:00,474] [INFO] [_sm_handler.py::43] Current state: ready
[2025-07-07 11:48:00,476] [INFO] [_sm_handler.py::43] Current state: ready
[2025-07-07 11:48:00,498] [INFO] [_sm_handler.py::43] Current state: ready
[2025-07-07 11:48:00,517] [INFO] [_sm_handler.py::43] Current state: ready
[2025-07-07 11:48:00,522] [INFO] [_sm_handler.py::43] Current state: ready
[2025-07-07 11:48:00,525] [INFO] [_sm_handler.py::43] Current state: ready
[2025-07-07 11:48:00,526] [INFO] [_sm_handler.py::43] Current state: ready
[2025-07-07 11:48:00,528] [INFO] [_sm_handler.py::43] Current state: ready
[2025-07-07 11:48:00,550] [INFO] [_sm_handler.py::43] Current state: ready
[2025-07-07 11:48:00,570] [INFO] [_sm_handler.py::43] Current state: ready
[2025-07-07 11:48:00,575] [INFO] [_sm_handler.py::43] Current state: ready
[2025-07-07 11:48:00,577] [INFO] [_sm_handler.py::43] Current state: ready
[2025-07-07 11:48:00,579] [INFO] [_sm_handler.py::43] Current state: ready
[2025-07-07 11:48:00,581] [INFO] [_sm_handler.py::43] Current state: ready
[2025-07-07 11:48:00,603] [INFO] [_sm_handler.py::43] Current state: ready
[2025-07-07 11:48:00,622] [INFO] [_sm_handler.py::43] Current state: ready
[2025-07-07 11:48:00,628] [INFO] [_sm_handler.py::43] Current state: ready
[2025-07-07 11:48:00,630] [INFO] [_sm_handler.py::43] Current state: ready
[2025-07-07 11:48:00,632] [INFO] [_sm_handler.py::43] Current state: ready
[2025-07-07 11:48:00,634] [INFO] [_sm_handler.py::43] Current state: ready
[2025-07-07 11:48:00,656] [INFO] [_sm_handler.py::43] Current state: ready
[2025-07-07 11:48:00,658] [ERROR] [_edge_cluster_frontend_client.py::86] Error during execution: HTTPConnectionPool(host='172.21.0.1', port=1339): Read timed out. (read timeout=20)
[2025-07-07 11:48:00,659] [ERROR] [_device_runtime_state_machine.py::219] There was a request error. Detailed message: HTTPConnectionPool(host='172.21.0.1', port=1339): Read timed out. (read timeout=20)
[2025-07-07 11:48:00,675] [INFO] [_sm_handler.py::43] Current state: ready
[2025-07-07 11:48:00,680] [INFO] [_sm_handler.py::43] Current state: ready
[2025-07-07 11:48:00,682] [INFO] [_sm_handler.py::43] Current state: ready
[2025-07-07 11:48:00,684] [INFO] [_sm_handler.py::43] Current state: ready
[2025-07-07 11:48:00,686] [INFO] [_sm_handler.py::43] Current state: ready
[2025-07-07 11:48:00,709] [INFO] [_sm_handler.py::43] Current state: ready
[2025-07-07 11:48:00,711] [INFO] [_sm_handler.py::43] Current state: ready
[2025-07-07 11:48:00,728] [INFO] [_sm_handler.py::43] Current state: ready
[2025-07-07 11:48:00,733] [INFO] [_sm_handler.py::43] Current state: ready
[2025-07-07 11:48:00,735] [INFO] [_sm_handler.py::43] Current state: ready
[2025-07-07 11:48:00,737] [INFO] [_sm_handler.py::43] Current state: ready
[2025-07-07 11:48:00,739] [INFO] [_sm_handler.py::43] Current state: ready
[2025-07-07 11:48:00,762] [INFO] [_sm_handler.py::43] Current state: ready
[2025-07-07 11:48:00,770] [INFO] [_sm_handler.py::43] Current state: init
[2025-07-07 11:48:00,780] [INFO] [_sm_handler.py::43] Current state: ready
[2025-07-07 11:48:00,786] [INFO] [_sm_handler.py::43] Current state: ready
[2025-07-07 11:48:00,788] [INFO] [_sm_handler.py::43] Current state: ready
[2025-07-07 11:48:00,790] [INFO] [_sm_handler.py::43] Current state: ready
[2025-07-07 11:48:00,792] [INFO] [_sm_handler.py::43] Current state: ready
[2025-07-07 11:48:00,815] [INFO] [_sm_handler.py::43] Current state: ready
[2025-07-07 11:48:00,828] [INFO] [_sm_handler.py::43] Current state: send_init_request
[2025-07-07 11:48:00,833] [INFO] [_sm_handler.py::43] Current state: ready
[2025-07-07 11:48:00,839] [INFO] [_sm_handler.py::43] Current state: ready
[2025-07-07 11:48:00,841] [INFO] [_sm_handler.py::43] Current state: ready
[2025-07-07 11:48:00,843] [INFO] [_sm_handler.py::43] Current state: ready
[2025-07-07 11:48:00,846] [INFO] [_sm_handler.py::43] Current state: ready
[2025-07-07 11:48:00,867] [INFO] [_sm_handler.py::43] Current state: ready
[2025-07-07 11:48:00,885] [INFO] [_sm_handler.py::43] Current state: ready
[2025-07-07 11:48:00,891] [INFO] [_sm_handler.py::43] Current state: ready
[2025-07-07 11:48:00,893] [INFO] [_sm_handler.py::43] Current state: ready
[2025-07-07 11:48:00,895] [INFO] [_sm_handler.py::43] Current state: ready
[2025-07-07 11:48:00,897] [INFO] [_sm_handler.py::43] Current state: get_ecf_address
[2025-07-07 11:48:00,899] [INFO] [_sm_handler.py::43] Current state: ready
[2025-07-07 11:48:00,921] [INFO] [_sm_handler.py::43] Current state: ready
[2025-07-07 11:48:00,939] [INFO] [_sm_handler.py::43] Current state: ready
[2025-07-07 11:48:00,944] [INFO] [_sm_handler.py::43] Current state: ready
[2025-07-07 11:48:00,946] [INFO] [_sm_handler.py::43] Current state: ready
[2025-07-07 11:48:00,948] [INFO] [_sm_handler.py::43] Current state: ready
[2025-07-07 11:48:00,950] [INFO] [_sm_handler.py::43] Current state: ready
[2025-07-07 11:48:00,952] [INFO] [_sm_handler.py::43] Current state: ready
[2025-07-07 11:48:00,973] [INFO] [_sm_handler.py::43] Current state: ready
[2025-07-07 11:48:00,991] [INFO] [_sm_handler.py::43] Current state: ready
[2025-07-07 11:48:00,997] [INFO] [_sm_handler.py::43] Current state: ready
[2025-07-07 11:48:00,999] [INFO] [_sm_handler.py::43] Current state: ready
[2025-07-07 11:48:01,001] [INFO] [_sm_handler.py::43] Current state: ready
[2025-07-07 11:48:01,003] [INFO] [_sm_handler.py::43] Current state: ready
[2025-07-07 11:48:01,005] [INFO] [_sm_handler.py::43] Current state: ready
[2025-07-07 11:48:01,025] [INFO] [_sm_handler.py::43] Current state: ready
[2025-07-07 11:48:01,044] [INFO] [_sm_handler.py::43] Current state: ready
[2025-07-07 11:48:01,050] [INFO] [_sm_handler.py::43] Current state: ready
[2025-07-07 11:48:01,052] [INFO] [_sm_handler.py::43] Current state: ready
[2025-07-07 11:48:01,054] [INFO] [_sm_handler.py::43] Current state: ready
[2025-07-07 11:48:01,056] [INFO] [_sm_handler.py::43] Current state: ready
[2025-07-07 11:48:01,058] [INFO] [_sm_handler.py::43] Current state: ready
[2025-07-07 11:48:01,078] [INFO] [_sm_handler.py::43] Current state: ready
[2025-07-07 11:48:01,097] [INFO] [_sm_handler.py::43] Current state: ready
[2025-07-07 11:48:01,102] [INFO] [_sm_handler.py::43] Current state: ready
[2025-07-07 11:48:01,105] [INFO] [_sm_handler.py::43] Current state: ready
[2025-07-07 11:48:01,106] [INFO] [_sm_handler.py::43] Current state: ready
[2025-07-07 11:48:01,108] [INFO] [_sm_handler.py::43] Current state: ready
[2025-07-07 11:48:01,110] [INFO] [_sm_handler.py::43] Current state: ready
[2025-07-07 11:48:01,130] [INFO] [_sm_handler.py::43] Current state: ready
[2025-07-07 11:48:01,149] [INFO] [_sm_handler.py::43] Current state: ready
[2025-07-07 11:48:01,156] [INFO] [_sm_handler.py::43] Current state: ready
[2025-07-07 11:48:01,158] [INFO] [_sm_handler.py::43] Current state: ready
[2025-07-07 11:48:01,160] [INFO] [_sm_handler.py::43] Current state: ready
[2025-07-07 11:48:01,161] [INFO] [_sm_handler.py::43] Current state: ready
[2025-07-07 11:48:01,163] [INFO] [_sm_handler.py::43] Current state: ready
[2025-07-07 11:48:01,183] [INFO] [_sm_handler.py::43] Current state: ready
[2025-07-07 11:48:01,202] [INFO] [_sm_handler.py::43] Current state: ready
[2025-07-07 11:48:01,208] [INFO] [_sm_handler.py::43] Current state: ready
[2025-07-07 11:48:01,210] [INFO] [_sm_handler.py::43] Current state: ready
[2025-07-07 11:48:01,212] [INFO] [_sm_handler.py::43] Current state: ready
[2025-07-07 11:48:01,214] [INFO] [_sm_handler.py::43] Current state: ready
[2025-07-07 11:48:01,216] [INFO] [_sm_handler.py::43] Current state: ready
[2025-07-07 11:48:01,237] [INFO] [_sm_handler.py::43] Current state: ready
[2025-07-07 11:48:01,255] [INFO] [_sm_handler.py::43] Current state: ready
[2025-07-07 11:48:01,261] [INFO] [_sm_handler.py::43] Current state: ready
[2025-07-07 11:48:01,263] [INFO] [_sm_handler.py::43] Current state: ready
[2025-07-07 11:48:01,265] [INFO] [_sm_handler.py::43] Current state: ready
[2025-07-07 11:48:01,267] [INFO] [_sm_handler.py::43] Current state: ready
[2025-07-07 11:48:01,269] [INFO] [_sm_handler.py::43] Current state: ready
[2025-07-07 11:48:01,290] [INFO] [_sm_handler.py::43] Current state: ready
[2025-07-07 11:48:01,308] [INFO] [_sm_handler.py::43] Current state: ready
[2025-07-07 11:48:01,314] [INFO] [_sm_handler.py::43] Current state: ready
[2025-07-07 11:48:01,316] [INFO] [_sm_handler.py::43] Current state: ready
[2025-07-07 11:48:01,318] [INFO] [_sm_handler.py::43] Current state: ready
[2025-07-07 11:48:01,320] [INFO] [_sm_handler.py::43] Current state: ready
[2025-07-07 11:48:01,322] [INFO] [_sm_handler.py::43] Current state: ready
[2025-07-07 11:48:01,343] [INFO] [_sm_handler.py::43] Current state: ready
[2025-07-07 11:48:01,360] [INFO] [_sm_handler.py::43] Current state: ready
[2025-07-07 11:48:01,367] [INFO] [_sm_handler.py::43] Current state: ready
[2025-07-07 11:48:01,369] [INFO] [_sm_handler.py::43] Current state: ready
[2025-07-07 11:48:01,370] [INFO] [_sm_handler.py::43] Current state: ready
[2025-07-07 11:48:01,372] [INFO] [_sm_handler.py::43] Current state: ready
[2025-07-07 11:48:01,374] [INFO] [_sm_handler.py::43] Current state: ready
[2025-07-07 11:48:01,396] [INFO] [_sm_handler.py::43] Current state: ready
[2025-07-07 11:48:01,413] [INFO] [_sm_handler.py::43] Current state: ready
[2025-07-07 11:48:01,420] [INFO] [_sm_handler.py::43] Current state: ready
[2025-07-07 11:48:01,422] [INFO] [_sm_handler.py::43] Current state: ready
[2025-07-07 11:48:01,423] [INFO] [_sm_handler.py::43] Current state: ready
[2025-07-07 11:48:01,425] [INFO] [_sm_handler.py::43] Current state: ready
[2025-07-07 11:48:01,427] [INFO] [_sm_handler.py::43] Current state: ready
[2025-07-07 11:48:01,449] [INFO] [_sm_handler.py::43] Current state: ready
[2025-07-07 11:48:01,466] [INFO] [_sm_handler.py::43] Current state: ready
[2025-07-07 11:48:01,472] [INFO] [_sm_handler.py::43] Current state: ready
[2025-07-07 11:48:01,474] [INFO] [_sm_handler.py::43] Current state: ready
[2025-07-07 11:48:01,476] [INFO] [_sm_handler.py::43] Current state: ready
[2025-07-07 11:48:01,478] [INFO] [_sm_handler.py::43] Current state: ready
[2025-07-07 11:48:01,480] [INFO] [_sm_handler.py::43] Current state: ready
[2025-07-07 11:48:01,502] [INFO] [_sm_handler.py::43] Current state: ready
[2025-07-07 11:48:01,519] [INFO] [_sm_handler.py::43] Current state: ready
[2025-07-07 11:48:01,525] [INFO] [_sm_handler.py::43] Current state: ready
[2025-07-07 11:48:01,527] [INFO] [_sm_handler.py::43] Current state: ready
[2025-07-07 11:48:01,529] [INFO] [_sm_handler.py::43] Current state: ready
[2025-07-07 11:48:01,531] [INFO] [_sm_handler.py::43] Current state: ready
[2025-07-07 11:48:01,533] [INFO] [_sm_handler.py::43] Current state: ready
[2025-07-07 11:48:01,555] [INFO] [_sm_handler.py::43] Current state: ready
[2025-07-07 11:48:01,572] [INFO] [_sm_handler.py::43] Current state: ready
[2025-07-07 11:48:01,578] [INFO] [_sm_handler.py::43] Current state: ready
[2025-07-07 11:48:01,581] [INFO] [_sm_handler.py::43] Current state: ready
[2025-07-07 11:48:01,582] [INFO] [_sm_handler.py::43] Current state: ready
[2025-07-07 11:48:01,584] [INFO] [_sm_handler.py::43] Current state: ready
[2025-07-07 11:48:01,586] [INFO] [_sm_handler.py::43] Current state: ready
[2025-07-07 11:48:01,607] [INFO] [_sm_handler.py::43] Current state: ready
[2025-07-07 11:48:01,625] [INFO] [_sm_handler.py::43] Current state: ready
[2025-07-07 11:48:01,631] [INFO] [_sm_handler.py::43] Current state: ready
[2025-07-07 11:48:01,633] [INFO] [_sm_handler.py::43] Current state: ready
[2025-07-07 11:48:01,635] [INFO] [_sm_handler.py::43] Current state: ready
[2025-07-07 11:48:01,637] [INFO] [_sm_handler.py::43] Current state: ready
[2025-07-07 11:48:01,639] [INFO] [_sm_handler.py::43] Current state: ready
[2025-07-07 11:48:01,655] [ERROR] [_edge_cluster_frontend_client.py::86] Error during execution: HTTPConnectionPool(host='172.21.0.1', port=1339): Read timed out. (read timeout=20)
[2025-07-07 11:48:01,656] [ERROR] [_device_runtime_state_machine.py::219] There was a request error. Detailed message: HTTPConnectionPool(host='172.21.0.1', port=1339): Read timed out. (read timeout=20)
[2025-07-07 11:48:01,660] [INFO] [_sm_handler.py::43] Current state: ready
[2025-07-07 11:48:01,678] [INFO] [_sm_handler.py::43] Current state: ready
[2025-07-07 11:48:01,684] [INFO] [_sm_handler.py::43] Current state: ready
[2025-07-07 11:48:01,686] [INFO] [_sm_handler.py::43] Current state: ready
[2025-07-07 11:48:01,687] [INFO] [_sm_handler.py::43] Current state: ready
[2025-07-07 11:48:01,689] [INFO] [_sm_handler.py::43] Current state: ready
[2025-07-07 11:48:01,691] [INFO] [_sm_handler.py::43] Current state: ready
[2025-07-07 11:48:01,706] [INFO] [_sm_handler.py::43] Current state: ready
[2025-07-07 11:48:01,712] [INFO] [_sm_handler.py::43] Current state: ready
[2025-07-07 11:48:01,731] [INFO] [_sm_handler.py::43] Current state: ready
[2025-07-07 11:48:01,736] [INFO] [_sm_handler.py::43] Current state: ready
[2025-07-07 11:48:01,739] [INFO] [_sm_handler.py::43] Current state: ready
[2025-07-07 11:48:01,740] [INFO] [_sm_handler.py::43] Current state: ready
[2025-07-07 11:48:01,742] [INFO] [_sm_handler.py::43] Current state: ready
[2025-07-07 11:48:01,744] [INFO] [_sm_handler.py::43] Current state: ready
[2025-07-07 11:48:01,764] [INFO] [_sm_handler.py::43] Current state: ready
[2025-07-07 11:48:01,766] [INFO] [_sm_handler.py::43] Current state: init
[2025-07-07 11:48:01,784] [INFO] [_sm_handler.py::43] Current state: ready
[2025-07-07 11:48:01,789] [INFO] [_sm_handler.py::43] Current state: ready
[2025-07-07 11:48:01,791] [INFO] [_sm_handler.py::43] Current state: ready
[2025-07-07 11:48:01,793] [INFO] [_sm_handler.py::43] Current state: ready
[2025-07-07 11:48:01,794] [INFO] [_sm_handler.py::43] Current state: ready
[2025-07-07 11:48:01,796] [INFO] [_sm_handler.py::43] Current state: ready
[2025-07-07 11:48:01,818] [INFO] [_sm_handler.py::43] Current state: ready
[2025-07-07 11:48:01,824] [INFO] [_sm_handler.py::43] Current state: send_init_request
[2025-07-07 11:48:01,836] [INFO] [_sm_handler.py::43] Current state: ready
[2025-07-07 11:48:01,841] [INFO] [_sm_handler.py::43] Current state: ready
[2025-07-07 11:48:01,843] [INFO] [_sm_handler.py::43] Current state: ready
[2025-07-07 11:48:01,845] [INFO] [_sm_handler.py::43] Current state: ready
[2025-07-07 11:48:01,847] [INFO] [_sm_handler.py::43] Current state: ready
[2025-07-07 11:48:01,849] [INFO] [_sm_handler.py::43] Current state: ready
[2025-07-07 11:48:01,871] [INFO] [_sm_handler.py::43] Current state: ready
[2025-07-07 11:48:01,889] [INFO] [_sm_handler.py::43] Current state: ready
[2025-07-07 11:48:01,892] [INFO] [_sm_handler.py::43] Current state: get_ecf_address
[2025-07-07 11:48:01,893] [INFO] [_sm_handler.py::43] Current state: ready
[2025-07-07 11:48:01,895] [INFO] [_sm_handler.py::43] Current state: ready
[2025-07-07 11:48:01,897] [INFO] [_sm_handler.py::43] Current state: ready
[2025-07-07 11:48:01,899] [INFO] [_sm_handler.py::43] Current state: ready
[2025-07-07 11:48:01,901] [INFO] [_sm_handler.py::43] Current state: ready
[2025-07-07 11:48:01,924] [INFO] [_sm_handler.py::43] Current state: ready
[2025-07-07 11:48:01,942] [INFO] [_sm_handler.py::43] Current state: ready
[2025-07-07 11:48:01,945] [INFO] [_sm_handler.py::43] Current state: ready
[2025-07-07 11:48:01,947] [INFO] [_sm_handler.py::43] Current state: ready
[2025-07-07 11:48:01,949] [INFO] [_sm_handler.py::43] Current state: ready
[2025-07-07 11:48:01,950] [INFO] [_sm_handler.py::43] Current state: ready
[2025-07-07 11:48:01,952] [INFO] [_sm_handler.py::43] Current state: ready
[2025-07-07 11:48:01,954] [INFO] [_sm_handler.py::43] Current state: ready
[2025-07-07 11:48:01,976] [INFO] [_sm_handler.py::43] Current state: ready
[2025-07-07 11:48:01,995] [INFO] [_sm_handler.py::43] Current state: ready
[2025-07-07 11:48:01,997] [INFO] [_sm_handler.py::43] Current state: ready
[2025-07-07 11:48:01,999] [INFO] [_sm_handler.py::43] Current state: ready
[2025-07-07 11:48:02,001] [INFO] [_sm_handler.py::43] Current state: ready
[2025-07-07 11:48:02,003] [INFO] [_sm_handler.py::43] Current state: ready
[2025-07-07 11:48:02,005] [INFO] [_sm_handler.py::43] Current state: ready
[2025-07-07 11:48:02,007] [INFO] [_sm_handler.py::43] Current state: ready
[2025-07-07 11:48:02,030] [INFO] [_sm_handler.py::43] Current state: ready
[2025-07-07 11:48:02,048] [INFO] [_sm_handler.py::43] Current state: ready
[2025-07-07 11:48:02,050] [INFO] [_sm_handler.py::43] Current state: ready
[2025-07-07 11:48:02,052] [INFO] [_sm_handler.py::43] Current state: ready
[2025-07-07 11:48:02,054] [INFO] [_sm_handler.py::43] Current state: ready
[2025-07-07 11:48:02,055] [INFO] [_sm_handler.py::43] Current state: ready
[2025-07-07 11:48:02,057] [INFO] [_sm_handler.py::43] Current state: ready
[2025-07-07 11:48:02,059] [INFO] [_sm_handler.py::43] Current state: ready
[2025-07-07 11:48:02,082] [INFO] [_sm_handler.py::43] Current state: ready
[2025-07-07 11:48:02,100] [INFO] [_sm_handler.py::43] Current state: ready
[2025-07-07 11:48:02,103] [INFO] [_sm_handler.py::43] Current state: ready
[2025-07-07 11:48:02,104] [INFO] [_sm_handler.py::43] Current state: ready
[2025-07-07 11:48:02,106] [INFO] [_sm_handler.py::43] Current state: ready
[2025-07-07 11:48:02,108] [INFO] [_sm_handler.py::43] Current state: ready
[2025-07-07 11:48:02,110] [INFO] [_sm_handler.py::43] Current state: ready
[2025-07-07 11:48:02,112] [INFO] [_sm_handler.py::43] Current state: ready
[2025-07-07 11:48:02,136] [INFO] [_sm_handler.py::43] Current state: ready
[2025-07-07 11:48:02,154] [INFO] [_sm_handler.py::43] Current state: ready
[2025-07-07 11:48:02,156] [INFO] [_sm_handler.py::43] Current state: ready
[2025-07-07 11:48:02,157] [INFO] [_sm_handler.py::43] Current state: ready
[2025-07-07 11:48:02,159] [INFO] [_sm_handler.py::43] Current state: ready
[2025-07-07 11:48:02,161] [INFO] [_sm_handler.py::43] Current state: ready
[2025-07-07 11:48:02,163] [INFO] [_sm_handler.py::43] Current state: ready
[2025-07-07 11:48:02,165] [INFO] [_sm_handler.py::43] Current state: ready
[2025-07-07 11:48:02,189] [INFO] [_sm_handler.py::43] Current state: ready
[2025-07-07 11:48:02,206] [INFO] [_sm_handler.py::43] Current state: ready
[2025-07-07 11:48:02,208] [INFO] [_sm_handler.py::43] Current state: ready
[2025-07-07 11:48:02,210] [INFO] [_sm_handler.py::43] Current state: ready
[2025-07-07 11:48:02,212] [INFO] [_sm_handler.py::43] Current state: ready
[2025-07-07 11:48:02,214] [INFO] [_sm_handler.py::43] Current state: ready
[2025-07-07 11:48:02,215] [INFO] [_sm_handler.py::43] Current state: ready
[2025-07-07 11:48:02,217] [INFO] [_sm_handler.py::43] Current state: ready
[2025-07-07 11:48:02,241] [INFO] [_sm_handler.py::43] Current state: ready
[2025-07-07 11:48:02,259] [INFO] [_sm_handler.py::43] Current state: ready
[2025-07-07 11:48:02,261] [INFO] [_sm_handler.py::43] Current state: ready
[2025-07-07 11:48:02,263] [INFO] [_sm_handler.py::43] Current state: ready
[2025-07-07 11:48:02,265] [INFO] [_sm_handler.py::43] Current state: ready
[2025-07-07 11:48:02,267] [INFO] [_sm_handler.py::43] Current state: ready
[2025-07-07 11:48:02,269] [INFO] [_sm_handler.py::43] Current state: ready
[2025-07-07 11:48:02,270] [INFO] [_sm_handler.py::43] Current state: ready
[2025-07-07 11:48:02,294] [INFO] [_sm_handler.py::43] Current state: ready
[2025-07-07 11:48:02,312] [INFO] [_sm_handler.py::43] Current state: ready
[2025-07-07 11:48:02,314] [INFO] [_sm_handler.py::43] Current state: ready
[2025-07-07 11:48:02,316] [INFO] [_sm_handler.py::43] Current state: ready
[2025-07-07 11:48:02,318] [INFO] [_sm_handler.py::43] Current state: ready
[2025-07-07 11:48:02,320] [INFO] [_sm_handler.py::43] Current state: ready
[2025-07-07 11:48:02,321] [INFO] [_sm_handler.py::43] Current state: ready
[2025-07-07 11:48:02,323] [INFO] [_sm_handler.py::43] Current state: ready
[2025-07-07 11:48:02,347] [INFO] [_sm_handler.py::43] Current state: ready
[2025-07-07 11:48:02,364] [INFO] [_sm_handler.py::43] Current state: ready
[2025-07-07 11:48:02,366] [INFO] [_sm_handler.py::43] Current state: ready
[2025-07-07 11:48:02,368] [INFO] [_sm_handler.py::43] Current state: ready
[2025-07-07 11:48:02,370] [INFO] [_sm_handler.py::43] Current state: ready
[2025-07-07 11:48:02,372] [INFO] [_sm_handler.py::43] Current state: ready
[2025-07-07 11:48:02,374] [INFO] [_sm_handler.py::43] Current state: ready
[2025-07-07 11:48:02,376] [INFO] [_sm_handler.py::43] Current state: ready
[2025-07-07 11:48:02,400] [INFO] [_sm_handler.py::43] Current state: ready
[2025-07-07 11:48:02,417] [INFO] [_sm_handler.py::43] Current state: ready
[2025-07-07 11:48:02,419] [INFO] [_sm_handler.py::43] Current state: ready
[2025-07-07 11:48:02,421] [INFO] [_sm_handler.py::43] Current state: ready
[2025-07-07 11:48:02,423] [INFO] [_sm_handler.py::43] Current state: ready
[2025-07-07 11:48:02,425] [INFO] [_sm_handler.py::43] Current state: ready
[2025-07-07 11:48:02,427] [INFO] [_sm_handler.py::43] Current state: ready
[2025-07-07 11:48:02,428] [INFO] [_sm_handler.py::43] Current state: ready
[2025-07-07 11:48:02,452] [INFO] [_sm_handler.py::43] Current state: ready
[2025-07-07 11:48:02,469] [INFO] [_sm_handler.py::43] Current state: ready
[2025-07-07 11:48:02,471] [INFO] [_sm_handler.py::43] Current state: ready
[2025-07-07 11:48:02,473] [INFO] [_sm_handler.py::43] Current state: ready
[2025-07-07 11:48:02,475] [INFO] [_sm_handler.py::43] Current state: ready
[2025-07-07 11:48:02,477] [INFO] [_sm_handler.py::43] Current state: ready
[2025-07-07 11:48:02,479] [INFO] [_sm_handler.py::43] Current state: ready
[2025-07-07 11:48:02,481] [INFO] [_sm_handler.py::43] Current state: ready
[2025-07-07 11:48:02,505] [INFO] [_sm_handler.py::43] Current state: ready
[2025-07-07 11:48:02,522] [INFO] [_sm_handler.py::43] Current state: ready
[2025-07-07 11:48:02,524] [INFO] [_sm_handler.py::43] Current state: ready
[2025-07-07 11:48:02,526] [INFO] [_sm_handler.py::43] Current state: ready
[2025-07-07 11:48:02,528] [INFO] [_sm_handler.py::43] Current state: ready
[2025-07-07 11:48:02,530] [INFO] [_sm_handler.py::43] Current state: ready
[2025-07-07 11:48:02,531] [INFO] [_sm_handler.py::43] Current state: ready
[2025-07-07 11:48:02,533] [INFO] [_sm_handler.py::43] Current state: ready
[2025-07-07 11:48:02,557] [INFO] [_sm_handler.py::43] Current state: ready
[2025-07-07 11:48:02,575] [INFO] [_sm_handler.py::43] Current state: ready
[2025-07-07 11:48:02,577] [INFO] [_sm_handler.py::43] Current state: ready
[2025-07-07 11:48:02,579] [INFO] [_sm_handler.py::43] Current state: ready
[2025-07-07 11:48:02,581] [INFO] [_sm_handler.py::43] Current state: ready
[2025-07-07 11:48:02,582] [INFO] [_sm_handler.py::43] Current state: ready
[2025-07-07 11:48:02,584] [INFO] [_sm_handler.py::43] Current state: ready
[2025-07-07 11:48:02,586] [INFO] [_sm_handler.py::43] Current state: ready
[2025-07-07 11:48:02,610] [INFO] [_sm_handler.py::43] Current state: ready
[2025-07-07 11:48:02,628] [INFO] [_sm_handler.py::43] Current state: ready
[2025-07-07 11:48:02,630] [INFO] [_sm_handler.py::43] Current state: ready
[2025-07-07 11:48:02,632] [INFO] [_sm_handler.py::43] Current state: ready
[2025-07-07 11:48:02,634] [INFO] [_sm_handler.py::43] Current state: ready
[2025-07-07 11:48:02,636] [INFO] [_sm_handler.py::43] Current state: ready
[2025-07-07 11:48:02,637] [INFO] [_sm_handler.py::43] Current state: ready
[2025-07-07 11:48:02,639] [INFO] [_sm_handler.py::43] Current state: ready
[2025-07-07 11:48:02,663] [INFO] [_sm_handler.py::43] Current state: ready
[2025-07-07 11:48:02,680] [INFO] [_sm_handler.py::43] Current state: ready
[2025-07-07 11:48:02,682] [INFO] [_sm_handler.py::43] Current state: ready
[2025-07-07 11:48:02,684] [INFO] [_sm_handler.py::43] Current state: ready
[2025-07-07 11:48:02,686] [INFO] [_sm_handler.py::43] Current state: ready
[2025-07-07 11:48:02,688] [INFO] [_sm_handler.py::43] Current state: ready
[2025-07-07 11:48:02,690] [INFO] [_sm_handler.py::43] Current state: ready
[2025-07-07 11:48:02,692] [INFO] [_sm_handler.py::43] Current state: ready
[2025-07-07 11:48:02,716] [INFO] [_sm_handler.py::43] Current state: ready
[2025-07-07 11:48:02,733] [INFO] [_sm_handler.py::43] Current state: ready
[2025-07-07 11:48:02,735] [INFO] [_sm_handler.py::43] Current state: ready
[2025-07-07 11:48:02,737] [INFO] [_sm_handler.py::43] Current state: ready
[2025-07-07 11:48:02,739] [INFO] [_sm_handler.py::43] Current state: ready
[2025-07-07 11:48:02,741] [INFO] [_sm_handler.py::43] Current state: ready
[2025-07-07 11:48:02,742] [INFO] [_sm_handler.py::43] Current state: ready
[2025-07-07 11:48:02,744] [INFO] [_sm_handler.py::43] Current state: ready
[2025-07-07 11:48:02,768] [INFO] [_sm_handler.py::43] Current state: ready
[2025-07-07 11:48:02,786] [INFO] [_sm_handler.py::43] Current state: ready
[2025-07-07 11:48:02,788] [INFO] [_sm_handler.py::43] Current state: ready
[2025-07-07 11:48:02,790] [INFO] [_sm_handler.py::43] Current state: ready
[2025-07-07 11:48:02,792] [INFO] [_sm_handler.py::43] Current state: ready
[2025-07-07 11:48:02,794] [INFO] [_sm_handler.py::43] Current state: ready
[2025-07-07 11:48:02,795] [INFO] [_sm_handler.py::43] Current state: ready
[2025-07-07 11:48:02,797] [INFO] [_sm_handler.py::43] Current state: ready
[2025-07-07 11:48:02,821] [INFO] [_sm_handler.py::43] Current state: ready
[2025-07-07 11:48:02,838] [INFO] [_sm_handler.py::43] Current state: ready
[2025-07-07 11:48:02,841] [INFO] [_sm_handler.py::43] Current state: ready
[2025-07-07 11:48:02,842] [INFO] [_sm_handler.py::43] Current state: ready
[2025-07-07 11:48:02,844] [INFO] [_sm_handler.py::43] Current state: ready
[2025-07-07 11:48:02,846] [INFO] [_sm_handler.py::43] Current state: ready
[2025-07-07 11:48:02,848] [INFO] [_sm_handler.py::43] Current state: ready
[2025-07-07 11:48:02,850] [INFO] [_sm_handler.py::43] Current state: ready
[2025-07-07 11:48:02,875] [INFO] [_sm_handler.py::43] Current state: ready
[2025-07-07 11:48:02,891] [INFO] [_sm_handler.py::43] Current state: ready
[2025-07-07 11:48:02,894] [INFO] [_sm_handler.py::43] Current state: ready
[2025-07-07 11:48:02,896] [INFO] [_sm_handler.py::43] Current state: ready
[2025-07-07 11:48:02,898] [INFO] [_sm_handler.py::43] Current state: ready
[2025-07-07 11:48:02,900] [INFO] [_sm_handler.py::43] Current state: ready
[2025-07-07 11:48:02,901] [INFO] [_sm_handler.py::43] Current state: ready
[2025-07-07 11:48:02,903] [INFO] [_sm_handler.py::43] Current state: ready
[2025-07-07 11:48:02,928] [INFO] [_sm_handler.py::43] Current state: ready
[2025-07-07 11:48:02,944] [INFO] [_sm_handler.py::43] Current state: ready
[2025-07-07 11:48:02,947] [INFO] [_sm_handler.py::43] Current state: ready
[2025-07-07 11:48:02,949] [INFO] [_sm_handler.py::43] Current state: ready
[2025-07-07 11:48:02,951] [INFO] [_sm_handler.py::43] Current state: ready
[2025-07-07 11:48:02,953] [INFO] [_sm_handler.py::43] Current state: ready
[2025-07-07 11:48:02,954] [INFO] [_sm_handler.py::43] Current state: ready
[2025-07-07 11:48:02,956] [INFO] [_sm_handler.py::43] Current state: ready
[2025-07-07 11:48:02,980] [INFO] [_sm_handler.py::43] Current state: ready
[2025-07-07 11:48:02,998] [INFO] [_sm_handler.py::43] Current state: ready
[2025-07-07 11:48:03,000] [INFO] [_sm_handler.py::43] Current state: ready
[2025-07-07 11:48:03,002] [INFO] [_sm_handler.py::43] Current state: ready
[2025-07-07 11:48:03,004] [INFO] [_sm_handler.py::43] Current state: ready
[2025-07-07 11:48:03,005] [INFO] [_sm_handler.py::43] Current state: ready
[2025-07-07 11:48:03,007] [INFO] [_sm_handler.py::43] Current state: ready
[2025-07-07 11:48:03,009] [INFO] [_sm_handler.py::43] Current state: ready
[2025-07-07 11:48:03,033] [INFO] [_sm_handler.py::43] Current state: ready
[2025-07-07 11:48:03,050] [INFO] [_sm_handler.py::43] Current state: ready
[2025-07-07 11:48:03,053] [INFO] [_sm_handler.py::43] Current state: ready
[2025-07-07 11:48:03,054] [INFO] [_sm_handler.py::43] Current state: ready
[2025-07-07 11:48:03,056] [INFO] [_sm_handler.py::43] Current state: ready
[2025-07-07 11:48:03,058] [INFO] [_sm_handler.py::43] Current state: ready
[2025-07-07 11:48:03,060] [INFO] [_sm_handler.py::43] Current state: ready
[2025-07-07 11:48:03,062] [INFO] [_sm_handler.py::43] Current state: ready
[2025-07-07 11:48:03,086] [INFO] [_sm_handler.py::43] Current state: ready
[2025-07-07 11:48:03,103] [INFO] [_sm_handler.py::43] Current state: ready
[2025-07-07 11:48:03,105] [INFO] [_sm_handler.py::43] Current state: ready
[2025-07-07 11:48:03,107] [INFO] [_sm_handler.py::43] Current state: ready
[2025-07-07 11:48:03,109] [INFO] [_sm_handler.py::43] Current state: ready
[2025-07-07 11:48:03,111] [INFO] [_sm_handler.py::43] Current state: ready
[2025-07-07 11:48:03,112] [INFO] [_sm_handler.py::43] Current state: ready
[2025-07-07 11:48:03,114] [INFO] [_sm_handler.py::43] Current state: ready
[2025-07-07 11:48:03,138] [INFO] [_sm_handler.py::43] Current state: ready
[2025-07-07 11:48:03,156] [INFO] [_sm_handler.py::43] Current state: ready
[2025-07-07 11:48:03,158] [INFO] [_sm_handler.py::43] Current state: ready
[2025-07-07 11:48:03,160] [INFO] [_sm_handler.py::43] Current state: ready
[2025-07-07 11:48:03,162] [INFO] [_sm_handler.py::43] Current state: ready
[2025-07-07 11:48:03,163] [INFO] [_sm_handler.py::43] Current state: ready
[2025-07-07 11:48:03,165] [INFO] [_sm_handler.py::43] Current state: ready
[2025-07-07 11:48:03,167] [INFO] [_sm_handler.py::43] Current state: ready
[2025-07-07 11:48:03,191] [INFO] [_sm_handler.py::43] Current state: ready
[2025-07-07 11:48:03,208] [INFO] [_sm_handler.py::43] Current state: ready
[2025-07-07 11:48:03,210] [INFO] [_sm_handler.py::43] Current state: ready
[2025-07-07 11:48:03,212] [INFO] [_sm_handler.py::43] Current state: ready
[2025-07-07 11:48:03,214] [INFO] [_sm_handler.py::43] Current state: ready
[2025-07-07 11:48:03,216] [INFO] [_sm_handler.py::43] Current state: ready
[2025-07-07 11:48:03,218] [INFO] [_sm_handler.py::43] Current state: ready
[2025-07-07 11:48:03,220] [INFO] [_sm_handler.py::43] Current state: ready
[2025-07-07 11:48:03,244] [INFO] [_sm_handler.py::43] Current state: ready
[2025-07-07 11:48:03,261] [INFO] [_sm_handler.py::43] Current state: ready
[2025-07-07 11:48:03,263] [INFO] [_sm_handler.py::43] Current state: ready
[2025-07-07 11:48:03,265] [INFO] [_sm_handler.py::43] Current state: ready
[2025-07-07 11:48:03,266] [INFO] [_sm_handler.py::43] Current state: ready
[2025-07-07 11:48:03,268] [INFO] [_sm_handler.py::43] Current state: ready
[2025-07-07 11:48:03,270] [INFO] [_sm_handler.py::43] Current state: ready
[2025-07-07 11:48:03,272] [INFO] [_sm_handler.py::43] Current state: ready
[2025-07-07 11:48:03,296] [INFO] [_sm_handler.py::43] Current state: ready
[2025-07-07 11:48:03,313] [INFO] [_sm_handler.py::43] Current state: ready
[2025-07-07 11:48:03,315] [INFO] [_sm_handler.py::43] Current state: ready
[2025-07-07 11:48:03,317] [INFO] [_sm_handler.py::43] Current state: ready
[2025-07-07 11:48:03,319] [INFO] [_sm_handler.py::43] Current state: ready
[2025-07-07 11:48:03,321] [INFO] [_sm_handler.py::43] Current state: ready
[2025-07-07 11:48:03,323] [INFO] [_sm_handler.py::43] Current state: ready
[2025-07-07 11:48:03,325] [INFO] [_sm_handler.py::43] Current state: ready
[2025-07-07 11:48:03,349] [INFO] [_sm_handler.py::43] Current state: ready
[2025-07-07 11:48:03,365] [INFO] [_sm_handler.py::43] Current state: ready
[2025-07-07 11:48:03,367] [INFO] [_sm_handler.py::43] Current state: ready
[2025-07-07 11:48:03,369] [INFO] [_sm_handler.py::43] Current state: ready
[2025-07-07 11:48:03,372] [INFO] [_sm_handler.py::43] Current state: ready
[2025-07-07 11:48:03,374] [INFO] [_sm_handler.py::43] Current state: ready
[2025-07-07 11:48:03,376] [INFO] [_sm_handler.py::43] Current state: ready
[2025-07-07 11:48:03,378] [INFO] [_sm_handler.py::43] Current state: ready
[2025-07-07 11:48:03,402] [INFO] [_sm_handler.py::43] Current state: ready
[2025-07-07 11:48:03,418] [INFO] [_sm_handler.py::43] Current state: ready
[2025-07-07 11:48:03,420] [INFO] [_sm_handler.py::43] Current state: ready
[2025-07-07 11:48:03,422] [INFO] [_sm_handler.py::43] Current state: ready
[2025-07-07 11:48:03,425] [INFO] [_sm_handler.py::43] Current state: ready
[2025-07-07 11:48:03,427] [INFO] [_sm_handler.py::43] Current state: ready
[2025-07-07 11:48:03,429] [INFO] [_sm_handler.py::43] Current state: ready
[2025-07-07 11:48:03,431] [INFO] [_sm_handler.py::43] Current state: ready
[2025-07-07 11:48:03,455] [INFO] [_sm_handler.py::43] Current state: ready
[2025-07-07 11:48:03,471] [INFO] [_sm_handler.py::43] Current state: ready
[2025-07-07 11:48:03,473] [INFO] [_sm_handler.py::43] Current state: ready
[2025-07-07 11:48:03,475] [INFO] [_sm_handler.py::43] Current state: ready
[2025-07-07 11:48:03,478] [INFO] [_sm_handler.py::43] Current state: ready
[2025-07-07 11:48:03,480] [INFO] [_sm_handler.py::43] Current state: ready
[2025-07-07 11:48:03,482] [INFO] [_sm_handler.py::43] Current state: ready
[2025-07-07 11:48:03,483] [INFO] [_sm_handler.py::43] Current state: ready
[2025-07-07 11:48:03,508] [INFO] [_sm_handler.py::43] Current state: ready
[2025-07-07 11:48:03,524] [INFO] [_sm_handler.py::43] Current state: ready
[2025-07-07 11:48:03,527] [INFO] [_sm_handler.py::43] Current state: ready
[2025-07-07 11:48:03,529] [INFO] [_sm_handler.py::43] Current state: ready
[2025-07-07 11:48:03,530] [INFO] [_sm_handler.py::43] Current state: ready
[2025-07-07 11:48:03,532] [INFO] [_sm_handler.py::43] Current state: ready
[2025-07-07 11:48:03,534] [INFO] [_sm_handler.py::43] Current state: ready
[2025-07-07 11:48:03,536] [INFO] [_sm_handler.py::43] Current state: ready
[2025-07-07 11:48:03,561] [INFO] [_sm_handler.py::43] Current state: ready
[2025-07-07 11:48:03,577] [INFO] [_sm_handler.py::43] Current state: ready
[2025-07-07 11:48:03,579] [INFO] [_sm_handler.py::43] Current state: ready
[2025-07-07 11:48:03,581] [INFO] [_sm_handler.py::43] Current state: ready
[2025-07-07 11:48:03,583] [INFO] [_sm_handler.py::43] Current state: ready
[2025-07-07 11:48:03,585] [INFO] [_sm_handler.py::43] Current state: ready
[2025-07-07 11:48:03,587] [INFO] [_sm_handler.py::43] Current state: ready
[2025-07-07 11:48:03,588] [INFO] [_sm_handler.py::43] Current state: ready
[2025-07-07 11:48:03,613] [INFO] [_sm_handler.py::43] Current state: ready
[2025-07-07 11:48:03,630] [INFO] [_sm_handler.py::43] Current state: ready
[2025-07-07 11:48:03,632] [INFO] [_sm_handler.py::43] Current state: ready
[2025-07-07 11:48:03,634] [INFO] [_sm_handler.py::43] Current state: ready
[2025-07-07 11:48:03,636] [INFO] [_sm_handler.py::43] Current state: ready
[2025-07-07 11:48:03,638] [INFO] [_sm_handler.py::43] Current state: ready
[2025-07-07 11:48:03,640] [INFO] [_sm_handler.py::43] Current state: ready
[2025-07-07 11:48:03,641] [INFO] [_sm_handler.py::43] Current state: ready
[2025-07-07 11:48:03,666] [INFO] [_sm_handler.py::43] Current state: ready
[2025-07-07 11:48:03,683] [INFO] [_sm_handler.py::43] Current state: ready
[2025-07-07 11:48:03,685] [INFO] [_sm_handler.py::43] Current state: ready
[2025-07-07 11:48:03,687] [INFO] [_sm_handler.py::43] Current state: ready
[2025-07-07 11:48:03,689] [INFO] [_sm_handler.py::43] Current state: ready
[2025-07-07 11:48:03,690] [INFO] [_sm_handler.py::43] Current state: ready
[2025-07-07 11:48:03,692] [INFO] [_sm_handler.py::43] Current state: ready
[2025-07-07 11:48:03,694] [INFO] [_sm_handler.py::43] Current state: ready
[2025-07-07 11:48:03,719] [INFO] [_sm_handler.py::43] Current state: ready
[2025-07-07 11:48:03,735] [INFO] [_sm_handler.py::43] Current state: ready
[2025-07-07 11:48:03,737] [INFO] [_sm_handler.py::43] Current state: ready
[2025-07-07 11:48:03,739] [INFO] [_sm_handler.py::43] Current state: ready
[2025-07-07 11:48:03,741] [INFO] [_sm_handler.py::43] Current state: ready
[2025-07-07 11:48:03,743] [INFO] [_sm_handler.py::43] Current state: ready
[2025-07-07 11:48:03,745] [INFO] [_sm_handler.py::43] Current state: ready
[2025-07-07 11:48:03,747] [INFO] [_sm_handler.py::43] Current state: ready
[2025-07-07 11:48:03,772] [INFO] [_sm_handler.py::43] Current state: ready
[2025-07-07 11:48:03,788] [INFO] [_sm_handler.py::43] Current state: ready
[2025-07-07 11:48:03,790] [INFO] [_sm_handler.py::43] Current state: ready
[2025-07-07 11:48:03,792] [INFO] [_sm_handler.py::43] Current state: ready
[2025-07-07 11:48:03,794] [INFO] [_sm_handler.py::43] Current state: ready
[2025-07-07 11:48:03,796] [INFO] [_sm_handler.py::43] Current state: ready
[2025-07-07 11:48:03,798] [INFO] [_sm_handler.py::43] Current state: ready
[2025-07-07 11:48:03,799] [INFO] [_sm_handler.py::43] Current state: ready
[2025-07-07 11:48:03,824] [INFO] [_sm_handler.py::43] Current state: ready
[2025-07-07 11:48:03,841] [INFO] [_sm_handler.py::43] Current state: ready
[2025-07-07 11:48:03,844] [INFO] [_sm_handler.py::43] Current state: ready
[2025-07-07 11:48:03,848] [INFO] [_sm_handler.py::43] Current state: ready
[2025-07-07 11:48:03,852] [INFO] [_sm_handler.py::43] Current state: ready
[2025-07-07 11:48:03,856] [INFO] [_sm_handler.py::43] Current state: ready
[2025-07-07 11:48:03,860] [INFO] [_sm_handler.py::43] Current state: ready
[2025-07-07 11:48:03,863] [INFO] [_sm_handler.py::43] Current state: ready
[2025-07-07 11:48:03,877] [INFO] [_sm_handler.py::43] Current state: ready
[2025-07-07 11:48:03,894] [INFO] [_sm_handler.py::43] Current state: ready
[2025-07-07 11:48:03,899] [INFO] [_sm_handler.py::43] Current state: ready
[2025-07-07 11:48:03,903] [INFO] [_sm_handler.py::43] Current state: ready
[2025-07-07 11:48:03,907] [INFO] [_sm_handler.py::43] Current state: ready
[2025-07-07 11:48:03,911] [INFO] [_sm_handler.py::43] Current state: ready
[2025-07-07 11:48:03,914] [INFO] [_sm_handler.py::43] Current state: ready
[2025-07-07 11:48:03,918] [INFO] [_sm_handler.py::43] Current state: ready
[2025-07-07 11:48:03,930] [INFO] [_sm_handler.py::43] Current state: ready
[2025-07-07 11:48:03,947] [INFO] [_sm_handler.py::43] Current state: ready
[2025-07-07 11:48:03,952] [INFO] [_sm_handler.py::43] Current state: ready
[2025-07-07 11:48:03,956] [INFO] [_sm_handler.py::43] Current state: ready
[2025-07-07 11:48:03,960] [INFO] [_sm_handler.py::43] Current state: ready
[2025-07-07 11:48:03,964] [INFO] [_sm_handler.py::43] Current state: ready
[2025-07-07 11:48:03,969] [INFO] [_sm_handler.py::43] Current state: ready
[2025-07-07 11:48:03,972] [INFO] [_sm_handler.py::43] Current state: ready
[2025-07-07 11:48:03,983] [INFO] [_sm_handler.py::43] Current state: ready
[2025-07-07 11:48:04,000] [INFO] [_sm_handler.py::43] Current state: ready
[2025-07-07 11:48:04,005] [INFO] [_sm_handler.py::43] Current state: ready
[2025-07-07 11:48:04,009] [INFO] [_sm_handler.py::43] Current state: ready
[2025-07-07 11:48:04,013] [INFO] [_sm_handler.py::43] Current state: ready
[2025-07-07 11:48:04,017] [INFO] [_sm_handler.py::43] Current state: ready
[2025-07-07 11:48:04,022] [INFO] [_sm_handler.py::43] Current state: ready
[2025-07-07 11:48:04,025] [INFO] [_sm_handler.py::43] Current state: ready
[2025-07-07 11:48:04,036] [INFO] [_sm_handler.py::43] Current state: ready
[2025-07-07 11:48:04,052] [INFO] [_sm_handler.py::43] Current state: ready
[2025-07-07 11:48:04,057] [INFO] [_sm_handler.py::43] Current state: ready
[2025-07-07 11:48:04,061] [INFO] [_sm_handler.py::43] Current state: ready
[2025-07-07 11:48:04,065] [INFO] [_sm_handler.py::43] Current state: ready
[2025-07-07 11:48:04,070] [INFO] [_sm_handler.py::43] Current state: ready
[2025-07-07 11:48:04,075] [INFO] [_sm_handler.py::43] Current state: ready
[2025-07-07 11:48:04,078] [INFO] [_sm_handler.py::43] Current state: ready
[2025-07-07 11:48:04,089] [INFO] [_sm_handler.py::43] Current state: ready
[2025-07-07 11:48:04,105] [INFO] [_sm_handler.py::43] Current state: ready
[2025-07-07 11:48:04,110] [INFO] [_sm_handler.py::43] Current state: ready
[2025-07-07 11:48:04,114] [INFO] [_sm_handler.py::43] Current state: ready
[2025-07-07 11:48:04,118] [INFO] [_sm_handler.py::43] Current state: ready
[2025-07-07 11:48:04,123] [INFO] [_sm_handler.py::43] Current state: ready
[2025-07-07 11:48:04,128] [INFO] [_sm_handler.py::43] Current state: ready
[2025-07-07 11:48:04,130] [INFO] [_sm_handler.py::43] Current state: ready
[2025-07-07 11:48:04,142] [INFO] [_sm_handler.py::43] Current state: ready
[2025-07-07 11:48:04,157] [INFO] [_sm_handler.py::43] Current state: ready
[2025-07-07 11:48:04,164] [INFO] [_sm_handler.py::43] Current state: ready
[2025-07-07 11:48:04,166] [INFO] [_sm_handler.py::43] Current state: ready
[2025-07-07 11:48:04,171] [INFO] [_sm_handler.py::43] Current state: ready
[2025-07-07 11:48:04,176] [INFO] [_sm_handler.py::43] Current state: ready
[2025-07-07 11:48:04,181] [INFO] [_sm_handler.py::43] Current state: ready
[2025-07-07 11:48:04,183] [INFO] [_sm_handler.py::43] Current state: ready
[2025-07-07 11:48:04,195] [INFO] [_sm_handler.py::43] Current state: ready
[2025-07-07 11:48:04,210] [INFO] [_sm_handler.py::43] Current state: ready
[2025-07-07 11:48:04,216] [INFO] [_sm_handler.py::43] Current state: ready
[2025-07-07 11:48:04,218] [INFO] [_sm_handler.py::43] Current state: ready
[2025-07-07 11:48:04,224] [INFO] [_sm_handler.py::43] Current state: ready
[2025-07-07 11:48:04,229] [INFO] [_sm_handler.py::43] Current state: ready
[2025-07-07 11:48:04,233] [INFO] [_sm_handler.py::43] Current state: ready
[2025-07-07 11:48:04,235] [INFO] [_sm_handler.py::43] Current state: ready
[2025-07-07 11:48:04,247] [INFO] [_sm_handler.py::43] Current state: ready
[2025-07-07 11:48:04,262] [INFO] [_sm_handler.py::43] Current state: ready
[2025-07-07 11:48:04,269] [INFO] [_sm_handler.py::43] Current state: ready
[2025-07-07 11:48:04,271] [INFO] [_sm_handler.py::43] Current state: ready
[2025-07-07 11:48:04,276] [INFO] [_sm_handler.py::43] Current state: ready
[2025-07-07 11:48:04,281] [INFO] [_sm_handler.py::43] Current state: ready
[2025-07-07 11:48:04,286] [INFO] [_sm_handler.py::43] Current state: ready
[2025-07-07 11:48:04,288] [INFO] [_sm_handler.py::43] Current state: ready
[2025-07-07 11:48:04,300] [INFO] [_sm_handler.py::43] Current state: ready
[2025-07-07 11:48:04,315] [INFO] [_sm_handler.py::43] Current state: ready
[2025-07-07 11:48:04,322] [INFO] [_sm_handler.py::43] Current state: ready
[2025-07-07 11:48:04,324] [INFO] [_sm_handler.py::43] Current state: ready
[2025-07-07 11:48:04,329] [INFO] [_sm_handler.py::43] Current state: ready
[2025-07-07 11:48:04,334] [INFO] [_sm_handler.py::43] Current state: ready
[2025-07-07 11:48:04,339] [INFO] [_sm_handler.py::43] Current state: ready
[2025-07-07 11:48:04,341] [INFO] [_sm_handler.py::43] Current state: ready
[2025-07-07 11:48:04,353] [INFO] [_sm_handler.py::43] Current state: ready
[2025-07-07 11:48:04,368] [INFO] [_sm_handler.py::43] Current state: ready
[2025-07-07 11:48:04,374] [INFO] [_sm_handler.py::43] Current state: ready
[2025-07-07 11:48:04,377] [INFO] [_sm_handler.py::43] Current state: ready
[2025-07-07 11:48:04,382] [INFO] [_sm_handler.py::43] Current state: ready
[2025-07-07 11:48:04,387] [INFO] [_sm_handler.py::43] Current state: ready
[2025-07-07 11:48:04,391] [INFO] [_sm_handler.py::43] Current state: ready
[2025-07-07 11:48:04,393] [INFO] [_sm_handler.py::43] Current state: ready
[2025-07-07 11:48:04,405] [INFO] [_sm_handler.py::43] Current state: ready
[2025-07-07 11:48:04,420] [INFO] [_sm_handler.py::43] Current state: ready
[2025-07-07 11:48:04,428] [INFO] [_sm_handler.py::43] Current state: ready
[2025-07-07 11:48:04,431] [INFO] [_sm_handler.py::43] Current state: ready
[2025-07-07 11:48:04,435] [INFO] [_sm_handler.py::43] Current state: ready
[2025-07-07 11:48:04,440] [INFO] [_sm_handler.py::43] Current state: ready
[2025-07-07 11:48:04,444] [INFO] [_sm_handler.py::43] Current state: ready
[2025-07-07 11:48:04,447] [INFO] [_sm_handler.py::43] Current state: ready
[2025-07-07 11:48:04,458] [INFO] [_sm_handler.py::43] Current state: ready
[2025-07-07 11:48:04,475] [INFO] [_sm_handler.py::43] Current state: ready
[2025-07-07 11:48:04,481] [INFO] [_sm_handler.py::43] Current state: ready
[2025-07-07 11:48:04,486] [INFO] [_sm_handler.py::43] Current state: ready
[2025-07-07 11:48:04,490] [INFO] [_sm_handler.py::43] Current state: ready
[2025-07-07 11:48:04,493] [INFO] [_sm_handler.py::43] Current state: ready
[2025-07-07 11:48:04,497] [INFO] [_sm_handler.py::43] Current state: ready
[2025-07-07 11:48:04,501] [INFO] [_sm_handler.py::43] Current state: ready
[2025-07-07 11:48:04,511] [INFO] [_sm_handler.py::43] Current state: ready
[2025-07-07 11:48:04,528] [INFO] [_sm_handler.py::43] Current state: ready
[2025-07-07 11:48:04,534] [INFO] [_sm_handler.py::43] Current state: ready
[2025-07-07 11:48:04,539] [INFO] [_sm_handler.py::43] Current state: ready
[2025-07-07 11:48:04,543] [INFO] [_sm_handler.py::43] Current state: ready
[2025-07-07 11:48:04,547] [INFO] [_sm_handler.py::43] Current state: ready
[2025-07-07 11:48:04,551] [INFO] [_sm_handler.py::43] Current state: ready
[2025-07-07 11:48:04,555] [INFO] [_sm_handler.py::43] Current state: ready
[2025-07-07 11:48:04,563] [INFO] [_sm_handler.py::43] Current state: ready
[2025-07-07 11:48:04,581] [INFO] [_sm_handler.py::43] Current state: ready
[2025-07-07 11:48:04,587] [INFO] [_sm_handler.py::43] Current state: ready
[2025-07-07 11:48:04,591] [INFO] [_sm_handler.py::43] Current state: ready
[2025-07-07 11:48:04,596] [INFO] [_sm_handler.py::43] Current state: ready
[2025-07-07 11:48:04,599] [INFO] [_sm_handler.py::43] Current state: ready
[2025-07-07 11:48:04,604] [INFO] [_sm_handler.py::43] Current state: ready
[2025-07-07 11:48:04,608] [INFO] [_sm_handler.py::43] Current state: ready
[2025-07-07 11:48:04,616] [INFO] [_sm_handler.py::43] Current state: ready
[2025-07-07 11:48:04,633] [INFO] [_sm_handler.py::43] Current state: ready
[2025-07-07 11:48:04,640] [INFO] [_sm_handler.py::43] Current state: ready
[2025-07-07 11:48:04,644] [INFO] [_sm_handler.py::43] Current state: ready
[2025-07-07 11:48:04,649] [INFO] [_sm_handler.py::43] Current state: ready
[2025-07-07 11:48:04,652] [INFO] [_sm_handler.py::43] Current state: ready
[2025-07-07 11:48:04,657] [INFO] [_sm_handler.py::43] Current state: ready
[2025-07-07 11:48:04,661] [INFO] [_sm_handler.py::43] Current state: ready
[2025-07-07 11:48:04,669] [INFO] [_sm_handler.py::43] Current state: ready
[2025-07-07 11:48:04,687] [INFO] [_sm_handler.py::43] Current state: ready
[2025-07-07 11:48:04,693] [INFO] [_sm_handler.py::43] Current state: ready
[2025-07-07 11:48:04,697] [INFO] [_sm_handler.py::43] Current state: ready
[2025-07-07 11:48:04,702] [INFO] [_sm_handler.py::43] Current state: ready
[2025-07-07 11:48:04,704] [INFO] [_sm_handler.py::43] Current state: ready
[2025-07-07 11:48:04,710] [INFO] [_sm_handler.py::43] Current state: ready
[2025-07-07 11:48:04,714] [INFO] [_sm_handler.py::43] Current state: ready
[2025-07-07 11:48:04,721] [INFO] [_sm_handler.py::43] Current state: ready
[2025-07-07 11:48:04,739] [INFO] [_sm_handler.py::43] Current state: ready
[2025-07-07 11:48:04,746] [INFO] [_sm_handler.py::43] Current state: ready
[2025-07-07 11:48:04,750] [INFO] [_sm_handler.py::43] Current state: ready
[2025-07-07 11:48:04,755] [INFO] [_sm_handler.py::43] Current state: ready
[2025-07-07 11:48:04,757] [INFO] [_sm_handler.py::43] Current state: ready
[2025-07-07 11:48:04,762] [INFO] [_sm_handler.py::43] Current state: ready
[2025-07-07 11:48:04,767] [ERROR] [_edge_cluster_frontend_client.py::86] Error during execution: HTTPConnectionPool(host='172.21.0.1', port=1339): Read timed out. (read timeout=20)
[2025-07-07 11:48:04,767] [ERROR] [_device_runtime_state_machine.py::219] There was a request error. Detailed message: HTTPConnectionPool(host='172.21.0.1', port=1339): Read timed out. (read timeout=20)
[2025-07-07 11:48:04,768] [INFO] [_sm_handler.py::43] Current state: ready
[2025-07-07 11:48:04,774] [INFO] [_sm_handler.py::43] Current state: ready
[2025-07-07 11:48:04,792] [INFO] [_sm_handler.py::43] Current state: ready
[2025-07-07 11:48:04,798] [INFO] [_sm_handler.py::43] Current state: ready
[2025-07-07 11:48:04,802] [INFO] [_sm_handler.py::43] Current state: ready
[2025-07-07 11:48:04,807] [INFO] [_sm_handler.py::43] Current state: ready
[2025-07-07 11:48:04,810] [INFO] [_sm_handler.py::43] Current state: ready
[2025-07-07 11:48:04,816] [INFO] [_sm_handler.py::43] Current state: ready
[2025-07-07 11:48:04,819] [INFO] [_sm_handler.py::43] Current state: ready
[2025-07-07 11:48:04,820] [INFO] [_sm_handler.py::43] Current state: ready
[2025-07-07 11:48:04,827] [INFO] [_sm_handler.py::43] Current state: ready
[2025-07-07 11:48:04,845] [INFO] [_sm_handler.py::43] Current state: ready
[2025-07-07 11:48:04,850] [INFO] [_sm_handler.py::43] Current state: ready
[2025-07-07 11:48:04,855] [INFO] [_sm_handler.py::43] Current state: ready
[2025-07-07 11:48:04,860] [INFO] [_sm_handler.py::43] Current state: ready
[2025-07-07 11:48:04,863] [INFO] [_sm_handler.py::43] Current state: ready
[2025-07-07 11:48:04,868] [INFO] [_sm_handler.py::43] Current state: ready
[2025-07-07 11:48:04,873] [INFO] [_sm_handler.py::43] Current state: ready
[2025-07-07 11:48:04,880] [INFO] [_sm_handler.py::43] Current state: ready
[2025-07-07 11:48:04,882] [INFO] [_sm_handler.py::43] Current state: init
[2025-07-07 11:48:04,897] [INFO] [_sm_handler.py::43] Current state: ready
[2025-07-07 11:48:04,903] [INFO] [_sm_handler.py::43] Current state: ready
[2025-07-07 11:48:04,907] [INFO] [_sm_handler.py::43] Current state: ready
[2025-07-07 11:48:04,913] [INFO] [_sm_handler.py::43] Current state: ready
[2025-07-07 11:48:04,915] [INFO] [_sm_handler.py::43] Current state: ready
[2025-07-07 11:48:04,920] [INFO] [_sm_handler.py::43] Current state: ready
[2025-07-07 11:48:04,926] [INFO] [_sm_handler.py::43] Current state: ready
[2025-07-07 11:48:04,932] [INFO] [_sm_handler.py::43] Current state: ready
[2025-07-07 11:48:04,941] [INFO] [_sm_handler.py::43] Current state: send_init_request
[2025-07-07 11:48:04,950] [INFO] [_sm_handler.py::43] Current state: ready
[2025-07-07 11:48:04,956] [INFO] [_sm_handler.py::43] Current state: ready
[2025-07-07 11:48:04,961] [INFO] [_sm_handler.py::43] Current state: ready
[2025-07-07 11:48:04,966] [INFO] [_sm_handler.py::43] Current state: ready
[2025-07-07 11:48:04,968] [INFO] [_sm_handler.py::43] Current state: ready
[2025-07-07 11:48:04,973] [INFO] [_sm_handler.py::43] Current state: ready
[2025-07-07 11:48:04,978] [INFO] [_sm_handler.py::43] Current state: ready
[2025-07-07 11:48:04,986] [INFO] [_sm_handler.py::43] Current state: ready
[2025-07-07 11:48:05,003] [INFO] [_sm_handler.py::43] Current state: ready
[2025-07-07 11:48:05,006] [INFO] [_sm_handler.py::43] Current state: get_ecf_address
[2025-07-07 11:48:05,010] [INFO] [_sm_handler.py::43] Current state: ready
[2025-07-07 11:48:05,014] [INFO] [_sm_handler.py::43] Current state: ready
[2025-07-07 11:48:05,019] [INFO] [_sm_handler.py::43] Current state: ready
[2025-07-07 11:48:05,022] [INFO] [_sm_handler.py::43] Current state: ready
[2025-07-07 11:48:05,026] [INFO] [_sm_handler.py::43] Current state: ready
[2025-07-07 11:48:05,031] [INFO] [_sm_handler.py::43] Current state: ready
[2025-07-07 11:48:05,038] [INFO] [_sm_handler.py::43] Current state: ready
[2025-07-07 11:48:05,057] [INFO] [_sm_handler.py::43] Current state: ready
[2025-07-07 11:48:05,060] [INFO] [_sm_handler.py::43] Current state: ready
[2025-07-07 11:48:05,064] [INFO] [_sm_handler.py::43] Current state: ready
[2025-07-07 11:48:05,068] [INFO] [_sm_handler.py::43] Current state: ready
[2025-07-07 11:48:05,072] [INFO] [_sm_handler.py::43] Current state: ready
[2025-07-07 11:48:05,076] [INFO] [_sm_handler.py::43] Current state: ready
[2025-07-07 11:48:05,080] [INFO] [_sm_handler.py::43] Current state: ready
[2025-07-07 11:48:05,084] [INFO] [_sm_handler.py::43] Current state: ready
[2025-07-07 11:48:05,091] [INFO] [_sm_handler.py::43] Current state: ready
[2025-07-07 11:48:05,110] [INFO] [_sm_handler.py::43] Current state: ready
[2025-07-07 11:48:05,114] [INFO] [_sm_handler.py::43] Current state: ready
[2025-07-07 11:48:05,119] [INFO] [_sm_handler.py::43] Current state: ready
[2025-07-07 11:48:05,122] [INFO] [_sm_handler.py::43] Current state: ready
[2025-07-07 11:48:05,126] [INFO] [_sm_handler.py::43] Current state: ready
[2025-07-07 11:48:05,130] [INFO] [_sm_handler.py::43] Current state: ready
[2025-07-07 11:48:05,134] [INFO] [_sm_handler.py::43] Current state: ready
[2025-07-07 11:48:05,138] [INFO] [_sm_handler.py::43] Current state: ready
[2025-07-07 11:48:05,143] [INFO] [_sm_handler.py::43] Current state: ready
[2025-07-07 11:48:05,164] [INFO] [_sm_handler.py::43] Current state: ready
[2025-07-07 11:48:05,167] [INFO] [_sm_handler.py::43] Current state: ready
[2025-07-07 11:48:05,171] [INFO] [_sm_handler.py::43] Current state: ready
[2025-07-07 11:48:05,174] [INFO] [_sm_handler.py::43] Current state: ready
[2025-07-07 11:48:05,178] [INFO] [_sm_handler.py::43] Current state: ready
[2025-07-07 11:48:05,182] [INFO] [_sm_handler.py::43] Current state: ready
[2025-07-07 11:48:05,186] [INFO] [_sm_handler.py::43] Current state: ready
[2025-07-07 11:48:05,190] [INFO] [_sm_handler.py::43] Current state: ready
[2025-07-07 11:48:05,196] [INFO] [_sm_handler.py::43] Current state: ready
[2025-07-07 11:48:05,217] [INFO] [_sm_handler.py::43] Current state: ready
[2025-07-07 11:48:05,219] [INFO] [_sm_handler.py::43] Current state: ready
[2025-07-07 11:48:05,224] [INFO] [_sm_handler.py::43] Current state: ready
[2025-07-07 11:48:05,226] [INFO] [_sm_handler.py::43] Current state: ready
[2025-07-07 11:48:05,231] [INFO] [_sm_handler.py::43] Current state: ready
[2025-07-07 11:48:05,235] [INFO] [_sm_handler.py::43] Current state: ready
[2025-07-07 11:48:05,239] [INFO] [_sm_handler.py::43] Current state: ready
[2025-07-07 11:48:05,243] [INFO] [_sm_handler.py::43] Current state: ready
[2025-07-07 11:48:05,248] [INFO] [_sm_handler.py::43] Current state: ready
[2025-07-07 11:48:05,270] [INFO] [_sm_handler.py::43] Current state: ready
[2025-07-07 11:48:05,272] [INFO] [_sm_handler.py::43] Current state: ready
[2025-07-07 11:48:05,277] [INFO] [_sm_handler.py::43] Current state: ready
[2025-07-07 11:48:05,279] [INFO] [_sm_handler.py::43] Current state: ready
[2025-07-07 11:48:05,284] [INFO] [_sm_handler.py::43] Current state: ready
[2025-07-07 11:48:05,288] [INFO] [_sm_handler.py::43] Current state: ready
[2025-07-07 11:48:05,292] [INFO] [_sm_handler.py::43] Current state: ready
[2025-07-07 11:48:05,296] [INFO] [_sm_handler.py::43] Current state: ready
[2025-07-07 11:48:05,301] [INFO] [_sm_handler.py::43] Current state: ready
[2025-07-07 11:48:05,323] [INFO] [_sm_handler.py::43] Current state: ready
[2025-07-07 11:48:05,325] [INFO] [_sm_handler.py::43] Current state: ready
[2025-07-07 11:48:05,330] [INFO] [_sm_handler.py::43] Current state: ready
[2025-07-07 11:48:05,332] [INFO] [_sm_handler.py::43] Current state: ready
[2025-07-07 11:48:05,337] [INFO] [_sm_handler.py::43] Current state: ready
[2025-07-07 11:48:05,340] [INFO] [_sm_handler.py::43] Current state: ready
[2025-07-07 11:48:05,345] [INFO] [_sm_handler.py::43] Current state: ready
[2025-07-07 11:48:05,348] [INFO] [_sm_handler.py::43] Current state: ready
[2025-07-07 11:48:05,354] [INFO] [_sm_handler.py::43] Current state: ready
[2025-07-07 11:48:05,376] [INFO] [_sm_handler.py::43] Current state: ready
[2025-07-07 11:48:05,378] [INFO] [_sm_handler.py::43] Current state: ready
[2025-07-07 11:48:05,383] [INFO] [_sm_handler.py::43] Current state: ready
[2025-07-07 11:48:05,385] [INFO] [_sm_handler.py::43] Current state: ready
[2025-07-07 11:48:05,390] [INFO] [_sm_handler.py::43] Current state: ready
[2025-07-07 11:48:05,392] [INFO] [_sm_handler.py::43] Current state: ready
[2025-07-07 11:48:05,397] [INFO] [_sm_handler.py::43] Current state: ready
[2025-07-07 11:48:05,401] [INFO] [_sm_handler.py::43] Current state: ready
[2025-07-07 11:48:05,407] [INFO] [_sm_handler.py::43] Current state: ready
[2025-07-07 11:48:05,429] [INFO] [_sm_handler.py::43] Current state: ready
[2025-07-07 11:48:05,431] [INFO] [_sm_handler.py::43] Current state: ready
[2025-07-07 11:48:05,436] [INFO] [_sm_handler.py::43] Current state: ready
[2025-07-07 11:48:05,438] [INFO] [_sm_handler.py::43] Current state: ready
[2025-07-07 11:48:05,443] [INFO] [_sm_handler.py::43] Current state: ready
[2025-07-07 11:48:05,446] [INFO] [_sm_handler.py::43] Current state: ready
[2025-07-07 11:48:05,451] [INFO] [_sm_handler.py::43] Current state: ready
[2025-07-07 11:48:05,453] [INFO] [_sm_handler.py::43] Current state: ready
[2025-07-07 11:48:05,460] [INFO] [_sm_handler.py::43] Current state: ready
[2025-07-07 11:48:05,482] [INFO] [_sm_handler.py::43] Current state: ready
[2025-07-07 11:48:05,484] [INFO] [_sm_handler.py::43] Current state: ready
[2025-07-07 11:48:05,489] [INFO] [_sm_handler.py::43] Current state: ready
[2025-07-07 11:48:05,491] [INFO] [_sm_handler.py::43] Current state: ready
[2025-07-07 11:48:05,496] [INFO] [_sm_handler.py::43] Current state: ready
[2025-07-07 11:48:05,498] [INFO] [_sm_handler.py::43] Current state: ready
[2025-07-07 11:48:05,503] [INFO] [_sm_handler.py::43] Current state: ready
[2025-07-07 11:48:05,505] [INFO] [_sm_handler.py::43] Current state: ready
[2025-07-07 11:48:05,512] [INFO] [_sm_handler.py::43] Current state: ready
[2025-07-07 11:48:05,534] [INFO] [_sm_handler.py::43] Current state: ready
[2025-07-07 11:48:05,537] [INFO] [_sm_handler.py::43] Current state: ready
[2025-07-07 11:48:05,542] [INFO] [_sm_handler.py::43] Current state: ready
[2025-07-07 11:48:05,544] [INFO] [_sm_handler.py::43] Current state: ready
[2025-07-07 11:48:05,549] [INFO] [_sm_handler.py::43] Current state: ready
[2025-07-07 11:48:05,551] [INFO] [_sm_handler.py::43] Current state: ready
[2025-07-07 11:48:05,556] [INFO] [_sm_handler.py::43] Current state: ready
[2025-07-07 11:48:05,558] [INFO] [_sm_handler.py::43] Current state: ready
[2025-07-07 11:48:05,565] [INFO] [_sm_handler.py::43] Current state: ready
[2025-07-07 11:48:05,587] [INFO] [_sm_handler.py::43] Current state: ready
[2025-07-07 11:48:05,590] [INFO] [_sm_handler.py::43] Current state: ready
[2025-07-07 11:48:05,595] [INFO] [_sm_handler.py::43] Current state: ready
[2025-07-07 11:48:05,597] [INFO] [_sm_handler.py::43] Current state: ready
[2025-07-07 11:48:05,602] [INFO] [_sm_handler.py::43] Current state: ready
[2025-07-07 11:48:05,604] [INFO] [_sm_handler.py::43] Current state: ready
[2025-07-07 11:48:05,609] [INFO] [_sm_handler.py::43] Current state: ready
[2025-07-07 11:48:05,611] [INFO] [_sm_handler.py::43] Current state: ready
[2025-07-07 11:48:05,618] [INFO] [_sm_handler.py::43] Current state: ready
[2025-07-07 11:48:05,641] [INFO] [_sm_handler.py::43] Current state: ready
[2025-07-07 11:48:05,643] [INFO] [_sm_handler.py::43] Current state: ready
[2025-07-07 11:48:05,647] [INFO] [_sm_handler.py::43] Current state: ready
[2025-07-07 11:48:05,649] [INFO] [_sm_handler.py::43] Current state: ready
[2025-07-07 11:48:05,654] [INFO] [_sm_handler.py::43] Current state: ready
[2025-07-07 11:48:05,656] [INFO] [_sm_handler.py::43] Current state: ready
[2025-07-07 11:48:05,661] [INFO] [_sm_handler.py::43] Current state: ready
[2025-07-07 11:48:05,664] [INFO] [_sm_handler.py::43] Current state: ready
[2025-07-07 11:48:05,671] [INFO] [_sm_handler.py::43] Current state: ready
[2025-07-07 11:48:05,693] [INFO] [_sm_handler.py::43] Current state: ready
[2025-07-07 11:48:05,696] [INFO] [_sm_handler.py::43] Current state: ready
[2025-07-07 11:48:05,700] [INFO] [_sm_handler.py::43] Current state: ready
[2025-07-07 11:48:05,702] [INFO] [_sm_handler.py::43] Current state: ready
[2025-07-07 11:48:05,707] [INFO] [_sm_handler.py::43] Current state: ready
[2025-07-07 11:48:05,709] [INFO] [_sm_handler.py::43] Current state: ready
[2025-07-07 11:48:05,715] [INFO] [_sm_handler.py::43] Current state: ready
[2025-07-07 11:48:05,717] [INFO] [_sm_handler.py::43] Current state: ready
[2025-07-07 11:48:05,724] [INFO] [_sm_handler.py::43] Current state: ready
[2025-07-07 11:48:05,747] [INFO] [_sm_handler.py::43] Current state: ready
[2025-07-07 11:48:05,749] [INFO] [_sm_handler.py::43] Current state: ready
[2025-07-07 11:48:05,753] [INFO] [_sm_handler.py::43] Current state: ready
[2025-07-07 11:48:05,755] [INFO] [_sm_handler.py::43] Current state: ready
[2025-07-07 11:48:05,760] [INFO] [_sm_handler.py::43] Current state: ready
[2025-07-07 11:48:05,762] [INFO] [_sm_handler.py::43] Current state: ready
[2025-07-07 11:48:05,768] [INFO] [_sm_handler.py::43] Current state: ready
[2025-07-07 11:48:05,770] [INFO] [_sm_handler.py::43] Current state: ready
[2025-07-07 11:48:05,777] [INFO] [_sm_handler.py::43] Current state: ready
[2025-07-07 11:48:05,800] [INFO] [_sm_handler.py::43] Current state: ready
[2025-07-07 11:48:05,802] [INFO] [_sm_handler.py::43] Current state: ready
[2025-07-07 11:48:05,805] [INFO] [_sm_handler.py::43] Current state: ready
[2025-07-07 11:48:05,807] [INFO] [_sm_handler.py::43] Current state: ready
[2025-07-07 11:48:05,812] [INFO] [_sm_handler.py::43] Current state: ready
[2025-07-07 11:48:05,814] [INFO] [_sm_handler.py::43] Current state: ready
[2025-07-07 11:48:05,820] [INFO] [_sm_handler.py::43] Current state: ready
[2025-07-07 11:48:05,822] [INFO] [_sm_handler.py::43] Current state: ready
[2025-07-07 11:48:05,830] [INFO] [_sm_handler.py::43] Current state: ready
[2025-07-07 11:48:05,852] [INFO] [_sm_handler.py::43] Current state: ready
[2025-07-07 11:48:05,855] [INFO] [_sm_handler.py::43] Current state: ready
[2025-07-07 11:48:05,858] [INFO] [_sm_handler.py::43] Current state: ready
[2025-07-07 11:48:05,860] [INFO] [_sm_handler.py::43] Current state: ready
[2025-07-07 11:48:05,865] [INFO] [_sm_handler.py::43] Current state: ready
[2025-07-07 11:48:05,867] [INFO] [_sm_handler.py::43] Current state: ready
[2025-07-07 11:48:05,873] [INFO] [_sm_handler.py::43] Current state: ready
[2025-07-07 11:48:05,875] [INFO] [_sm_handler.py::43] Current state: ready
[2025-07-07 11:48:05,883] [INFO] [_sm_handler.py::43] Current state: ready
[2025-07-07 11:48:05,905] [INFO] [_sm_handler.py::43] Current state: ready
[2025-07-07 11:48:05,907] [INFO] [_sm_handler.py::43] Current state: ready
[2025-07-07 11:48:05,910] [INFO] [_sm_handler.py::43] Current state: ready
[2025-07-07 11:48:05,912] [INFO] [_sm_handler.py::43] Current state: ready
[2025-07-07 11:48:05,917] [INFO] [_sm_handler.py::43] Current state: ready
[2025-07-07 11:48:05,919] [INFO] [_sm_handler.py::43] Current state: ready
[2025-07-07 11:48:05,925] [INFO] [_sm_handler.py::43] Current state: ready
[2025-07-07 11:48:05,927] [INFO] [_sm_handler.py::43] Current state: ready
[2025-07-07 11:48:05,936] [INFO] [_sm_handler.py::43] Current state: ready
[2025-07-07 11:48:05,958] [INFO] [_sm_handler.py::43] Current state: ready
[2025-07-07 11:48:05,960] [INFO] [_sm_handler.py::43] Current state: ready
[2025-07-07 11:48:05,962] [INFO] [_sm_handler.py::43] Current state: ready
[2025-07-07 11:48:05,964] [INFO] [_sm_handler.py::43] Current state: ready
[2025-07-07 11:48:05,969] [INFO] [_sm_handler.py::43] Current state: ready
[2025-07-07 11:48:05,971] [INFO] [_sm_handler.py::43] Current state: ready
[2025-07-07 11:48:05,977] [INFO] [_sm_handler.py::43] Current state: ready
[2025-07-07 11:48:05,979] [INFO] [_sm_handler.py::43] Current state: ready
[2025-07-07 11:48:05,988] [INFO] [_sm_handler.py::43] Current state: ready
[2025-07-07 11:48:06,011] [INFO] [_sm_handler.py::43] Current state: ready
[2025-07-07 11:48:06,013] [INFO] [_sm_handler.py::43] Current state: ready
[2025-07-07 11:48:06,015] [INFO] [_sm_handler.py::43] Current state: ready
[2025-07-07 11:48:06,017] [INFO] [_sm_handler.py::43] Current state: ready
[2025-07-07 11:48:06,022] [INFO] [_sm_handler.py::43] Current state: ready
[2025-07-07 11:48:06,024] [INFO] [_sm_handler.py::43] Current state: ready
[2025-07-07 12:05:38,060] [INFO] [_sm_handler.py::43] Current state: init
[2025-07-07 12:05:38,062] [INFO] [device_runtime.py::83] DeviceRuntime initialized
[2025-07-07 12:05:38,119] [INFO] [_sm_handler.py::43] Current state: send_init_request
[2025-07-07 12:05:38,188] [INFO] [_sm_handler.py::43] Current state: get_ecf_address
[2025-07-07 12:05:38,240] [INFO] [_sm_handler.py::43] Current state: ready
[2025-07-07 12:05:38,292] [INFO] [_sm_handler.py::43] Current state: ready
[2025-07-07 12:05:38,344] [INFO] [_sm_handler.py::43] Current state: ready
[2025-07-07 12:05:38,396] [INFO] [_sm_handler.py::43] Current state: ready
[2025-07-07 12:05:38,449] [INFO] [_sm_handler.py::43] Current state: ready
[2025-07-07 12:05:38,501] [INFO] [_sm_handler.py::43] Current state: ready
[2025-07-07 12:05:38,553] [INFO] [_sm_handler.py::43] Current state: ready
[2025-07-07 12:05:38,605] [INFO] [_sm_handler.py::43] Current state: ready
[2025-07-07 12:05:38,657] [INFO] [_sm_handler.py::43] Current state: ready
[2025-07-07 12:05:38,709] [INFO] [_sm_handler.py::43] Current state: ready
[2025-07-07 12:05:38,761] [INFO] [_sm_handler.py::43] Current state: ready
[2025-07-07 12:05:38,813] [INFO] [_sm_handler.py::43] Current state: ready
[2025-07-07 12:05:38,865] [INFO] [_sm_handler.py::43] Current state: ready
[2025-07-07 12:05:38,917] [INFO] [_sm_handler.py::43] Current state: ready
[2025-07-07 12:05:38,969] [INFO] [_sm_handler.py::43] Current state: ready
[2025-07-07 12:05:39,022] [INFO] [_sm_handler.py::43] Current state: ready
[2025-07-07 12:05:39,035] [INFO] [_sm_handler.py::43] Current state: init
[2025-07-07 12:05:39,037] [INFO] [device_runtime.py::83] DeviceRuntime initialized
[2025-07-07 12:05:39,074] [INFO] [_sm_handler.py::43] Current state: ready
[2025-07-07 12:05:39,093] [INFO] [_sm_handler.py::43] Current state: send_init_request
[2025-07-07 12:05:39,157] [INFO] [_sm_handler.py::43] Current state: get_ecf_address
[2025-07-07 12:05:39,209] [INFO] [_sm_handler.py::43] Current state: ready
[2025-07-07 12:05:39,261] [INFO] [_sm_handler.py::43] Current state: ready
[2025-07-07 12:05:39,314] [INFO] [_sm_handler.py::43] Current state: ready
[2025-07-07 12:05:39,366] [INFO] [_sm_handler.py::43] Current state: ready
[2025-07-07 12:05:39,418] [INFO] [_sm_handler.py::43] Current state: ready
[2025-07-07 12:05:39,470] [INFO] [_sm_handler.py::43] Current state: ready
[2025-07-07 12:05:39,522] [INFO] [_sm_handler.py::43] Current state: ready
[2025-07-07 12:05:39,574] [INFO] [_sm_handler.py::43] Current state: ready
[2025-07-07 12:05:39,626] [INFO] [_sm_handler.py::43] Current state: ready
[2025-07-07 12:05:39,678] [INFO] [_sm_handler.py::43] Current state: ready
[2025-07-07 12:05:39,730] [INFO] [_sm_handler.py::43] Current state: ready
[2025-07-07 12:05:39,782] [INFO] [_sm_handler.py::43] Current state: ready
[2025-07-07 12:05:39,835] [INFO] [_sm_handler.py::43] Current state: ready
[2025-07-07 12:05:39,887] [INFO] [_sm_handler.py::43] Current state: ready
[2025-07-07 12:05:39,939] [INFO] [_sm_handler.py::43] Current state: ready
[2025-07-07 12:05:39,991] [INFO] [_sm_handler.py::43] Current state: ready
[2025-07-07 12:05:40,036] [INFO] [_sm_handler.py::43] Current state: init
[2025-07-07 12:05:40,038] [INFO] [device_runtime.py::83] DeviceRuntime initialized
[2025-07-07 12:05:40,043] [INFO] [_sm_handler.py::43] Current state: ready
[2025-07-07 12:05:40,098] [INFO] [_sm_handler.py::43] Current state: send_init_request
[2025-07-07 12:05:40,162] [INFO] [_sm_handler.py::43] Current state: get_ecf_address
[2025-07-07 12:05:40,214] [INFO] [_sm_handler.py::43] Current state: ready
[2025-07-07 12:05:40,266] [INFO] [_sm_handler.py::43] Current state: ready
[2025-07-07 12:05:40,318] [INFO] [_sm_handler.py::43] Current state: ready
[2025-07-07 12:05:40,370] [INFO] [_sm_handler.py::43] Current state: ready
[2025-07-07 12:05:40,422] [INFO] [_sm_handler.py::43] Current state: ready
[2025-07-07 12:05:40,475] [INFO] [_sm_handler.py::43] Current state: ready
[2025-07-07 12:05:40,527] [INFO] [_sm_handler.py::43] Current state: ready
[2025-07-07 12:05:40,578] [INFO] [_sm_handler.py::43] Current state: ready
[2025-07-07 12:05:40,630] [INFO] [_sm_handler.py::43] Current state: ready
[2025-07-07 12:05:40,683] [INFO] [_sm_handler.py::43] Current state: ready
[2025-07-07 12:05:40,735] [INFO] [_sm_handler.py::43] Current state: ready
[2025-07-07 12:05:40,787] [INFO] [_sm_handler.py::43] Current state: ready
[2025-07-07 12:05:40,839] [INFO] [_sm_handler.py::43] Current state: ready
[2025-07-07 12:05:40,891] [INFO] [_sm_handler.py::43] Current state: ready
[2025-07-07 12:05:40,943] [INFO] [_sm_handler.py::43] Current state: ready
[2025-07-07 12:05:40,995] [INFO] [_sm_handler.py::43] Current state: ready
[2025-07-07 12:05:41,037] [INFO] [_sm_handler.py::43] Current state: init
[2025-07-07 12:05:41,039] [INFO] [device_runtime.py::83] DeviceRuntime initialized
[2025-07-07 12:05:41,048] [INFO] [_sm_handler.py::43] Current state: ready
[2025-07-07 12:05:41,095] [INFO] [_sm_handler.py::43] Current state: send_init_request
[2025-07-07 12:05:41,159] [INFO] [_sm_handler.py::43] Current state: get_ecf_address
[2025-07-07 12:05:41,211] [INFO] [_sm_handler.py::43] Current state: ready
[2025-07-07 12:05:41,263] [INFO] [_sm_handler.py::43] Current state: ready
[2025-07-07 12:05:41,315] [INFO] [_sm_handler.py::43] Current state: ready
[2025-07-07 12:05:41,368] [INFO] [_sm_handler.py::43] Current state: ready
[2025-07-07 12:05:41,420] [INFO] [_sm_handler.py::43] Current state: ready
[2025-07-07 12:05:41,472] [INFO] [_sm_handler.py::43] Current state: ready
[2025-07-07 12:05:41,524] [INFO] [_sm_handler.py::43] Current state: ready
[2025-07-07 12:05:41,576] [INFO] [_sm_handler.py::43] Current state: ready
[2025-07-07 12:05:41,628] [INFO] [_sm_handler.py::43] Current state: ready
[2025-07-07 12:05:41,680] [INFO] [_sm_handler.py::43] Current state: ready
[2025-07-07 12:05:41,732] [INFO] [_sm_handler.py::43] Current state: ready
[2025-07-07 12:05:41,784] [INFO] [_sm_handler.py::43] Current state: ready
[2025-07-07 12:05:41,836] [INFO] [_sm_handler.py::43] Current state: ready
[2025-07-07 12:05:41,888] [INFO] [_sm_handler.py::43] Current state: ready
[2025-07-07 12:05:41,940] [INFO] [_sm_handler.py::43] Current state: ready
[2025-07-07 12:05:41,992] [INFO] [_sm_handler.py::43] Current state: ready
[2025-07-07 12:05:42,036] [INFO] [_sm_handler.py::43] Current state: init
[2025-07-07 12:05:42,038] [INFO] [device_runtime.py::83] DeviceRuntime initialized
[2025-07-07 12:05:42,045] [INFO] [_sm_handler.py::43] Current state: ready
[2025-07-07 12:05:42,094] [INFO] [_sm_handler.py::43] Current state: send_init_request
[2025-07-07 12:05:42,158] [INFO] [_sm_handler.py::43] Current state: get_ecf_address
[2025-07-07 12:05:42,210] [INFO] [_sm_handler.py::43] Current state: ready
[2025-07-07 12:05:42,262] [INFO] [_sm_handler.py::43] Current state: ready
[2025-07-07 12:05:42,314] [INFO] [_sm_handler.py::43] Current state: ready
[2025-07-07 12:05:42,366] [INFO] [_sm_handler.py::43] Current state: ready
[2025-07-07 12:05:42,418] [INFO] [_sm_handler.py::43] Current state: ready
[2025-07-07 12:05:42,470] [INFO] [_sm_handler.py::43] Current state: ready
[2025-07-07 12:05:42,522] [INFO] [_sm_handler.py::43] Current state: ready
[2025-07-07 12:05:42,574] [INFO] [_sm_handler.py::43] Current state: ready
[2025-07-07 12:05:42,626] [INFO] [_sm_handler.py::43] Current state: ready
[2025-07-07 12:05:42,678] [INFO] [_sm_handler.py::43] Current state: ready
[2025-07-07 12:05:42,730] [INFO] [_sm_handler.py::43] Current state: ready
[2025-07-07 12:05:42,782] [INFO] [_sm_handler.py::43] Current state: ready
[2025-07-07 12:05:42,834] [INFO] [_sm_handler.py::43] Current state: ready
[2025-07-07 12:05:42,886] [INFO] [_sm_handler.py::43] Current state: ready
[2025-07-07 12:05:42,938] [INFO] [_sm_handler.py::43] Current state: ready
[2025-07-07 12:05:42,990] [INFO] [_sm_handler.py::43] Current state: ready
[2025-07-07 12:05:43,035] [INFO] [_sm_handler.py::43] Current state: init
[2025-07-07 12:05:43,037] [INFO] [device_runtime.py::83] DeviceRuntime initialized
[2025-07-07 12:05:43,043] [INFO] [_sm_handler.py::43] Current state: ready
[2025-07-07 12:05:43,093] [INFO] [_sm_handler.py::43] Current state: send_init_request
[2025-07-07 12:05:43,157] [INFO] [_sm_handler.py::43] Current state: get_ecf_address
[2025-07-07 12:05:43,209] [INFO] [_sm_handler.py::43] Current state: ready
[2025-07-07 12:05:43,261] [INFO] [_sm_handler.py::43] Current state: ready
[2025-07-07 12:05:43,313] [INFO] [_sm_handler.py::43] Current state: ready
[2025-07-07 12:05:43,365] [INFO] [_sm_handler.py::43] Current state: ready
[2025-07-07 12:05:43,417] [INFO] [_sm_handler.py::43] Current state: ready
[2025-07-07 12:05:43,469] [INFO] [_sm_handler.py::43] Current state: ready
[2025-07-07 12:05:43,521] [INFO] [_sm_handler.py::43] Current state: ready
[2025-07-07 12:05:43,573] [INFO] [_sm_handler.py::43] Current state: ready
[2025-07-07 12:05:43,625] [INFO] [_sm_handler.py::43] Current state: ready
[2025-07-07 12:05:43,677] [INFO] [_sm_handler.py::43] Current state: ready
[2025-07-07 12:05:43,729] [INFO] [_sm_handler.py::43] Current state: ready
[2025-07-07 12:05:43,781] [INFO] [_sm_handler.py::43] Current state: ready
[2025-07-07 12:05:43,833] [INFO] [_sm_handler.py::43] Current state: ready
[2025-07-07 12:05:43,885] [INFO] [_sm_handler.py::43] Current state: ready
[2025-07-07 12:05:43,937] [INFO] [_sm_handler.py::43] Current state: ready
[2025-07-07 12:05:43,989] [INFO] [_sm_handler.py::43] Current state: ready
[2025-07-07 12:05:44,039] [INFO] [_sm_handler.py::43] Current state: init
[2025-07-07 12:05:44,041] [INFO] [device_runtime.py::83] DeviceRuntime initialized
[2025-07-07 12:05:44,041] [INFO] [_sm_handler.py::43] Current state: ready
[2025-07-07 12:05:44,099] [INFO] [_sm_handler.py::43] Current state: send_init_request
[2025-07-07 12:05:44,164] [INFO] [_sm_handler.py::43] Current state: get_ecf_address
[2025-07-07 12:05:44,216] [INFO] [_sm_handler.py::43] Current state: ready
[2025-07-07 12:05:44,268] [INFO] [_sm_handler.py::43] Current state: ready
[2025-07-07 12:05:44,320] [INFO] [_sm_handler.py::43] Current state: ready
[2025-07-07 12:05:44,372] [INFO] [_sm_handler.py::43] Current state: ready
[2025-07-07 12:05:44,424] [INFO] [_sm_handler.py::43] Current state: ready
[2025-07-07 12:05:44,476] [INFO] [_sm_handler.py::43] Current state: ready
[2025-07-07 12:05:44,528] [INFO] [_sm_handler.py::43] Current state: ready
[2025-07-07 12:05:44,580] [INFO] [_sm_handler.py::43] Current state: ready
[2025-07-07 12:05:44,632] [INFO] [_sm_handler.py::43] Current state: ready
[2025-07-07 12:05:44,684] [INFO] [_sm_handler.py::43] Current state: ready
[2025-07-07 12:05:44,736] [INFO] [_sm_handler.py::43] Current state: ready
[2025-07-07 12:05:44,788] [INFO] [_sm_handler.py::43] Current state: ready
[2025-07-07 12:05:44,840] [INFO] [_sm_handler.py::43] Current state: ready
[2025-07-07 12:05:44,892] [INFO] [_sm_handler.py::43] Current state: ready
[2025-07-07 12:05:44,945] [INFO] [_sm_handler.py::43] Current state: ready
[2025-07-07 12:05:44,997] [INFO] [_sm_handler.py::43] Current state: ready
[2025-07-07 12:05:45,040] [INFO] [_sm_handler.py::43] Current state: init
[2025-07-07 12:05:45,042] [INFO] [device_runtime.py::83] DeviceRuntime initialized
[2025-07-07 12:05:45,049] [INFO] [_sm_handler.py::43] Current state: ready
[2025-07-07 12:05:45,102] [INFO] [_sm_handler.py::43] Current state: send_init_request
[2025-07-07 12:05:45,165] [INFO] [_sm_handler.py::43] Current state: get_ecf_address
[2025-07-07 12:05:45,217] [INFO] [_sm_handler.py::43] Current state: ready
[2025-07-07 12:05:45,269] [INFO] [_sm_handler.py::43] Current state: ready
[2025-07-07 12:05:45,321] [INFO] [_sm_handler.py::43] Current state: ready
[2025-07-07 12:05:45,373] [INFO] [_sm_handler.py::43] Current state: ready
[2025-07-07 12:05:45,425] [INFO] [_sm_handler.py::43] Current state: ready
[2025-07-07 12:05:45,478] [INFO] [_sm_handler.py::43] Current state: ready
[2025-07-07 12:05:45,530] [INFO] [_sm_handler.py::43] Current state: ready
[2025-07-07 12:05:45,587] [INFO] [_sm_handler.py::43] Current state: ready
[2025-07-07 12:05:45,642] [INFO] [_sm_handler.py::43] Current state: ready
[2025-07-07 12:05:45,695] [INFO] [_sm_handler.py::43] Current state: ready
[2025-07-07 12:05:45,747] [INFO] [_sm_handler.py::43] Current state: ready
[2025-07-07 12:05:45,799] [INFO] [_sm_handler.py::43] Current state: ready
[2025-07-07 12:05:45,851] [INFO] [_sm_handler.py::43] Current state: ready
[2025-07-07 12:05:45,904] [INFO] [_sm_handler.py::43] Current state: ready
[2025-07-07 12:05:45,956] [INFO] [_sm_handler.py::43] Current state: ready
[2025-07-07 12:05:46,008] [INFO] [_sm_handler.py::43] Current state: ready
[2025-07-07 12:05:46,039] [INFO] [_sm_handler.py::43] Current state: init
[2025-07-07 12:05:46,041] [INFO] [device_runtime.py::83] DeviceRuntime initialized
[2025-07-07 12:05:46,060] [INFO] [_sm_handler.py::43] Current state: ready
[2025-07-07 12:05:46,097] [INFO] [_sm_handler.py::43] Current state: send_init_request
[2025-07-07 12:05:46,162] [INFO] [_sm_handler.py::43] Current state: get_ecf_address
[2025-07-07 12:05:46,214] [INFO] [_sm_handler.py::43] Current state: ready
[2025-07-07 12:05:46,268] [INFO] [_sm_handler.py::43] Current state: ready
[2025-07-07 12:05:46,321] [INFO] [_sm_handler.py::43] Current state: ready
[2025-07-07 12:05:46,373] [INFO] [_sm_handler.py::43] Current state: ready
[2025-07-07 12:05:46,425] [INFO] [_sm_handler.py::43] Current state: ready
[2025-07-07 12:05:46,478] [INFO] [_sm_handler.py::43] Current state: ready
[2025-07-07 12:05:46,530] [INFO] [_sm_handler.py::43] Current state: ready
[2025-07-07 12:05:46,582] [INFO] [_sm_handler.py::43] Current state: ready
[2025-07-07 12:05:46,634] [INFO] [_sm_handler.py::43] Current state: ready
[2025-07-07 12:05:46,686] [INFO] [_sm_handler.py::43] Current state: ready
[2025-07-07 12:05:46,738] [INFO] [_sm_handler.py::43] Current state: ready
[2025-07-07 12:05:46,790] [INFO] [_sm_handler.py::43] Current state: ready
[2025-07-07 12:05:46,845] [INFO] [_sm_handler.py::43] Current state: ready
[2025-07-07 12:05:46,900] [INFO] [_sm_handler.py::43] Current state: ready
[2025-07-07 12:05:46,952] [INFO] [_sm_handler.py::43] Current state: ready
[2025-07-07 12:05:47,004] [INFO] [_sm_handler.py::43] Current state: ready
[2025-07-07 12:05:47,040] [INFO] [_sm_handler.py::43] Current state: init
[2025-07-07 12:05:47,043] [INFO] [device_runtime.py::83] DeviceRuntime initialized
[2025-07-07 12:05:47,057] [INFO] [_sm_handler.py::43] Current state: ready
[2025-07-07 12:05:47,099] [INFO] [_sm_handler.py::43] Current state: send_init_request
[2025-07-07 12:05:47,163] [INFO] [_sm_handler.py::43] Current state: get_ecf_address
[2025-07-07 12:05:47,215] [INFO] [_sm_handler.py::43] Current state: ready
[2025-07-07 12:05:47,267] [INFO] [_sm_handler.py::43] Current state: ready
[2025-07-07 12:05:47,319] [INFO] [_sm_handler.py::43] Current state: ready
[2025-07-07 12:05:47,372] [INFO] [_sm_handler.py::43] Current state: ready
[2025-07-07 12:05:47,424] [INFO] [_sm_handler.py::43] Current state: ready
[2025-07-07 12:05:47,476] [INFO] [_sm_handler.py::43] Current state: ready
[2025-07-07 12:05:47,528] [INFO] [_sm_handler.py::43] Current state: ready
[2025-07-07 12:05:47,580] [INFO] [_sm_handler.py::43] Current state: ready
[2025-07-07 12:05:47,632] [INFO] [_sm_handler.py::43] Current state: ready
[2025-07-07 12:05:47,685] [INFO] [_sm_handler.py::43] Current state: ready
[2025-07-07 12:05:47,737] [INFO] [_sm_handler.py::43] Current state: ready
[2025-07-07 12:05:47,789] [INFO] [_sm_handler.py::43] Current state: ready
[2025-07-07 12:05:47,841] [INFO] [_sm_handler.py::43] Current state: ready
[2025-07-07 12:05:47,893] [INFO] [_sm_handler.py::43] Current state: ready
[2025-07-07 12:05:47,945] [INFO] [_sm_handler.py::43] Current state: ready
[2025-07-07 12:05:47,997] [INFO] [_sm_handler.py::43] Current state: ready
[2025-07-07 12:05:48,050] [INFO] [_sm_handler.py::43] Current state: ready
[2025-07-07 12:05:49,174] [INFO] [_sm_handler.py::43] Current state: ready
[2025-07-07 12:05:49,226] [INFO] [_sm_handler.py::43] Current state: ready
[2025-07-07 12:05:49,278] [INFO] [_sm_handler.py::43] Current state: ready
[2025-07-07 12:05:49,330] [INFO] [_sm_handler.py::43] Current state: ready
[2025-07-07 12:05:49,382] [INFO] [_sm_handler.py::43] Current state: ready
[2025-07-07 12:05:49,435] [INFO] [_sm_handler.py::43] Current state: ready
[2025-07-07 12:05:49,487] [INFO] [_sm_handler.py::43] Current state: ready
[2025-07-07 12:05:49,539] [INFO] [_sm_handler.py::43] Current state: ready
[2025-07-07 12:05:49,591] [INFO] [_sm_handler.py::43] Current state: ready
[2025-07-07 12:05:49,643] [INFO] [_sm_handler.py::43] Current state: ready
[2025-07-07 12:05:49,695] [INFO] [_sm_handler.py::43] Current state: ready
[2025-07-07 12:05:49,747] [INFO] [_sm_handler.py::43] Current state: ready
[2025-07-07 12:05:49,800] [INFO] [_sm_handler.py::43] Current state: ready
[2025-07-07 12:05:49,852] [INFO] [_sm_handler.py::43] Current state: ready
[2025-07-07 12:05:49,904] [INFO] [_sm_handler.py::43] Current state: ready
[2025-07-07 12:05:49,956] [INFO] [_sm_handler.py::43] Current state: ready
[2025-07-07 12:05:50,008] [INFO] [_sm_handler.py::43] Current state: ready
[2025-07-07 12:05:50,061] [INFO] [_sm_handler.py::43] Current state: ready
[2025-07-07 12:05:50,113] [INFO] [_sm_handler.py::43] Current state: ready
[2025-07-07 12:05:50,165] [INFO] [_sm_handler.py::43] Current state: ready
[2025-07-07 12:05:50,217] [INFO] [_sm_handler.py::43] Current state: ready
[2025-07-07 12:05:50,270] [INFO] [_sm_handler.py::43] Current state: ready
[2025-07-07 12:05:50,322] [INFO] [_sm_handler.py::43] Current state: ready
[2025-07-07 12:05:50,374] [INFO] [_sm_handler.py::43] Current state: ready
[2025-07-07 12:05:50,426] [INFO] [_sm_handler.py::43] Current state: ready
[2025-07-07 12:05:50,478] [INFO] [_sm_handler.py::43] Current state: ready
[2025-07-07 12:05:50,530] [INFO] [_sm_handler.py::43] Current state: ready
[2025-07-07 12:05:50,582] [INFO] [_sm_handler.py::43] Current state: ready
[2025-07-07 12:05:50,634] [INFO] [_sm_handler.py::43] Current state: ready
[2025-07-07 12:05:50,687] [INFO] [_sm_handler.py::43] Current state: ready
[2025-07-07 12:05:50,739] [INFO] [_sm_handler.py::43] Current state: ready
[2025-07-07 12:05:50,791] [INFO] [_sm_handler.py::43] Current state: ready
[2025-07-07 12:05:50,843] [INFO] [_sm_handler.py::43] Current state: ready
[2025-07-07 12:05:50,895] [INFO] [_sm_handler.py::43] Current state: ready
[2025-07-07 12:05:50,947] [INFO] [_sm_handler.py::43] Current state: ready
[2025-07-07 12:05:51,000] [INFO] [_sm_handler.py::43] Current state: ready
[2025-07-07 12:05:51,052] [INFO] [_sm_handler.py::43] Current state: ready
[2025-07-07 12:05:51,104] [INFO] [_sm_handler.py::43] Current state: ready
[2025-07-07 12:05:51,157] [INFO] [_sm_handler.py::43] Current state: ready
[2025-07-07 12:05:59,189] [INFO] [_sm_handler.py::43] Current state: ready
[2025-07-07 12:05:59,241] [INFO] [_sm_handler.py::43] Current state: ready
[2025-07-07 12:05:59,293] [INFO] [_sm_handler.py::43] Current state: ready
[2025-07-07 12:05:59,346] [INFO] [_sm_handler.py::43] Current state: ready
[2025-07-07 12:05:59,398] [INFO] [_sm_handler.py::43] Current state: ready
[2025-07-07 12:05:59,450] [INFO] [_sm_handler.py::43] Current state: ready
[2025-07-07 12:05:59,502] [INFO] [_sm_handler.py::43] Current state: ready
[2025-07-07 12:05:59,554] [INFO] [_sm_handler.py::43] Current state: ready
[2025-07-07 12:05:59,606] [INFO] [_sm_handler.py::43] Current state: ready
[2025-07-07 12:05:59,659] [INFO] [_sm_handler.py::43] Current state: ready
[2025-07-07 12:05:59,711] [INFO] [_sm_handler.py::43] Current state: ready
[2025-07-07 12:05:59,763] [INFO] [_sm_handler.py::43] Current state: ready
[2025-07-07 12:05:59,815] [INFO] [_sm_handler.py::43] Current state: ready
[2025-07-07 12:05:59,867] [INFO] [_sm_handler.py::43] Current state: ready
[2025-07-07 12:05:59,920] [INFO] [_sm_handler.py::43] Current state: ready
[2025-07-07 12:05:59,972] [INFO] [_sm_handler.py::43] Current state: ready
[2025-07-07 12:06:00,024] [INFO] [_sm_handler.py::43] Current state: ready
[2025-07-07 12:06:00,076] [INFO] [_sm_handler.py::43] Current state: ready
[2025-07-07 12:06:00,129] [INFO] [_sm_handler.py::43] Current state: ready
[2025-07-07 12:06:00,181] [INFO] [_sm_handler.py::43] Current state: ready
[2025-07-07 12:06:00,233] [INFO] [_sm_handler.py::43] Current state: ready
[2025-07-07 12:06:00,285] [INFO] [_sm_handler.py::43] Current state: ready
[2025-07-07 12:06:00,338] [INFO] [_sm_handler.py::43] Current state: ready
[2025-07-07 12:06:00,390] [INFO] [_sm_handler.py::43] Current state: ready
[2025-07-07 12:06:00,442] [INFO] [_sm_handler.py::43] Current state: ready
[2025-07-07 12:06:00,494] [INFO] [_sm_handler.py::43] Current state: ready
[2025-07-07 12:06:00,546] [INFO] [_sm_handler.py::43] Current state: ready
[2025-07-07 12:06:00,598] [INFO] [_sm_handler.py::43] Current state: ready
[2025-07-07 12:06:00,650] [INFO] [_sm_handler.py::43] Current state: ready
[2025-07-07 12:06:00,702] [INFO] [_sm_handler.py::43] Current state: ready
[2025-07-07 12:06:00,754] [INFO] [_sm_handler.py::43] Current state: ready
[2025-07-07 12:06:00,807] [INFO] [_sm_handler.py::43] Current state: ready
[2025-07-07 12:06:00,859] [INFO] [_sm_handler.py::43] Current state: ready
[2025-07-07 12:06:00,911] [INFO] [_sm_handler.py::43] Current state: ready
[2025-07-07 12:06:00,963] [INFO] [_sm_handler.py::43] Current state: ready
[2025-07-07 12:06:01,015] [INFO] [_sm_handler.py::43] Current state: ready
[2025-07-07 12:06:01,060] [ERROR] [_edge_cluster_frontend_client.py::86] Error during execution: HTTPConnectionPool(host='172.21.0.1', port=1339): Read timed out. (read timeout=20)
[2025-07-07 12:06:01,060] [ERROR] [_device_runtime_state_machine.py::219] There was a request error. Detailed message: HTTPConnectionPool(host='172.21.0.1', port=1339): Read timed out. (read timeout=20)
[2025-07-07 12:06:01,067] [INFO] [_sm_handler.py::43] Current state: ready
[2025-07-07 12:06:01,110] [INFO] [_sm_handler.py::43] Current state: ready
[2025-07-07 12:06:01,120] [INFO] [_sm_handler.py::43] Current state: ready
[2025-07-07 12:06:01,170] [INFO] [_sm_handler.py::43] Current state: init
[2025-07-07 12:06:01,172] [INFO] [_sm_handler.py::43] Current state: ready
[2025-07-07 12:06:01,231] [INFO] [_sm_handler.py::43] Current state: send_init_request
[2025-07-07 12:06:01,296] [INFO] [_sm_handler.py::43] Current state: get_ecf_address
[2025-07-07 12:06:01,348] [INFO] [_sm_handler.py::43] Current state: ready
[2025-07-07 12:06:01,400] [INFO] [_sm_handler.py::43] Current state: ready
[2025-07-07 12:06:01,452] [INFO] [_sm_handler.py::43] Current state: ready
[2025-07-07 12:06:01,504] [INFO] [_sm_handler.py::43] Current state: ready
[2025-07-07 12:06:01,556] [INFO] [_sm_handler.py::43] Current state: ready
[2025-07-07 12:06:01,608] [INFO] [_sm_handler.py::43] Current state: ready
[2025-07-07 12:06:01,661] [INFO] [_sm_handler.py::43] Current state: ready
[2025-07-07 12:06:01,713] [INFO] [_sm_handler.py::43] Current state: ready
[2025-07-07 12:06:01,765] [INFO] [_sm_handler.py::43] Current state: ready
[2025-07-07 12:06:01,817] [INFO] [_sm_handler.py::43] Current state: ready
[2025-07-07 12:06:01,869] [INFO] [_sm_handler.py::43] Current state: ready
[2025-07-07 12:06:01,921] [INFO] [_sm_handler.py::43] Current state: ready
[2025-07-07 12:06:01,973] [INFO] [_sm_handler.py::43] Current state: ready
[2025-07-07 12:06:02,025] [INFO] [_sm_handler.py::43] Current state: ready
[2025-07-07 12:06:02,056] [ERROR] [_edge_cluster_frontend_client.py::86] Error during execution: HTTPConnectionPool(host='172.21.0.1', port=1339): Read timed out. (read timeout=20)
[2025-07-07 12:06:02,057] [ERROR] [_device_runtime_state_machine.py::219] There was a request error. Detailed message: HTTPConnectionPool(host='172.21.0.1', port=1339): Read timed out. (read timeout=20)
[2025-07-07 12:06:02,078] [INFO] [_sm_handler.py::43] Current state: ready
[2025-07-07 12:06:02,107] [INFO] [_sm_handler.py::43] Current state: ready
[2025-07-07 12:06:02,131] [INFO] [_sm_handler.py::43] Current state: ready
[2025-07-07 12:06:02,166] [INFO] [_sm_handler.py::43] Current state: init
[2025-07-07 12:06:02,184] [INFO] [_sm_handler.py::43] Current state: ready
[2025-07-07 12:06:02,224] [INFO] [_sm_handler.py::43] Current state: send_init_request
[2025-07-07 12:06:02,237] [INFO] [_sm_handler.py::43] Current state: ready
[2025-07-07 12:06:02,289] [INFO] [_sm_handler.py::43] Current state: ready
[2025-07-07 12:06:02,291] [INFO] [_sm_handler.py::43] Current state: get_ecf_address
[2025-07-07 12:06:02,342] [INFO] [_sm_handler.py::43] Current state: ready
[2025-07-07 12:06:02,344] [INFO] [_sm_handler.py::43] Current state: ready
[2025-07-07 12:06:02,395] [INFO] [_sm_handler.py::43] Current state: ready
[2025-07-07 12:06:02,398] [INFO] [_sm_handler.py::43] Current state: ready
[2025-07-07 12:06:02,448] [INFO] [_sm_handler.py::43] Current state: ready
[2025-07-07 12:06:02,450] [INFO] [_sm_handler.py::43] Current state: ready
[2025-07-07 12:06:02,500] [INFO] [_sm_handler.py::43] Current state: ready
[2025-07-07 12:06:02,502] [INFO] [_sm_handler.py::43] Current state: ready
[2025-07-07 12:06:02,553] [INFO] [_sm_handler.py::43] Current state: ready
[2025-07-07 12:06:02,555] [INFO] [_sm_handler.py::43] Current state: ready
[2025-07-07 12:06:02,606] [INFO] [_sm_handler.py::43] Current state: ready
[2025-07-07 12:06:02,608] [INFO] [_sm_handler.py::43] Current state: ready
[2025-07-07 12:06:02,659] [INFO] [_sm_handler.py::43] Current state: ready
[2025-07-07 12:06:02,661] [INFO] [_sm_handler.py::43] Current state: ready
[2025-07-07 12:06:02,711] [INFO] [_sm_handler.py::43] Current state: ready
[2025-07-07 12:06:02,713] [INFO] [_sm_handler.py::43] Current state: ready
[2025-07-07 12:06:02,764] [INFO] [_sm_handler.py::43] Current state: ready
[2025-07-07 12:06:02,766] [INFO] [_sm_handler.py::43] Current state: ready
[2025-07-07 12:06:02,817] [INFO] [_sm_handler.py::43] Current state: ready
[2025-07-07 12:06:02,819] [INFO] [_sm_handler.py::43] Current state: ready
[2025-07-07 12:06:02,870] [INFO] [_sm_handler.py::43] Current state: ready
[2025-07-07 12:06:02,872] [INFO] [_sm_handler.py::43] Current state: ready
[2025-07-07 12:06:02,924] [INFO] [_sm_handler.py::43] Current state: ready
[2025-07-07 12:06:02,925] [INFO] [_sm_handler.py::43] Current state: ready
[2025-07-07 12:06:02,976] [INFO] [_sm_handler.py::43] Current state: ready
[2025-07-07 12:06:02,978] [INFO] [_sm_handler.py::43] Current state: ready
[2025-07-07 12:06:03,029] [INFO] [_sm_handler.py::43] Current state: ready
[2025-07-07 12:06:03,031] [INFO] [_sm_handler.py::43] Current state: ready
[2025-07-07 12:06:03,053] [ERROR] [_edge_cluster_frontend_client.py::86] Error during execution: HTTPConnectionPool(host='172.21.0.1', port=1339): Read timed out. (read timeout=20)
[2025-07-07 12:06:03,054] [ERROR] [_device_runtime_state_machine.py::219] There was a request error. Detailed message: HTTPConnectionPool(host='172.21.0.1', port=1339): Read timed out. (read timeout=20)
[2025-07-07 12:06:03,081] [INFO] [_sm_handler.py::43] Current state: ready
[2025-07-07 12:06:03,083] [INFO] [_sm_handler.py::43] Current state: ready
[2025-07-07 12:06:03,104] [INFO] [_sm_handler.py::43] Current state: ready
[2025-07-07 12:06:03,134] [INFO] [_sm_handler.py::43] Current state: ready
[2025-07-07 12:06:03,136] [INFO] [_sm_handler.py::43] Current state: ready
[2025-07-07 12:06:03,163] [INFO] [_sm_handler.py::43] Current state: init
[2025-07-07 12:06:03,187] [INFO] [_sm_handler.py::43] Current state: ready
[2025-07-07 12:06:03,189] [INFO] [_sm_handler.py::43] Current state: ready
[2025-07-07 12:06:03,222] [INFO] [_sm_handler.py::43] Current state: send_init_request
[2025-07-07 12:06:03,239] [INFO] [_sm_handler.py::43] Current state: ready
[2025-07-07 12:06:03,241] [INFO] [_sm_handler.py::43] Current state: ready
[2025-07-07 12:06:03,287] [INFO] [_sm_handler.py::43] Current state: get_ecf_address
[2025-07-07 12:06:03,291] [INFO] [_sm_handler.py::43] Current state: ready
[2025-07-07 12:06:03,293] [INFO] [_sm_handler.py::43] Current state: ready
[2025-07-07 12:06:03,339] [INFO] [_sm_handler.py::43] Current state: ready
[2025-07-07 12:06:03,344] [INFO] [_sm_handler.py::43] Current state: ready
[2025-07-07 12:06:03,346] [INFO] [_sm_handler.py::43] Current state: ready
[2025-07-07 12:06:03,392] [INFO] [_sm_handler.py::43] Current state: ready
[2025-07-07 12:06:03,397] [INFO] [_sm_handler.py::43] Current state: ready
[2025-07-07 12:06:03,399] [INFO] [_sm_handler.py::43] Current state: ready
[2025-07-07 12:06:03,446] [INFO] [_sm_handler.py::43] Current state: ready
[2025-07-07 12:06:03,449] [INFO] [_sm_handler.py::43] Current state: ready
[2025-07-07 12:06:03,451] [INFO] [_sm_handler.py::43] Current state: ready
[2025-07-07 12:06:03,499] [INFO] [_sm_handler.py::43] Current state: ready
[2025-07-07 12:06:03,501] [INFO] [_sm_handler.py::43] Current state: ready
[2025-07-07 12:06:03,502] [INFO] [_sm_handler.py::43] Current state: ready
[2025-07-07 12:06:03,551] [INFO] [_sm_handler.py::43] Current state: ready
[2025-07-07 12:06:03,554] [INFO] [_sm_handler.py::43] Current state: ready
[2025-07-07 12:06:03,555] [INFO] [_sm_handler.py::43] Current state: ready
[2025-07-07 12:06:03,604] [INFO] [_sm_handler.py::43] Current state: ready
[2025-07-07 12:06:03,606] [INFO] [_sm_handler.py::43] Current state: ready
[2025-07-07 12:06:03,608] [INFO] [_sm_handler.py::43] Current state: ready
[2025-07-07 12:06:03,657] [INFO] [_sm_handler.py::43] Current state: ready
[2025-07-07 12:06:03,659] [INFO] [_sm_handler.py::43] Current state: ready
[2025-07-07 12:06:03,661] [INFO] [_sm_handler.py::43] Current state: ready
[2025-07-07 12:06:03,710] [INFO] [_sm_handler.py::43] Current state: ready
[2025-07-07 12:06:03,712] [INFO] [_sm_handler.py::43] Current state: ready
[2025-07-07 12:06:03,714] [INFO] [_sm_handler.py::43] Current state: ready
[2025-07-07 12:06:03,763] [INFO] [_sm_handler.py::43] Current state: ready
[2025-07-07 12:06:03,765] [INFO] [_sm_handler.py::43] Current state: ready
[2025-07-07 12:06:03,767] [INFO] [_sm_handler.py::43] Current state: ready
[2025-07-07 12:06:03,816] [INFO] [_sm_handler.py::43] Current state: ready
[2025-07-07 12:06:03,818] [INFO] [_sm_handler.py::43] Current state: ready
[2025-07-07 12:06:03,820] [INFO] [_sm_handler.py::43] Current state: ready
[2025-07-07 12:06:03,869] [INFO] [_sm_handler.py::43] Current state: ready
[2025-07-07 12:06:03,871] [INFO] [_sm_handler.py::43] Current state: ready
[2025-07-07 12:06:03,873] [INFO] [_sm_handler.py::43] Current state: ready
[2025-07-07 12:06:03,922] [INFO] [_sm_handler.py::43] Current state: ready
[2025-07-07 12:06:03,924] [INFO] [_sm_handler.py::43] Current state: ready
[2025-07-07 12:06:03,926] [INFO] [_sm_handler.py::43] Current state: ready
[2025-07-07 12:06:03,975] [INFO] [_sm_handler.py::43] Current state: ready
[2025-07-07 12:06:03,977] [INFO] [_sm_handler.py::43] Current state: ready
[2025-07-07 12:06:03,979] [INFO] [_sm_handler.py::43] Current state: ready
[2025-07-07 12:06:04,028] [INFO] [_sm_handler.py::43] Current state: ready
[2025-07-07 12:06:04,030] [INFO] [_sm_handler.py::43] Current state: ready
[2025-07-07 12:06:04,032] [INFO] [_sm_handler.py::43] Current state: ready
[2025-07-07 12:06:04,055] [ERROR] [_edge_cluster_frontend_client.py::86] Error during execution: HTTPConnectionPool(host='172.21.0.1', port=1339): Read timed out. (read timeout=20)
[2025-07-07 12:06:04,056] [ERROR] [_device_runtime_state_machine.py::219] There was a request error. Detailed message: HTTPConnectionPool(host='172.21.0.1', port=1339): Read timed out. (read timeout=20)
[2025-07-07 12:06:04,080] [INFO] [_sm_handler.py::43] Current state: ready
[2025-07-07 12:06:04,082] [INFO] [_sm_handler.py::43] Current state: ready
[2025-07-07 12:06:04,084] [INFO] [_sm_handler.py::43] Current state: ready
[2025-07-07 12:06:04,107] [INFO] [_sm_handler.py::43] Current state: ready
[2025-07-07 12:06:04,133] [INFO] [_sm_handler.py::43] Current state: ready
[2025-07-07 12:06:04,135] [INFO] [_sm_handler.py::43] Current state: ready
[2025-07-07 12:06:04,137] [INFO] [_sm_handler.py::43] Current state: ready
[2025-07-07 12:06:04,166] [INFO] [_sm_handler.py::43] Current state: init
[2025-07-07 12:06:04,186] [INFO] [_sm_handler.py::43] Current state: ready
[2025-07-07 12:06:04,188] [INFO] [_sm_handler.py::43] Current state: ready
[2025-07-07 12:06:04,190] [INFO] [_sm_handler.py::43] Current state: ready
[2025-07-07 12:06:04,224] [INFO] [_sm_handler.py::43] Current state: send_init_request
[2025-07-07 12:06:04,238] [INFO] [_sm_handler.py::43] Current state: ready
[2025-07-07 12:06:04,240] [INFO] [_sm_handler.py::43] Current state: ready
[2025-07-07 12:06:04,242] [INFO] [_sm_handler.py::43] Current state: ready
[2025-07-07 12:06:04,289] [INFO] [_sm_handler.py::43] Current state: get_ecf_address
[2025-07-07 12:06:04,291] [INFO] [_sm_handler.py::43] Current state: ready
[2025-07-07 12:06:04,293] [INFO] [_sm_handler.py::43] Current state: ready
[2025-07-07 12:06:04,295] [INFO] [_sm_handler.py::43] Current state: ready
[2025-07-07 12:06:04,342] [INFO] [_sm_handler.py::43] Current state: ready
[2025-07-07 12:06:04,344] [INFO] [_sm_handler.py::43] Current state: ready
[2025-07-07 12:06:04,346] [INFO] [_sm_handler.py::43] Current state: ready
[2025-07-07 12:06:04,348] [INFO] [_sm_handler.py::43] Current state: ready
[2025-07-07 12:06:04,395] [INFO] [_sm_handler.py::43] Current state: ready
[2025-07-07 12:06:04,397] [INFO] [_sm_handler.py::43] Current state: ready
[2025-07-07 12:06:04,399] [INFO] [_sm_handler.py::43] Current state: ready
[2025-07-07 12:06:04,400] [INFO] [_sm_handler.py::43] Current state: ready
[2025-07-07 12:06:04,447] [INFO] [_sm_handler.py::43] Current state: ready
[2025-07-07 12:06:04,450] [INFO] [_sm_handler.py::43] Current state: ready
[2025-07-07 12:06:04,451] [INFO] [_sm_handler.py::43] Current state: ready
[2025-07-07 12:06:04,453] [INFO] [_sm_handler.py::43] Current state: ready
[2025-07-07 12:06:04,500] [INFO] [_sm_handler.py::43] Current state: ready
[2025-07-07 12:06:04,502] [INFO] [_sm_handler.py::43] Current state: ready
[2025-07-07 12:06:04,504] [INFO] [_sm_handler.py::43] Current state: ready
[2025-07-07 12:06:04,506] [INFO] [_sm_handler.py::43] Current state: ready
[2025-07-07 12:06:04,553] [INFO] [_sm_handler.py::43] Current state: ready
[2025-07-07 12:06:04,555] [INFO] [_sm_handler.py::43] Current state: ready
[2025-07-07 12:06:04,557] [INFO] [_sm_handler.py::43] Current state: ready
[2025-07-07 12:06:04,559] [INFO] [_sm_handler.py::43] Current state: ready
[2025-07-07 12:06:04,606] [INFO] [_sm_handler.py::43] Current state: ready
[2025-07-07 12:06:04,608] [INFO] [_sm_handler.py::43] Current state: ready
[2025-07-07 12:06:04,610] [INFO] [_sm_handler.py::43] Current state: ready
[2025-07-07 12:06:04,612] [INFO] [_sm_handler.py::43] Current state: ready
[2025-07-07 12:06:04,659] [INFO] [_sm_handler.py::43] Current state: ready
[2025-07-07 12:06:04,661] [INFO] [_sm_handler.py::43] Current state: ready
[2025-07-07 12:06:04,663] [INFO] [_sm_handler.py::43] Current state: ready
[2025-07-07 12:06:04,665] [INFO] [_sm_handler.py::43] Current state: ready
[2025-07-07 12:06:04,712] [INFO] [_sm_handler.py::43] Current state: ready
[2025-07-07 12:06:04,714] [INFO] [_sm_handler.py::43] Current state: ready
[2025-07-07 12:06:04,716] [INFO] [_sm_handler.py::43] Current state: ready
[2025-07-07 12:06:04,718] [INFO] [_sm_handler.py::43] Current state: ready
[2025-07-07 12:06:04,765] [INFO] [_sm_handler.py::43] Current state: ready
[2025-07-07 12:06:04,767] [INFO] [_sm_handler.py::43] Current state: ready
[2025-07-07 12:06:04,768] [INFO] [_sm_handler.py::43] Current state: ready
[2025-07-07 12:06:04,770] [INFO] [_sm_handler.py::43] Current state: ready
[2025-07-07 12:06:04,817] [INFO] [_sm_handler.py::43] Current state: ready
[2025-07-07 12:06:04,819] [INFO] [_sm_handler.py::43] Current state: ready
[2025-07-07 12:06:04,821] [INFO] [_sm_handler.py::43] Current state: ready
[2025-07-07 12:06:04,823] [INFO] [_sm_handler.py::43] Current state: ready
[2025-07-07 12:06:04,870] [INFO] [_sm_handler.py::43] Current state: ready
[2025-07-07 12:06:04,872] [INFO] [_sm_handler.py::43] Current state: ready
[2025-07-07 12:06:04,874] [INFO] [_sm_handler.py::43] Current state: ready
[2025-07-07 12:06:04,876] [INFO] [_sm_handler.py::43] Current state: ready
[2025-07-07 12:06:04,923] [INFO] [_sm_handler.py::43] Current state: ready
[2025-07-07 12:06:04,925] [INFO] [_sm_handler.py::43] Current state: ready
[2025-07-07 12:06:04,927] [INFO] [_sm_handler.py::43] Current state: ready
[2025-07-07 12:06:04,929] [INFO] [_sm_handler.py::43] Current state: ready
[2025-07-07 12:06:04,976] [INFO] [_sm_handler.py::43] Current state: ready
[2025-07-07 12:06:04,978] [INFO] [_sm_handler.py::43] Current state: ready
[2025-07-07 12:06:04,980] [INFO] [_sm_handler.py::43] Current state: ready
[2025-07-07 12:06:04,981] [INFO] [_sm_handler.py::43] Current state: ready
[2025-07-07 12:06:05,028] [INFO] [_sm_handler.py::43] Current state: ready
[2025-07-07 12:06:05,031] [INFO] [_sm_handler.py::43] Current state: ready
[2025-07-07 12:06:05,032] [INFO] [_sm_handler.py::43] Current state: ready
[2025-07-07 12:06:05,034] [INFO] [_sm_handler.py::43] Current state: ready
[2025-07-07 12:06:05,061] [ERROR] [_edge_cluster_frontend_client.py::86] Error during execution: HTTPConnectionPool(host='172.21.0.1', port=1339): Read timed out. (read timeout=20)
[2025-07-07 12:06:05,061] [ERROR] [_device_runtime_state_machine.py::219] There was a request error. Detailed message: HTTPConnectionPool(host='172.21.0.1', port=1339): Read timed out. (read timeout=20)
[2025-07-07 12:06:05,081] [INFO] [_sm_handler.py::43] Current state: ready
[2025-07-07 12:06:05,083] [INFO] [_sm_handler.py::43] Current state: ready
[2025-07-07 12:06:05,085] [INFO] [_sm_handler.py::43] Current state: ready
[2025-07-07 12:06:05,087] [INFO] [_sm_handler.py::43] Current state: ready
[2025-07-07 12:06:05,111] [INFO] [_sm_handler.py::43] Current state: ready
[2025-07-07 12:06:05,135] [INFO] [_sm_handler.py::43] Current state: ready
[2025-07-07 12:06:05,137] [INFO] [_sm_handler.py::43] Current state: ready
[2025-07-07 12:06:05,138] [INFO] [_sm_handler.py::43] Current state: ready
[2025-07-07 12:06:05,140] [INFO] [_sm_handler.py::43] Current state: ready
[2025-07-07 12:06:05,171] [INFO] [_sm_handler.py::43] Current state: init
[2025-07-07 12:06:05,187] [INFO] [_sm_handler.py::43] Current state: ready
[2025-07-07 12:06:05,189] [INFO] [_sm_handler.py::43] Current state: ready
[2025-07-07 12:06:05,191] [INFO] [_sm_handler.py::43] Current state: ready
[2025-07-07 12:06:05,192] [INFO] [_sm_handler.py::43] Current state: ready
[2025-07-07 12:06:05,229] [INFO] [_sm_handler.py::43] Current state: send_init_request
[2025-07-07 12:06:05,239] [INFO] [_sm_handler.py::43] Current state: ready
[2025-07-07 12:06:05,242] [INFO] [_sm_handler.py::43] Current state: ready
[2025-07-07 12:06:05,243] [INFO] [_sm_handler.py::43] Current state: ready
[2025-07-07 12:06:05,247] [INFO] [_sm_handler.py::43] Current state: ready
[2025-07-07 12:06:05,292] [INFO] [_sm_handler.py::43] Current state: ready
[2025-07-07 12:06:05,294] [INFO] [_sm_handler.py::43] Current state: ready
[2025-07-07 12:06:05,296] [INFO] [_sm_handler.py::43] Current state: ready
[2025-07-07 12:06:05,298] [INFO] [_sm_handler.py::43] Current state: get_ecf_address
[2025-07-07 12:06:05,300] [INFO] [_sm_handler.py::43] Current state: ready
[2025-07-07 12:06:05,345] [INFO] [_sm_handler.py::43] Current state: ready
[2025-07-07 12:06:05,347] [INFO] [_sm_handler.py::43] Current state: ready
[2025-07-07 12:06:05,349] [INFO] [_sm_handler.py::43] Current state: ready
[2025-07-07 12:06:05,351] [INFO] [_sm_handler.py::43] Current state: ready
[2025-07-07 12:06:05,353] [INFO] [_sm_handler.py::43] Current state: ready
[2025-07-07 12:06:05,398] [INFO] [_sm_handler.py::43] Current state: ready
[2025-07-07 12:06:05,400] [INFO] [_sm_handler.py::43] Current state: ready
[2025-07-07 12:06:05,402] [INFO] [_sm_handler.py::43] Current state: ready
[2025-07-07 12:06:05,404] [INFO] [_sm_handler.py::43] Current state: ready
[2025-07-07 12:06:05,406] [INFO] [_sm_handler.py::43] Current state: ready
[2025-07-07 12:06:05,451] [INFO] [_sm_handler.py::43] Current state: ready
[2025-07-07 12:06:05,453] [INFO] [_sm_handler.py::43] Current state: ready
[2025-07-07 12:06:05,455] [INFO] [_sm_handler.py::43] Current state: ready
[2025-07-07 12:06:05,456] [INFO] [_sm_handler.py::43] Current state: ready
[2025-07-07 12:06:05,458] [INFO] [_sm_handler.py::43] Current state: ready
[2025-07-07 12:06:05,503] [INFO] [_sm_handler.py::43] Current state: ready
[2025-07-07 12:06:05,505] [INFO] [_sm_handler.py::43] Current state: ready
[2025-07-07 12:06:05,507] [INFO] [_sm_handler.py::43] Current state: ready
[2025-07-07 12:06:05,509] [INFO] [_sm_handler.py::43] Current state: ready
[2025-07-07 12:06:05,511] [INFO] [_sm_handler.py::43] Current state: ready
[2025-07-07 12:06:05,556] [INFO] [_sm_handler.py::43] Current state: ready
[2025-07-07 12:06:05,558] [INFO] [_sm_handler.py::43] Current state: ready
[2025-07-07 12:06:05,560] [INFO] [_sm_handler.py::43] Current state: ready
[2025-07-07 12:06:05,562] [INFO] [_sm_handler.py::43] Current state: ready
[2025-07-07 12:06:05,564] [INFO] [_sm_handler.py::43] Current state: ready
[2025-07-07 12:06:05,608] [INFO] [_sm_handler.py::43] Current state: ready
[2025-07-07 12:06:05,610] [INFO] [_sm_handler.py::43] Current state: ready
[2025-07-07 12:06:05,613] [INFO] [_sm_handler.py::43] Current state: ready
[2025-07-07 12:06:05,615] [INFO] [_sm_handler.py::43] Current state: ready
[2025-07-07 12:06:05,617] [INFO] [_sm_handler.py::43] Current state: ready
[2025-07-07 12:06:05,661] [INFO] [_sm_handler.py::43] Current state: ready
[2025-07-07 12:06:05,663] [INFO] [_sm_handler.py::43] Current state: ready
[2025-07-07 12:06:05,666] [INFO] [_sm_handler.py::43] Current state: ready
[2025-07-07 12:06:05,668] [INFO] [_sm_handler.py::43] Current state: ready
[2025-07-07 12:06:05,670] [INFO] [_sm_handler.py::43] Current state: ready
[2025-07-07 12:06:05,714] [INFO] [_sm_handler.py::43] Current state: ready
[2025-07-07 12:06:05,716] [INFO] [_sm_handler.py::43] Current state: ready
[2025-07-07 12:06:05,719] [INFO] [_sm_handler.py::43] Current state: ready
[2025-07-07 12:06:05,721] [INFO] [_sm_handler.py::43] Current state: ready
[2025-07-07 12:06:05,723] [INFO] [_sm_handler.py::43] Current state: ready
[2025-07-07 12:06:05,767] [INFO] [_sm_handler.py::43] Current state: ready
[2025-07-07 12:06:05,769] [INFO] [_sm_handler.py::43] Current state: ready
[2025-07-07 12:06:05,771] [INFO] [_sm_handler.py::43] Current state: ready
[2025-07-07 12:06:05,773] [INFO] [_sm_handler.py::43] Current state: ready
[2025-07-07 12:06:05,775] [INFO] [_sm_handler.py::43] Current state: ready
[2025-07-07 12:06:05,820] [INFO] [_sm_handler.py::43] Current state: ready
[2025-07-07 12:06:05,822] [INFO] [_sm_handler.py::43] Current state: ready
[2025-07-07 12:06:05,824] [INFO] [_sm_handler.py::43] Current state: ready
[2025-07-07 12:06:05,826] [INFO] [_sm_handler.py::43] Current state: ready
[2025-07-07 12:06:05,828] [INFO] [_sm_handler.py::43] Current state: ready
[2025-07-07 12:06:05,873] [INFO] [_sm_handler.py::43] Current state: ready
[2025-07-07 12:06:05,875] [INFO] [_sm_handler.py::43] Current state: ready
[2025-07-07 12:06:05,876] [INFO] [_sm_handler.py::43] Current state: ready
[2025-07-07 12:06:05,878] [INFO] [_sm_handler.py::43] Current state: ready
[2025-07-07 12:06:05,880] [INFO] [_sm_handler.py::43] Current state: ready
[2025-07-07 12:06:05,925] [INFO] [_sm_handler.py::43] Current state: ready
[2025-07-07 12:06:05,928] [INFO] [_sm_handler.py::43] Current state: ready
[2025-07-07 12:06:05,930] [INFO] [_sm_handler.py::43] Current state: ready
[2025-07-07 12:06:05,931] [INFO] [_sm_handler.py::43] Current state: ready
[2025-07-07 12:06:05,933] [INFO] [_sm_handler.py::43] Current state: ready
[2025-07-07 12:06:05,978] [INFO] [_sm_handler.py::43] Current state: ready
[2025-07-07 12:06:05,981] [INFO] [_sm_handler.py::43] Current state: ready
[2025-07-07 12:06:05,983] [INFO] [_sm_handler.py::43] Current state: ready
[2025-07-07 12:06:05,984] [INFO] [_sm_handler.py::43] Current state: ready
[2025-07-07 12:06:05,986] [INFO] [_sm_handler.py::43] Current state: ready
[2025-07-07 12:06:06,031] [INFO] [_sm_handler.py::43] Current state: ready
[2025-07-07 12:06:06,034] [INFO] [_sm_handler.py::43] Current state: ready
[2025-07-07 12:06:06,035] [INFO] [_sm_handler.py::43] Current state: ready
[2025-07-07 12:06:06,037] [INFO] [_sm_handler.py::43] Current state: ready
[2025-07-07 12:06:06,040] [INFO] [_sm_handler.py::43] Current state: ready
[2025-07-07 12:06:06,071] [ERROR] [_edge_cluster_frontend_client.py::86] Error during execution: HTTPConnectionPool(host='172.21.0.1', port=1339): Read timed out. (read timeout=20)
[2025-07-07 12:06:06,072] [ERROR] [_device_runtime_state_machine.py::219] There was a request error. Detailed message: HTTPConnectionPool(host='172.21.0.1', port=1339): Read timed out. (read timeout=20)
[2025-07-07 12:06:06,084] [INFO] [_sm_handler.py::43] Current state: ready
[2025-07-07 12:06:06,087] [INFO] [_sm_handler.py::43] Current state: ready
[2025-07-07 12:06:06,092] [INFO] [_sm_handler.py::43] Current state: ready
[2025-07-07 12:06:06,096] [INFO] [_sm_handler.py::43] Current state: ready
[2025-07-07 12:06:06,100] [INFO] [_sm_handler.py::43] Current state: ready
[2025-07-07 12:06:06,123] [INFO] [_sm_handler.py::43] Current state: ready
[2025-07-07 12:06:06,137] [INFO] [_sm_handler.py::43] Current state: ready
[2025-07-07 12:06:06,142] [INFO] [_sm_handler.py::43] Current state: ready
[2025-07-07 12:06:06,147] [INFO] [_sm_handler.py::43] Current state: ready
[2025-07-07 12:06:06,151] [INFO] [_sm_handler.py::43] Current state: ready
[2025-07-07 12:06:06,155] [INFO] [_sm_handler.py::43] Current state: ready
[2025-07-07 12:06:06,191] [INFO] [_sm_handler.py::43] Current state: ready
[2025-07-07 12:06:06,193] [INFO] [_sm_handler.py::43] Current state: init
[2025-07-07 12:06:06,195] [INFO] [_sm_handler.py::43] Current state: ready
[2025-07-07 12:06:06,199] [INFO] [_sm_handler.py::43] Current state: ready
[2025-07-07 12:06:06,203] [INFO] [_sm_handler.py::43] Current state: ready
[2025-07-07 12:06:06,207] [INFO] [_sm_handler.py::43] Current state: ready
[2025-07-07 12:06:06,243] [INFO] [_sm_handler.py::43] Current state: ready
[2025-07-07 12:06:06,247] [INFO] [_sm_handler.py::43] Current state: ready
[2025-07-07 12:06:06,252] [INFO] [_sm_handler.py::43] Current state: ready
[2025-07-07 12:06:06,255] [INFO] [_sm_handler.py::43] Current state: send_init_request
[2025-07-07 12:06:06,257] [INFO] [_sm_handler.py::43] Current state: ready
[2025-07-07 12:06:06,260] [INFO] [_sm_handler.py::43] Current state: ready
[2025-07-07 12:06:06,296] [INFO] [_sm_handler.py::43] Current state: ready
[2025-07-07 12:06:06,300] [INFO] [_sm_handler.py::43] Current state: ready
[2025-07-07 12:06:06,305] [INFO] [_sm_handler.py::43] Current state: ready
[2025-07-07 12:06:06,310] [INFO] [_sm_handler.py::43] Current state: ready
[2025-07-07 12:06:06,313] [INFO] [_sm_handler.py::43] Current state: ready
[2025-07-07 12:06:06,322] [INFO] [_sm_handler.py::43] Current state: get_ecf_address
[2025-07-07 12:06:06,349] [INFO] [_sm_handler.py::43] Current state: ready
[2025-07-07 12:06:06,353] [INFO] [_sm_handler.py::43] Current state: ready
[2025-07-07 12:06:06,358] [INFO] [_sm_handler.py::43] Current state: ready
[2025-07-07 12:06:06,362] [INFO] [_sm_handler.py::43] Current state: ready
[2025-07-07 12:06:06,365] [INFO] [_sm_handler.py::43] Current state: ready
[2025-07-07 12:06:06,374] [INFO] [_sm_handler.py::43] Current state: ready
[2025-07-07 12:06:06,402] [INFO] [_sm_handler.py::43] Current state: ready
[2025-07-07 12:06:06,406] [INFO] [_sm_handler.py::43] Current state: ready
[2025-07-07 12:06:06,411] [INFO] [_sm_handler.py::43] Current state: ready
[2025-07-07 12:06:06,415] [INFO] [_sm_handler.py::43] Current state: ready
[2025-07-07 12:06:06,418] [INFO] [_sm_handler.py::43] Current state: ready
[2025-07-07 12:06:06,427] [INFO] [_sm_handler.py::43] Current state: ready
[2025-07-07 12:06:06,454] [INFO] [_sm_handler.py::43] Current state: ready
[2025-07-07 12:06:06,458] [INFO] [_sm_handler.py::43] Current state: ready
[2025-07-07 12:06:06,463] [INFO] [_sm_handler.py::43] Current state: ready
[2025-07-07 12:06:06,467] [INFO] [_sm_handler.py::43] Current state: ready
[2025-07-07 12:06:06,470] [INFO] [_sm_handler.py::43] Current state: ready
[2025-07-07 12:06:06,479] [INFO] [_sm_handler.py::43] Current state: ready
[2025-07-07 12:06:06,507] [INFO] [_sm_handler.py::43] Current state: ready
[2025-07-07 12:06:06,511] [INFO] [_sm_handler.py::43] Current state: ready
[2025-07-07 12:06:06,516] [INFO] [_sm_handler.py::43] Current state: ready
[2025-07-07 12:06:06,520] [INFO] [_sm_handler.py::43] Current state: ready
[2025-07-07 12:06:06,523] [INFO] [_sm_handler.py::43] Current state: ready
[2025-07-07 12:06:06,532] [INFO] [_sm_handler.py::43] Current state: ready
[2025-07-07 12:06:06,559] [INFO] [_sm_handler.py::43] Current state: ready
[2025-07-07 12:06:06,563] [INFO] [_sm_handler.py::43] Current state: ready
[2025-07-07 12:06:06,568] [INFO] [_sm_handler.py::43] Current state: ready
[2025-07-07 12:06:06,573] [INFO] [_sm_handler.py::43] Current state: ready
[2025-07-07 12:06:06,576] [INFO] [_sm_handler.py::43] Current state: ready
[2025-07-07 12:06:06,585] [INFO] [_sm_handler.py::43] Current state: ready
[2025-07-07 12:06:06,612] [INFO] [_sm_handler.py::43] Current state: ready
[2025-07-07 12:06:06,616] [INFO] [_sm_handler.py::43] Current state: ready
[2025-07-07 12:06:06,621] [INFO] [_sm_handler.py::43] Current state: ready
[2025-07-07 12:06:06,625] [INFO] [_sm_handler.py::43] Current state: ready
[2025-07-07 12:06:06,628] [INFO] [_sm_handler.py::43] Current state: ready
[2025-07-07 12:06:06,637] [INFO] [_sm_handler.py::43] Current state: ready
[2025-07-07 12:06:06,664] [INFO] [_sm_handler.py::43] Current state: ready
[2025-07-07 12:06:06,670] [INFO] [_sm_handler.py::43] Current state: ready
[2025-07-07 12:06:06,676] [INFO] [_sm_handler.py::43] Current state: ready
[2025-07-07 12:06:06,680] [INFO] [_sm_handler.py::43] Current state: ready
[2025-07-07 12:06:06,687] [INFO] [_sm_handler.py::43] Current state: ready
[2025-07-07 12:06:06,692] [INFO] [_sm_handler.py::43] Current state: ready
[2025-07-07 12:06:06,718] [INFO] [_sm_handler.py::43] Current state: ready
[2025-07-07 12:06:06,726] [INFO] [_sm_handler.py::43] Current state: ready
[2025-07-07 12:06:06,732] [INFO] [_sm_handler.py::43] Current state: ready
[2025-07-07 12:06:06,737] [INFO] [_sm_handler.py::43] Current state: ready
[2025-07-07 12:06:06,743] [INFO] [_sm_handler.py::43] Current state: ready
[2025-07-07 12:06:06,750] [INFO] [_sm_handler.py::43] Current state: ready
[2025-07-07 12:06:06,774] [INFO] [_sm_handler.py::43] Current state: ready
[2025-07-07 12:06:06,782] [INFO] [_sm_handler.py::43] Current state: ready
[2025-07-07 12:06:06,786] [INFO] [_sm_handler.py::43] Current state: ready
[2025-07-07 12:06:06,790] [INFO] [_sm_handler.py::43] Current state: ready
[2025-07-07 12:06:06,795] [INFO] [_sm_handler.py::43] Current state: ready
[2025-07-07 12:06:06,803] [INFO] [_sm_handler.py::43] Current state: ready
[2025-07-07 12:06:06,827] [INFO] [_sm_handler.py::43] Current state: ready
[2025-07-07 12:06:06,835] [INFO] [_sm_handler.py::43] Current state: ready
[2025-07-07 12:06:06,839] [INFO] [_sm_handler.py::43] Current state: ready
[2025-07-07 12:06:06,843] [INFO] [_sm_handler.py::43] Current state: ready
[2025-07-07 12:06:06,848] [INFO] [_sm_handler.py::43] Current state: ready
[2025-07-07 12:06:06,855] [INFO] [_sm_handler.py::43] Current state: ready
[2025-07-07 12:06:06,879] [INFO] [_sm_handler.py::43] Current state: ready
[2025-07-07 12:06:06,887] [INFO] [_sm_handler.py::43] Current state: ready
[2025-07-07 12:06:06,892] [INFO] [_sm_handler.py::43] Current state: ready
[2025-07-07 12:06:06,896] [INFO] [_sm_handler.py::43] Current state: ready
[2025-07-07 12:06:06,901] [INFO] [_sm_handler.py::43] Current state: ready
[2025-07-07 12:06:06,908] [INFO] [_sm_handler.py::43] Current state: ready
[2025-07-07 12:06:06,932] [INFO] [_sm_handler.py::43] Current state: ready
[2025-07-07 12:06:06,940] [INFO] [_sm_handler.py::43] Current state: ready
[2025-07-07 12:06:06,944] [INFO] [_sm_handler.py::43] Current state: ready
[2025-07-07 12:06:06,948] [INFO] [_sm_handler.py::43] Current state: ready
[2025-07-07 12:06:06,954] [INFO] [_sm_handler.py::43] Current state: ready
[2025-07-07 12:06:06,961] [INFO] [_sm_handler.py::43] Current state: ready
[2025-07-07 12:06:06,985] [INFO] [_sm_handler.py::43] Current state: ready
[2025-07-07 12:06:06,993] [INFO] [_sm_handler.py::43] Current state: ready
[2025-07-07 12:06:06,997] [INFO] [_sm_handler.py::43] Current state: ready
[2025-07-07 12:06:07,001] [INFO] [_sm_handler.py::43] Current state: ready
[2025-07-07 12:06:07,006] [INFO] [_sm_handler.py::43] Current state: ready
[2025-07-07 12:06:07,013] [INFO] [_sm_handler.py::43] Current state: ready
[2025-07-07 12:06:07,037] [INFO] [_sm_handler.py::43] Current state: ready
[2025-07-07 12:06:07,045] [INFO] [_sm_handler.py::43] Current state: ready
[2025-07-07 12:06:07,049] [INFO] [_sm_handler.py::43] Current state: ready
[2025-07-07 12:06:07,053] [INFO] [_sm_handler.py::43] Current state: ready
[2025-07-07 12:06:07,059] [INFO] [_sm_handler.py::43] Current state: ready
[2025-07-07 12:06:07,066] [INFO] [_sm_handler.py::43] Current state: ready
[2025-07-07 12:06:07,068] [ERROR] [_edge_cluster_frontend_client.py::86] Error during execution: HTTPConnectionPool(host='172.21.0.1', port=1339): Read timed out. (read timeout=20)
[2025-07-07 12:06:07,068] [ERROR] [_device_runtime_state_machine.py::219] There was a request error. Detailed message: HTTPConnectionPool(host='172.21.0.1', port=1339): Read timed out. (read timeout=20)
[2025-07-07 12:06:07,090] [INFO] [_sm_handler.py::43] Current state: ready
[2025-07-07 12:06:07,098] [INFO] [_sm_handler.py::43] Current state: ready
[2025-07-07 12:06:07,102] [INFO] [_sm_handler.py::43] Current state: ready
[2025-07-07 12:06:07,106] [INFO] [_sm_handler.py::43] Current state: ready
[2025-07-07 12:06:07,112] [INFO] [_sm_handler.py::43] Current state: ready
[2025-07-07 12:06:07,118] [INFO] [_sm_handler.py::43] Current state: ready
[2025-07-07 12:06:07,120] [INFO] [_sm_handler.py::43] Current state: ready
[2025-07-07 12:06:07,142] [INFO] [_sm_handler.py::43] Current state: ready
[2025-07-07 12:06:07,150] [INFO] [_sm_handler.py::43] Current state: ready
[2025-07-07 12:06:07,154] [INFO] [_sm_handler.py::43] Current state: ready
[2025-07-07 12:06:07,158] [INFO] [_sm_handler.py::43] Current state: ready
[2025-07-07 12:06:07,165] [INFO] [_sm_handler.py::43] Current state: ready
[2025-07-07 12:06:07,170] [INFO] [_sm_handler.py::43] Current state: ready
[2025-07-07 12:06:07,179] [INFO] [_sm_handler.py::43] Current state: init
[2025-07-07 12:06:07,195] [INFO] [_sm_handler.py::43] Current state: ready
[2025-07-07 12:06:07,203] [INFO] [_sm_handler.py::43] Current state: ready
[2025-07-07 12:06:07,207] [INFO] [_sm_handler.py::43] Current state: ready
[2025-07-07 12:06:07,210] [INFO] [_sm_handler.py::43] Current state: ready
[2025-07-07 12:06:07,217] [INFO] [_sm_handler.py::43] Current state: ready
[2025-07-07 12:06:07,223] [INFO] [_sm_handler.py::43] Current state: ready
[2025-07-07 12:06:07,241] [INFO] [_sm_handler.py::43] Current state: send_init_request
[2025-07-07 12:06:07,247] [INFO] [_sm_handler.py::43] Current state: ready
[2025-07-07 12:06:07,256] [INFO] [_sm_handler.py::43] Current state: ready
[2025-07-07 12:06:07,260] [INFO] [_sm_handler.py::43] Current state: ready
[2025-07-07 12:06:07,264] [INFO] [_sm_handler.py::43] Current state: ready
[2025-07-07 12:06:07,272] [INFO] [_sm_handler.py::43] Current state: ready
[2025-07-07 12:06:07,276] [INFO] [_sm_handler.py::43] Current state: ready
[2025-07-07 12:06:07,301] [INFO] [_sm_handler.py::43] Current state: ready
[2025-07-07 12:06:07,309] [INFO] [_sm_handler.py::43] Current state: ready
[2025-07-07 12:06:07,314] [INFO] [_sm_handler.py::43] Current state: ready
[2025-07-07 12:06:07,318] [INFO] [_sm_handler.py::43] Current state: ready
[2025-07-07 12:06:07,322] [INFO] [_sm_handler.py::43] Current state: get_ecf_address
[2025-07-07 12:06:07,326] [INFO] [_sm_handler.py::43] Current state: ready
[2025-07-07 12:06:07,331] [INFO] [_sm_handler.py::43] Current state: ready
[2025-07-07 12:06:07,355] [INFO] [_sm_handler.py::43] Current state: ready
[2025-07-07 12:06:07,362] [INFO] [_sm_handler.py::43] Current state: ready
[2025-07-07 12:06:07,368] [INFO] [_sm_handler.py::43] Current state: ready
[2025-07-07 12:06:07,373] [INFO] [_sm_handler.py::43] Current state: ready
[2025-07-07 12:06:07,376] [INFO] [_sm_handler.py::43] Current state: ready
[2025-07-07 12:06:07,378] [INFO] [_sm_handler.py::43] Current state: ready
[2025-07-07 12:06:07,384] [INFO] [_sm_handler.py::43] Current state: ready
[2025-07-07 12:06:07,408] [INFO] [_sm_handler.py::43] Current state: ready
[2025-07-07 12:06:07,415] [INFO] [_sm_handler.py::43] Current state: ready
[2025-07-07 12:06:07,420] [INFO] [_sm_handler.py::43] Current state: ready
[2025-07-07 12:06:07,425] [INFO] [_sm_handler.py::43] Current state: ready
[2025-07-07 12:06:07,429] [INFO] [_sm_handler.py::43] Current state: ready
[2025-07-07 12:06:07,431] [INFO] [_sm_handler.py::43] Current state: ready
[2025-07-07 12:06:07,437] [INFO] [_sm_handler.py::43] Current state: ready
[2025-07-07 12:06:07,461] [INFO] [_sm_handler.py::43] Current state: ready
[2025-07-07 12:06:07,468] [INFO] [_sm_handler.py::43] Current state: ready
[2025-07-07 12:06:07,473] [INFO] [_sm_handler.py::43] Current state: ready
[2025-07-07 12:06:07,478] [INFO] [_sm_handler.py::43] Current state: ready
[2025-07-07 12:06:07,481] [INFO] [_sm_handler.py::43] Current state: ready
[2025-07-07 12:06:07,483] [INFO] [_sm_handler.py::43] Current state: ready
[2025-07-07 12:06:07,489] [INFO] [_sm_handler.py::43] Current state: ready
[2025-07-07 12:06:07,513] [INFO] [_sm_handler.py::43] Current state: ready
[2025-07-07 12:06:07,521] [INFO] [_sm_handler.py::43] Current state: ready
[2025-07-07 12:06:07,526] [INFO] [_sm_handler.py::43] Current state: ready
[2025-07-07 12:06:07,531] [INFO] [_sm_handler.py::43] Current state: ready
[2025-07-07 12:06:07,534] [INFO] [_sm_handler.py::43] Current state: ready
[2025-07-07 12:06:07,536] [INFO] [_sm_handler.py::43] Current state: ready
[2025-07-07 12:06:07,542] [INFO] [_sm_handler.py::43] Current state: ready
[2025-07-07 12:06:07,566] [INFO] [_sm_handler.py::43] Current state: ready
[2025-07-07 12:06:07,574] [INFO] [_sm_handler.py::43] Current state: ready
[2025-07-07 12:06:07,579] [INFO] [_sm_handler.py::43] Current state: ready
[2025-07-07 12:06:07,584] [INFO] [_sm_handler.py::43] Current state: ready
[2025-07-07 12:06:07,587] [INFO] [_sm_handler.py::43] Current state: ready
[2025-07-07 12:06:07,589] [INFO] [_sm_handler.py::43] Current state: ready
[2025-07-07 12:06:07,595] [INFO] [_sm_handler.py::43] Current state: ready
[2025-07-07 12:06:07,619] [INFO] [_sm_handler.py::43] Current state: ready
[2025-07-07 12:06:07,626] [INFO] [_sm_handler.py::43] Current state: ready
[2025-07-07 12:06:07,631] [INFO] [_sm_handler.py::43] Current state: ready
[2025-07-07 12:06:07,636] [INFO] [_sm_handler.py::43] Current state: ready
[2025-07-07 12:06:07,640] [INFO] [_sm_handler.py::43] Current state: ready
[2025-07-07 12:06:07,642] [INFO] [_sm_handler.py::43] Current state: ready
[2025-07-07 12:06:07,648] [INFO] [_sm_handler.py::43] Current state: ready
[2025-07-07 12:06:07,672] [INFO] [_sm_handler.py::43] Current state: ready
[2025-07-07 12:06:07,679] [INFO] [_sm_handler.py::43] Current state: ready
[2025-07-07 12:06:07,684] [INFO] [_sm_handler.py::43] Current state: ready
[2025-07-07 12:06:07,689] [INFO] [_sm_handler.py::43] Current state: ready
[2025-07-07 12:06:07,692] [INFO] [_sm_handler.py::43] Current state: ready
[2025-07-07 12:06:07,694] [INFO] [_sm_handler.py::43] Current state: ready
[2025-07-07 12:06:07,700] [INFO] [_sm_handler.py::43] Current state: ready
[2025-07-07 12:06:07,725] [INFO] [_sm_handler.py::43] Current state: ready
[2025-07-07 12:06:07,732] [INFO] [_sm_handler.py::43] Current state: ready
[2025-07-07 12:06:07,737] [INFO] [_sm_handler.py::43] Current state: ready
[2025-07-07 12:06:07,742] [INFO] [_sm_handler.py::43] Current state: ready
[2025-07-07 12:06:07,744] [INFO] [_sm_handler.py::43] Current state: ready
[2025-07-07 12:06:07,746] [INFO] [_sm_handler.py::43] Current state: ready
[2025-07-07 12:06:07,753] [INFO] [_sm_handler.py::43] Current state: ready
[2025-07-07 12:06:07,777] [INFO] [_sm_handler.py::43] Current state: ready
[2025-07-07 12:06:07,785] [INFO] [_sm_handler.py::43] Current state: ready
[2025-07-07 12:06:07,790] [INFO] [_sm_handler.py::43] Current state: ready
[2025-07-07 12:06:07,795] [INFO] [_sm_handler.py::43] Current state: ready
[2025-07-07 12:06:07,797] [INFO] [_sm_handler.py::43] Current state: ready
[2025-07-07 12:06:07,799] [INFO] [_sm_handler.py::43] Current state: ready
[2025-07-07 12:06:07,806] [INFO] [_sm_handler.py::43] Current state: ready
[2025-07-07 12:06:07,830] [INFO] [_sm_handler.py::43] Current state: ready
[2025-07-07 12:06:07,837] [INFO] [_sm_handler.py::43] Current state: ready
[2025-07-07 12:06:07,843] [INFO] [_sm_handler.py::43] Current state: ready
[2025-07-07 12:06:07,848] [INFO] [_sm_handler.py::43] Current state: ready
[2025-07-07 12:06:07,850] [INFO] [_sm_handler.py::43] Current state: ready
[2025-07-07 12:06:07,852] [INFO] [_sm_handler.py::43] Current state: ready
[2025-07-07 12:06:07,859] [INFO] [_sm_handler.py::43] Current state: ready
[2025-07-07 12:06:07,883] [INFO] [_sm_handler.py::43] Current state: ready
[2025-07-07 12:06:07,890] [INFO] [_sm_handler.py::43] Current state: ready
[2025-07-07 12:06:07,896] [INFO] [_sm_handler.py::43] Current state: ready
[2025-07-07 12:06:07,901] [INFO] [_sm_handler.py::43] Current state: ready
[2025-07-07 12:06:07,903] [INFO] [_sm_handler.py::43] Current state: ready
[2025-07-07 12:06:07,905] [INFO] [_sm_handler.py::43] Current state: ready
[2025-07-07 12:06:07,912] [INFO] [_sm_handler.py::43] Current state: ready
[2025-07-07 12:06:07,936] [INFO] [_sm_handler.py::43] Current state: ready
[2025-07-07 12:06:07,943] [INFO] [_sm_handler.py::43] Current state: ready
[2025-07-07 12:06:07,948] [INFO] [_sm_handler.py::43] Current state: ready
[2025-07-07 12:06:07,953] [INFO] [_sm_handler.py::43] Current state: ready
[2025-07-07 12:06:07,956] [INFO] [_sm_handler.py::43] Current state: ready
[2025-07-07 12:06:07,958] [INFO] [_sm_handler.py::43] Current state: ready
[2025-07-07 12:06:07,965] [INFO] [_sm_handler.py::43] Current state: ready
[2025-07-07 12:06:07,989] [INFO] [_sm_handler.py::43] Current state: ready
[2025-07-07 12:06:07,996] [INFO] [_sm_handler.py::43] Current state: ready
[2025-07-07 12:06:08,001] [INFO] [_sm_handler.py::43] Current state: ready
[2025-07-07 12:06:08,006] [INFO] [_sm_handler.py::43] Current state: ready
[2025-07-07 12:06:08,008] [INFO] [_sm_handler.py::43] Current state: ready
[2025-07-07 12:06:08,010] [INFO] [_sm_handler.py::43] Current state: ready
[2025-07-07 12:06:08,017] [INFO] [_sm_handler.py::43] Current state: ready
[2025-07-07 12:06:08,041] [INFO] [_sm_handler.py::43] Current state: ready
[2025-07-07 12:06:08,048] [INFO] [_sm_handler.py::43] Current state: ready
[2025-07-07 12:06:08,053] [INFO] [_sm_handler.py::43] Current state: ready
[2025-07-07 12:06:08,058] [INFO] [_sm_handler.py::43] Current state: ready
[2025-07-07 12:06:08,060] [INFO] [_sm_handler.py::43] Current state: ready
[2025-07-07 12:06:08,063] [ERROR] [_edge_cluster_frontend_client.py::86] Error during execution: HTTPConnectionPool(host='172.21.0.1', port=1339): Read timed out. (read timeout=20)
[2025-07-07 12:06:08,063] [ERROR] [_device_runtime_state_machine.py::219] There was a request error. Detailed message: HTTPConnectionPool(host='172.21.0.1', port=1339): Read timed out. (read timeout=20)
[2025-07-07 12:06:08,063] [INFO] [_sm_handler.py::43] Current state: ready
[2025-07-07 12:06:08,070] [INFO] [_sm_handler.py::43] Current state: ready
[2025-07-07 12:06:08,093] [INFO] [_sm_handler.py::43] Current state: ready
[2025-07-07 12:06:08,101] [INFO] [_sm_handler.py::43] Current state: ready
[2025-07-07 12:06:08,106] [INFO] [_sm_handler.py::43] Current state: ready
[2025-07-07 12:06:08,111] [INFO] [_sm_handler.py::43] Current state: ready
[2025-07-07 12:06:08,113] [INFO] [_sm_handler.py::43] Current state: ready
[2025-07-07 12:06:08,115] [INFO] [_sm_handler.py::43] Current state: ready
[2025-07-07 12:06:08,117] [INFO] [_sm_handler.py::43] Current state: ready
[2025-07-07 12:06:08,123] [INFO] [_sm_handler.py::43] Current state: ready
[2025-07-07 12:06:08,146] [INFO] [_sm_handler.py::43] Current state: ready
[2025-07-07 12:06:08,153] [INFO] [_sm_handler.py::43] Current state: ready
[2025-07-07 12:06:08,158] [INFO] [_sm_handler.py::43] Current state: ready
[2025-07-07 12:06:08,164] [INFO] [_sm_handler.py::43] Current state: ready
[2025-07-07 12:06:08,166] [INFO] [_sm_handler.py::43] Current state: ready
[2025-07-07 12:06:08,170] [INFO] [_sm_handler.py::43] Current state: ready
[2025-07-07 12:06:08,176] [INFO] [_sm_handler.py::43] Current state: ready
[2025-07-07 12:06:08,178] [INFO] [_sm_handler.py::43] Current state: init
[2025-07-07 12:06:08,199] [INFO] [_sm_handler.py::43] Current state: ready
[2025-07-07 12:06:08,206] [INFO] [_sm_handler.py::43] Current state: ready
[2025-07-07 12:06:08,211] [INFO] [_sm_handler.py::43] Current state: ready
[2025-07-07 12:06:08,216] [INFO] [_sm_handler.py::43] Current state: ready
[2025-07-07 12:06:08,219] [INFO] [_sm_handler.py::43] Current state: ready
[2025-07-07 12:06:08,223] [INFO] [_sm_handler.py::43] Current state: ready
[2025-07-07 12:06:08,229] [INFO] [_sm_handler.py::43] Current state: ready
[2025-07-07 12:06:08,235] [INFO] [_sm_handler.py::43] Current state: send_init_request
[2025-07-07 12:06:08,251] [INFO] [_sm_handler.py::43] Current state: ready
[2025-07-07 12:06:08,259] [INFO] [_sm_handler.py::43] Current state: ready
[2025-07-07 12:06:08,264] [INFO] [_sm_handler.py::43] Current state: ready
[2025-07-07 12:06:08,269] [INFO] [_sm_handler.py::43] Current state: ready
[2025-07-07 12:06:08,271] [INFO] [_sm_handler.py::43] Current state: ready
[2025-07-07 12:06:08,275] [INFO] [_sm_handler.py::43] Current state: ready
[2025-07-07 12:06:08,281] [INFO] [_sm_handler.py::43] Current state: ready
[2025-07-07 12:06:08,300] [INFO] [_sm_handler.py::43] Current state: get_ecf_address
[2025-07-07 12:06:08,304] [INFO] [_sm_handler.py::43] Current state: ready
[2025-07-07 12:06:08,311] [INFO] [_sm_handler.py::43] Current state: ready
[2025-07-07 12:06:08,316] [INFO] [_sm_handler.py::43] Current state: ready
[2025-07-07 12:06:08,322] [INFO] [_sm_handler.py::43] Current state: ready
[2025-07-07 12:06:08,324] [INFO] [_sm_handler.py::43] Current state: ready
[2025-07-07 12:06:08,328] [INFO] [_sm_handler.py::43] Current state: ready
[2025-07-07 12:06:08,334] [INFO] [_sm_handler.py::43] Current state: ready
[2025-07-07 12:06:08,353] [INFO] [_sm_handler.py::43] Current state: ready
[2025-07-07 12:06:08,356] [INFO] [_sm_handler.py::43] Current state: ready
[2025-07-07 12:06:08,364] [INFO] [_sm_handler.py::43] Current state: ready
[2025-07-07 12:06:08,369] [INFO] [_sm_handler.py::43] Current state: ready
[2025-07-07 12:06:08,374] [INFO] [_sm_handler.py::43] Current state: ready
[2025-07-07 12:06:08,376] [INFO] [_sm_handler.py::43] Current state: ready
[2025-07-07 12:06:08,381] [INFO] [_sm_handler.py::43] Current state: ready
[2025-07-07 12:06:08,387] [INFO] [_sm_handler.py::43] Current state: ready
[2025-07-07 12:06:08,406] [INFO] [_sm_handler.py::43] Current state: ready
[2025-07-07 12:06:08,409] [INFO] [_sm_handler.py::43] Current state: ready
[2025-07-07 12:06:08,417] [INFO] [_sm_handler.py::43] Current state: ready
[2025-07-07 12:06:08,422] [INFO] [_sm_handler.py::43] Current state: ready
[2025-07-07 12:06:08,427] [INFO] [_sm_handler.py::43] Current state: ready
[2025-07-07 12:06:08,429] [INFO] [_sm_handler.py::43] Current state: ready
[2025-07-07 12:06:08,434] [INFO] [_sm_handler.py::43] Current state: ready
[2025-07-07 12:06:08,440] [INFO] [_sm_handler.py::43] Current state: ready
[2025-07-07 12:06:08,459] [INFO] [_sm_handler.py::43] Current state: ready
[2025-07-07 12:06:08,462] [INFO] [_sm_handler.py::43] Current state: ready
[2025-07-07 12:06:08,470] [INFO] [_sm_handler.py::43] Current state: ready
[2025-07-07 12:06:08,475] [INFO] [_sm_handler.py::43] Current state: ready
[2025-07-07 12:06:08,480] [INFO] [_sm_handler.py::43] Current state: ready
[2025-07-07 12:06:08,482] [INFO] [_sm_handler.py::43] Current state: ready
[2025-07-07 12:06:08,487] [INFO] [_sm_handler.py::43] Current state: ready
[2025-07-07 12:06:08,493] [INFO] [_sm_handler.py::43] Current state: ready
[2025-07-07 12:06:08,512] [INFO] [_sm_handler.py::43] Current state: ready
[2025-07-07 12:06:08,515] [INFO] [_sm_handler.py::43] Current state: ready
[2025-07-07 12:06:08,522] [INFO] [_sm_handler.py::43] Current state: ready
[2025-07-07 12:06:08,528] [INFO] [_sm_handler.py::43] Current state: ready
[2025-07-07 12:06:08,533] [INFO] [_sm_handler.py::43] Current state: ready
[2025-07-07 12:06:08,535] [INFO] [_sm_handler.py::43] Current state: ready
[2025-07-07 12:06:08,540] [INFO] [_sm_handler.py::43] Current state: ready
[2025-07-07 12:06:08,546] [INFO] [_sm_handler.py::43] Current state: ready
[2025-07-07 12:06:08,565] [INFO] [_sm_handler.py::43] Current state: ready
[2025-07-07 12:06:08,567] [INFO] [_sm_handler.py::43] Current state: ready
[2025-07-07 12:06:08,575] [INFO] [_sm_handler.py::43] Current state: ready
[2025-07-07 12:06:08,580] [INFO] [_sm_handler.py::43] Current state: ready
[2025-07-07 12:06:08,585] [INFO] [_sm_handler.py::43] Current state: ready
[2025-07-07 12:06:08,588] [INFO] [_sm_handler.py::43] Current state: ready
[2025-07-07 12:06:08,593] [INFO] [_sm_handler.py::43] Current state: ready
[2025-07-07 12:06:08,599] [INFO] [_sm_handler.py::43] Current state: ready
[2025-07-07 12:06:08,618] [INFO] [_sm_handler.py::43] Current state: ready
[2025-07-07 12:06:08,620] [INFO] [_sm_handler.py::43] Current state: ready
[2025-07-07 12:06:08,628] [INFO] [_sm_handler.py::43] Current state: ready
[2025-07-07 12:06:08,633] [INFO] [_sm_handler.py::43] Current state: ready
[2025-07-07 12:06:08,638] [INFO] [_sm_handler.py::43] Current state: ready
[2025-07-07 12:06:08,640] [INFO] [_sm_handler.py::43] Current state: ready
[2025-07-07 12:06:08,645] [INFO] [_sm_handler.py::43] Current state: ready
[2025-07-07 12:06:08,651] [INFO] [_sm_handler.py::43] Current state: ready
[2025-07-07 12:06:08,671] [INFO] [_sm_handler.py::43] Current state: ready
[2025-07-07 12:06:08,673] [INFO] [_sm_handler.py::43] Current state: ready
[2025-07-07 12:06:08,681] [INFO] [_sm_handler.py::43] Current state: ready
[2025-07-07 12:06:08,686] [INFO] [_sm_handler.py::43] Current state: ready
[2025-07-07 12:06:08,691] [INFO] [_sm_handler.py::43] Current state: ready
[2025-07-07 12:06:08,693] [INFO] [_sm_handler.py::43] Current state: ready
[2025-07-07 12:06:08,698] [INFO] [_sm_handler.py::43] Current state: ready
[2025-07-07 12:06:08,704] [INFO] [_sm_handler.py::43] Current state: ready
[2025-07-07 12:06:08,723] [INFO] [_sm_handler.py::43] Current state: ready
[2025-07-07 12:06:08,726] [INFO] [_sm_handler.py::43] Current state: ready
[2025-07-07 12:06:08,734] [INFO] [_sm_handler.py::43] Current state: ready
[2025-07-07 12:06:08,739] [INFO] [_sm_handler.py::43] Current state: ready
[2025-07-07 12:06:08,744] [INFO] [_sm_handler.py::43] Current state: ready
[2025-07-07 12:06:08,746] [INFO] [_sm_handler.py::43] Current state: ready
[2025-07-07 12:06:08,751] [INFO] [_sm_handler.py::43] Current state: ready
[2025-07-07 12:06:08,757] [INFO] [_sm_handler.py::43] Current state: ready
[2025-07-07 12:06:08,776] [INFO] [_sm_handler.py::43] Current state: ready
[2025-07-07 12:06:08,778] [INFO] [_sm_handler.py::43] Current state: ready
[2025-07-07 12:06:08,786] [INFO] [_sm_handler.py::43] Current state: ready
[2025-07-07 12:06:08,792] [INFO] [_sm_handler.py::43] Current state: ready
[2025-07-07 12:06:08,797] [INFO] [_sm_handler.py::43] Current state: ready
[2025-07-07 12:06:08,799] [INFO] [_sm_handler.py::43] Current state: ready
[2025-07-07 12:06:08,804] [INFO] [_sm_handler.py::43] Current state: ready
[2025-07-07 12:06:08,810] [INFO] [_sm_handler.py::43] Current state: ready
[2025-07-07 12:06:08,829] [INFO] [_sm_handler.py::43] Current state: ready
[2025-07-07 12:06:08,831] [INFO] [_sm_handler.py::43] Current state: ready
[2025-07-07 12:06:08,839] [INFO] [_sm_handler.py::43] Current state: ready
[2025-07-07 12:06:08,844] [INFO] [_sm_handler.py::43] Current state: ready
[2025-07-07 12:06:08,849] [INFO] [_sm_handler.py::43] Current state: ready
[2025-07-07 12:06:08,851] [INFO] [_sm_handler.py::43] Current state: ready
[2025-07-07 12:06:08,857] [INFO] [_sm_handler.py::43] Current state: ready
[2025-07-07 12:06:08,863] [INFO] [_sm_handler.py::43] Current state: ready
[2025-07-07 12:06:08,882] [INFO] [_sm_handler.py::43] Current state: ready
[2025-07-07 12:06:08,884] [INFO] [_sm_handler.py::43] Current state: ready
[2025-07-07 12:06:08,892] [INFO] [_sm_handler.py::43] Current state: ready
[2025-07-07 12:06:08,897] [INFO] [_sm_handler.py::43] Current state: ready
[2025-07-07 12:06:08,902] [INFO] [_sm_handler.py::43] Current state: ready
[2025-07-07 12:06:08,904] [INFO] [_sm_handler.py::43] Current state: ready
[2025-07-07 12:06:08,910] [INFO] [_sm_handler.py::43] Current state: ready
[2025-07-07 12:06:08,916] [INFO] [_sm_handler.py::43] Current state: ready
[2025-07-07 12:06:08,935] [INFO] [_sm_handler.py::43] Current state: ready
[2025-07-07 12:06:08,937] [INFO] [_sm_handler.py::43] Current state: ready
[2025-07-07 12:06:08,945] [INFO] [_sm_handler.py::43] Current state: ready
[2025-07-07 12:06:08,949] [INFO] [_sm_handler.py::43] Current state: ready
[2025-07-07 12:06:08,954] [INFO] [_sm_handler.py::43] Current state: ready
[2025-07-07 12:06:08,956] [INFO] [_sm_handler.py::43] Current state: ready
[2025-07-07 12:06:08,962] [INFO] [_sm_handler.py::43] Current state: ready
[2025-07-07 12:06:08,968] [INFO] [_sm_handler.py::43] Current state: ready
[2025-07-07 12:06:08,988] [INFO] [_sm_handler.py::43] Current state: ready
[2025-07-07 12:06:08,990] [INFO] [_sm_handler.py::43] Current state: ready
[2025-07-07 12:06:08,998] [INFO] [_sm_handler.py::43] Current state: ready
[2025-07-07 12:06:09,002] [INFO] [_sm_handler.py::43] Current state: ready
[2025-07-07 12:06:09,007] [INFO] [_sm_handler.py::43] Current state: ready
[2025-07-07 12:06:09,009] [INFO] [_sm_handler.py::43] Current state: ready
[2025-07-07 12:06:09,015] [INFO] [_sm_handler.py::43] Current state: ready
[2025-07-07 12:06:09,021] [INFO] [_sm_handler.py::43] Current state: ready
[2025-07-07 12:06:09,041] [INFO] [_sm_handler.py::43] Current state: ready
[2025-07-07 12:06:09,043] [INFO] [_sm_handler.py::43] Current state: ready
[2025-07-07 12:06:09,051] [INFO] [_sm_handler.py::43] Current state: ready
[2025-07-07 12:06:09,055] [INFO] [_sm_handler.py::43] Current state: ready
[2025-07-07 12:06:09,060] [INFO] [_sm_handler.py::43] Current state: ready
[2025-07-07 12:06:09,062] [INFO] [_sm_handler.py::43] Current state: ready
[2025-07-07 12:06:09,068] [INFO] [_sm_handler.py::43] Current state: ready
[2025-07-07 12:06:09,074] [INFO] [_sm_handler.py::43] Current state: ready
[2025-07-07 12:06:09,094] [INFO] [_sm_handler.py::43] Current state: ready
[2025-07-07 12:06:09,096] [INFO] [_sm_handler.py::43] Current state: ready
[2025-07-07 12:06:09,104] [INFO] [_sm_handler.py::43] Current state: ready
[2025-07-07 12:06:09,108] [INFO] [_sm_handler.py::43] Current state: ready
[2025-07-07 12:06:09,113] [INFO] [_sm_handler.py::43] Current state: ready
[2025-07-07 12:06:09,115] [INFO] [_sm_handler.py::43] Current state: ready
[2025-07-07 12:06:09,121] [INFO] [_sm_handler.py::43] Current state: ready
[2025-07-07 12:06:09,127] [INFO] [_sm_handler.py::43] Current state: ready
[2025-07-07 12:06:09,147] [INFO] [_sm_handler.py::43] Current state: ready
[2025-07-07 12:06:09,149] [INFO] [_sm_handler.py::43] Current state: ready
[2025-07-07 12:06:09,156] [INFO] [_sm_handler.py::43] Current state: ready
[2025-07-07 12:06:09,160] [INFO] [_sm_handler.py::43] Current state: ready
[2025-07-07 12:06:09,165] [INFO] [_sm_handler.py::43] Current state: ready
[2025-07-07 12:06:09,167] [INFO] [_sm_handler.py::43] Current state: ready
[2025-07-07 12:06:09,173] [INFO] [_sm_handler.py::43] Current state: ready
[2025-07-07 12:06:09,179] [INFO] [_sm_handler.py::43] Current state: ready
[2025-07-07 12:06:09,200] [INFO] [_sm_handler.py::43] Current state: ready
[2025-07-07 12:06:09,202] [INFO] [_sm_handler.py::43] Current state: ready
[2025-07-07 12:06:09,209] [INFO] [_sm_handler.py::43] Current state: ready
[2025-07-07 12:06:09,213] [INFO] [_sm_handler.py::43] Current state: ready
[2025-07-07 12:06:09,218] [INFO] [_sm_handler.py::43] Current state: ready
[2025-07-07 12:06:09,220] [INFO] [_sm_handler.py::43] Current state: ready
[2025-07-07 12:06:09,226] [INFO] [_sm_handler.py::43] Current state: ready
[2025-07-07 12:06:09,232] [INFO] [_sm_handler.py::43] Current state: ready
[2025-07-07 12:06:09,253] [INFO] [_sm_handler.py::43] Current state: ready
[2025-07-07 12:06:09,255] [INFO] [_sm_handler.py::43] Current state: ready
[2025-07-07 12:06:09,262] [INFO] [_sm_handler.py::43] Current state: ready
[2025-07-07 12:06:09,266] [INFO] [_sm_handler.py::43] Current state: ready
[2025-07-07 12:06:09,270] [INFO] [_sm_handler.py::43] Current state: ready
[2025-07-07 12:06:09,272] [INFO] [_sm_handler.py::43] Current state: ready
[2025-07-07 12:06:09,278] [INFO] [_sm_handler.py::43] Current state: ready
[2025-07-07 12:06:09,284] [INFO] [_sm_handler.py::43] Current state: ready
[2025-07-07 12:06:09,305] [INFO] [_sm_handler.py::43] Current state: ready
[2025-07-07 12:06:09,307] [INFO] [_sm_handler.py::43] Current state: ready
[2025-07-07 12:06:09,314] [INFO] [_sm_handler.py::43] Current state: ready
[2025-07-07 12:06:09,318] [INFO] [_sm_handler.py::43] Current state: ready
[2025-07-07 12:06:09,322] [INFO] [_sm_handler.py::43] Current state: ready
[2025-07-07 12:06:09,324] [INFO] [_sm_handler.py::43] Current state: ready
[2025-07-07 12:06:09,331] [INFO] [_sm_handler.py::43] Current state: ready
[2025-07-07 12:06:09,337] [INFO] [_sm_handler.py::43] Current state: ready
[2025-07-07 12:06:09,358] [INFO] [_sm_handler.py::43] Current state: ready
[2025-07-07 12:06:09,360] [INFO] [_sm_handler.py::43] Current state: ready
[2025-07-07 12:06:09,367] [INFO] [_sm_handler.py::43] Current state: ready
[2025-07-07 12:06:09,371] [INFO] [_sm_handler.py::43] Current state: ready
[2025-07-07 12:06:09,375] [INFO] [_sm_handler.py::43] Current state: ready
[2025-07-07 12:06:09,377] [INFO] [_sm_handler.py::43] Current state: ready
[2025-07-07 12:06:09,384] [INFO] [_sm_handler.py::43] Current state: ready
[2025-07-07 12:06:09,390] [INFO] [_sm_handler.py::43] Current state: ready
[2025-07-07 12:06:09,411] [INFO] [_sm_handler.py::43] Current state: ready
[2025-07-07 12:06:09,413] [INFO] [_sm_handler.py::43] Current state: ready
[2025-07-07 12:06:09,420] [INFO] [_sm_handler.py::43] Current state: ready
[2025-07-07 12:06:09,424] [INFO] [_sm_handler.py::43] Current state: ready
[2025-07-07 12:06:09,428] [INFO] [_sm_handler.py::43] Current state: ready
[2025-07-07 12:06:09,430] [INFO] [_sm_handler.py::43] Current state: ready
[2025-07-07 12:06:09,437] [INFO] [_sm_handler.py::43] Current state: ready
[2025-07-07 12:06:09,442] [INFO] [_sm_handler.py::43] Current state: ready
[2025-07-07 12:06:09,464] [INFO] [_sm_handler.py::43] Current state: ready
[2025-07-07 12:06:09,466] [INFO] [_sm_handler.py::43] Current state: ready
[2025-07-07 12:06:09,473] [INFO] [_sm_handler.py::43] Current state: ready
[2025-07-07 12:06:09,477] [INFO] [_sm_handler.py::43] Current state: ready
[2025-07-07 12:06:09,481] [INFO] [_sm_handler.py::43] Current state: ready
[2025-07-07 12:06:09,483] [INFO] [_sm_handler.py::43] Current state: ready
[2025-07-07 12:06:09,490] [INFO] [_sm_handler.py::43] Current state: ready
[2025-07-07 12:06:09,495] [INFO] [_sm_handler.py::43] Current state: ready
[2025-07-07 12:06:09,517] [INFO] [_sm_handler.py::43] Current state: ready
[2025-07-07 12:06:09,519] [INFO] [_sm_handler.py::43] Current state: ready
[2025-07-07 12:06:09,526] [INFO] [_sm_handler.py::43] Current state: ready
[2025-07-07 12:06:09,530] [INFO] [_sm_handler.py::43] Current state: ready
[2025-07-07 12:06:09,534] [INFO] [_sm_handler.py::43] Current state: ready
[2025-07-07 12:06:09,536] [INFO] [_sm_handler.py::43] Current state: ready
[2025-07-07 12:06:09,543] [INFO] [_sm_handler.py::43] Current state: ready
[2025-07-07 12:06:09,548] [INFO] [_sm_handler.py::43] Current state: ready
[2025-07-07 12:06:09,570] [INFO] [_sm_handler.py::43] Current state: ready
[2025-07-07 12:06:09,572] [INFO] [_sm_handler.py::43] Current state: ready
[2025-07-07 12:06:09,579] [INFO] [_sm_handler.py::43] Current state: ready
[2025-07-07 12:06:09,583] [INFO] [_sm_handler.py::43] Current state: ready
[2025-07-07 12:06:09,586] [INFO] [_sm_handler.py::43] Current state: ready
[2025-07-07 12:06:09,588] [INFO] [_sm_handler.py::43] Current state: ready
[2025-07-07 12:06:09,596] [INFO] [_sm_handler.py::43] Current state: ready
[2025-07-07 12:06:09,601] [INFO] [_sm_handler.py::43] Current state: ready
[2025-07-07 12:06:09,623] [INFO] [_sm_handler.py::43] Current state: ready
[2025-07-07 12:06:09,625] [INFO] [_sm_handler.py::43] Current state: ready
[2025-07-07 12:06:09,632] [INFO] [_sm_handler.py::43] Current state: ready
[2025-07-07 12:06:09,636] [INFO] [_sm_handler.py::43] Current state: ready
[2025-07-07 12:06:09,639] [INFO] [_sm_handler.py::43] Current state: ready
[2025-07-07 12:06:09,641] [INFO] [_sm_handler.py::43] Current state: ready
[2025-07-07 12:06:09,649] [INFO] [_sm_handler.py::43] Current state: ready
[2025-07-07 12:06:09,654] [INFO] [_sm_handler.py::43] Current state: ready
[2025-07-07 12:06:09,676] [INFO] [_sm_handler.py::43] Current state: ready
[2025-07-07 12:06:09,678] [INFO] [_sm_handler.py::43] Current state: ready
[2025-07-07 12:06:09,685] [INFO] [_sm_handler.py::43] Current state: ready
[2025-07-07 12:06:09,689] [INFO] [_sm_handler.py::43] Current state: ready
[2025-07-07 12:06:09,691] [INFO] [_sm_handler.py::43] Current state: ready
[2025-07-07 12:06:09,692] [INFO] [_sm_handler.py::43] Current state: ready
[2025-07-07 12:06:09,701] [INFO] [_sm_handler.py::43] Current state: ready
[2025-07-07 12:06:09,707] [INFO] [_sm_handler.py::43] Current state: ready
[2025-07-07 12:06:09,729] [INFO] [_sm_handler.py::43] Current state: ready
[2025-07-07 12:06:09,731] [INFO] [_sm_handler.py::43] Current state: ready
[2025-07-07 12:06:09,738] [INFO] [_sm_handler.py::43] Current state: ready
[2025-07-07 12:06:09,742] [INFO] [_sm_handler.py::43] Current state: ready
[2025-07-07 12:06:09,744] [INFO] [_sm_handler.py::43] Current state: ready
[2025-07-07 12:06:09,745] [INFO] [_sm_handler.py::43] Current state: ready
[2025-07-07 12:06:09,754] [INFO] [_sm_handler.py::43] Current state: ready
[2025-07-07 12:06:09,760] [INFO] [_sm_handler.py::43] Current state: ready
[2025-07-07 12:06:09,782] [INFO] [_sm_handler.py::43] Current state: ready
[2025-07-07 12:06:09,784] [INFO] [_sm_handler.py::43] Current state: ready
[2025-07-07 12:06:09,791] [INFO] [_sm_handler.py::43] Current state: ready
[2025-07-07 12:06:09,795] [INFO] [_sm_handler.py::43] Current state: ready
[2025-07-07 12:06:09,797] [INFO] [_sm_handler.py::43] Current state: ready
[2025-07-07 12:06:09,798] [INFO] [_sm_handler.py::43] Current state: ready
[2025-07-07 12:06:09,807] [INFO] [_sm_handler.py::43] Current state: ready
[2025-07-07 12:06:09,812] [INFO] [_sm_handler.py::43] Current state: ready
[2025-07-07 12:06:09,835] [INFO] [_sm_handler.py::43] Current state: ready
[2025-07-07 12:06:09,837] [INFO] [_sm_handler.py::43] Current state: ready
[2025-07-07 12:06:09,844] [INFO] [_sm_handler.py::43] Current state: ready
[2025-07-07 12:06:09,847] [INFO] [_sm_handler.py::43] Current state: ready
[2025-07-07 12:06:09,849] [INFO] [_sm_handler.py::43] Current state: ready
[2025-07-07 12:06:09,851] [INFO] [_sm_handler.py::43] Current state: ready
[2025-07-07 12:06:09,860] [INFO] [_sm_handler.py::43] Current state: ready
[2025-07-07 12:06:09,865] [INFO] [_sm_handler.py::43] Current state: ready
[2025-07-07 12:06:09,887] [INFO] [_sm_handler.py::43] Current state: ready
[2025-07-07 12:06:09,889] [INFO] [_sm_handler.py::43] Current state: ready
[2025-07-07 12:06:09,896] [INFO] [_sm_handler.py::43] Current state: ready
[2025-07-07 12:06:09,900] [INFO] [_sm_handler.py::43] Current state: ready
[2025-07-07 12:06:09,902] [INFO] [_sm_handler.py::43] Current state: ready
[2025-07-07 12:06:09,904] [INFO] [_sm_handler.py::43] Current state: ready
[2025-07-07 12:06:09,913] [INFO] [_sm_handler.py::43] Current state: ready
[2025-07-07 12:06:09,918] [INFO] [_sm_handler.py::43] Current state: ready
[2025-07-07 12:06:09,940] [INFO] [_sm_handler.py::43] Current state: ready
[2025-07-07 12:06:09,942] [INFO] [_sm_handler.py::43] Current state: ready
[2025-07-07 12:06:09,949] [INFO] [_sm_handler.py::43] Current state: ready
[2025-07-07 12:06:09,953] [INFO] [_sm_handler.py::43] Current state: ready
[2025-07-07 12:06:09,955] [INFO] [_sm_handler.py::43] Current state: ready
[2025-07-07 12:06:09,957] [INFO] [_sm_handler.py::43] Current state: ready
[2025-07-07 12:06:09,966] [INFO] [_sm_handler.py::43] Current state: ready
[2025-07-07 12:06:09,971] [INFO] [_sm_handler.py::43] Current state: ready
[2025-07-07 12:06:09,993] [INFO] [_sm_handler.py::43] Current state: ready
[2025-07-07 12:06:09,995] [INFO] [_sm_handler.py::43] Current state: ready
[2025-07-07 12:06:10,002] [INFO] [_sm_handler.py::43] Current state: ready
[2025-07-07 12:06:10,006] [INFO] [_sm_handler.py::43] Current state: ready
[2025-07-07 12:06:10,008] [INFO] [_sm_handler.py::43] Current state: ready
[2025-07-07 12:06:10,010] [INFO] [_sm_handler.py::43] Current state: ready
[2025-07-07 12:06:10,018] [INFO] [_sm_handler.py::43] Current state: ready
[2025-07-07 12:06:10,023] [INFO] [_sm_handler.py::43] Current state: ready
[2025-07-07 12:06:10,046] [INFO] [_sm_handler.py::43] Current state: ready
[2025-07-07 12:06:10,048] [INFO] [_sm_handler.py::43] Current state: ready
[2025-07-07 12:06:10,055] [INFO] [_sm_handler.py::43] Current state: ready
[2025-07-07 12:06:10,059] [INFO] [_sm_handler.py::43] Current state: ready
[2025-07-07 12:06:10,061] [INFO] [_sm_handler.py::43] Current state: ready
[2025-07-07 12:06:10,063] [INFO] [_sm_handler.py::43] Current state: ready
[2025-07-07 12:06:10,071] [INFO] [_sm_handler.py::43] Current state: ready
[2025-07-07 12:06:10,076] [INFO] [_sm_handler.py::43] Current state: ready
[2025-07-07 12:06:10,098] [INFO] [_sm_handler.py::43] Current state: ready
[2025-07-07 12:06:10,100] [INFO] [_sm_handler.py::43] Current state: ready
[2025-07-07 12:06:10,108] [INFO] [_sm_handler.py::43] Current state: ready
[2025-07-07 12:06:10,112] [INFO] [_sm_handler.py::43] Current state: ready
[2025-07-07 12:06:10,114] [INFO] [_sm_handler.py::43] Current state: ready
[2025-07-07 12:06:10,116] [INFO] [_sm_handler.py::43] Current state: ready
[2025-07-07 12:06:10,123] [INFO] [_sm_handler.py::43] Current state: ready
[2025-07-07 12:06:10,129] [INFO] [_sm_handler.py::43] Current state: ready
[2025-07-07 12:06:10,151] [INFO] [_sm_handler.py::43] Current state: ready
[2025-07-07 12:06:10,153] [INFO] [_sm_handler.py::43] Current state: ready
[2025-07-07 12:06:10,161] [INFO] [_sm_handler.py::43] Current state: ready
[2025-07-07 12:06:10,165] [INFO] [_sm_handler.py::43] Current state: ready
[2025-07-07 12:06:10,167] [INFO] [_sm_handler.py::43] Current state: ready
[2025-07-07 12:06:10,169] [INFO] [_sm_handler.py::43] Current state: ready
[2025-07-07 12:06:10,177] [INFO] [_sm_handler.py::43] Current state: ready
[2025-07-07 12:06:10,182] [INFO] [_sm_handler.py::43] Current state: ready
[2025-07-07 12:06:10,204] [INFO] [_sm_handler.py::43] Current state: ready
[2025-07-07 12:06:10,206] [INFO] [_sm_handler.py::43] Current state: ready
[2025-07-07 12:06:10,214] [INFO] [_sm_handler.py::43] Current state: ready
[2025-07-07 12:06:10,218] [INFO] [_sm_handler.py::43] Current state: ready
[2025-07-07 12:06:10,220] [INFO] [_sm_handler.py::43] Current state: ready
[2025-07-07 12:06:10,222] [INFO] [_sm_handler.py::43] Current state: ready
[2025-07-07 12:06:10,229] [INFO] [_sm_handler.py::43] Current state: ready
[2025-07-07 12:06:10,235] [INFO] [_sm_handler.py::43] Current state: ready
[2025-07-07 12:06:10,257] [INFO] [_sm_handler.py::43] Current state: ready
[2025-07-07 12:06:10,259] [INFO] [_sm_handler.py::43] Current state: ready
[2025-07-07 12:06:10,267] [INFO] [_sm_handler.py::43] Current state: ready
[2025-07-07 12:06:10,271] [INFO] [_sm_handler.py::43] Current state: ready
[2025-07-07 12:06:10,273] [INFO] [_sm_handler.py::43] Current state: ready
[2025-07-07 12:06:10,274] [INFO] [_sm_handler.py::43] Current state: ready
[2025-07-07 12:06:10,282] [INFO] [_sm_handler.py::43] Current state: ready
[2025-07-07 12:06:10,287] [INFO] [_sm_handler.py::43] Current state: ready
[2025-07-07 12:06:10,310] [INFO] [_sm_handler.py::43] Current state: ready
[2025-07-07 12:06:10,312] [INFO] [_sm_handler.py::43] Current state: ready
[2025-07-07 12:06:10,320] [INFO] [_sm_handler.py::43] Current state: ready
[2025-07-07 12:06:10,324] [INFO] [_sm_handler.py::43] Current state: ready
[2025-07-07 12:06:10,326] [INFO] [_sm_handler.py::43] Current state: ready
[2025-07-07 12:06:10,327] [INFO] [_sm_handler.py::43] Current state: ready
[2025-07-07 12:06:10,335] [INFO] [_sm_handler.py::43] Current state: ready
[2025-07-07 12:06:10,340] [INFO] [_sm_handler.py::43] Current state: ready
[2025-07-07 12:06:10,363] [INFO] [_sm_handler.py::43] Current state: ready
[2025-07-07 12:06:10,365] [INFO] [_sm_handler.py::43] Current state: ready
[2025-07-07 12:06:10,373] [INFO] [_sm_handler.py::43] Current state: ready
[2025-07-07 12:06:10,376] [INFO] [_sm_handler.py::43] Current state: ready
[2025-07-07 12:06:10,378] [INFO] [_sm_handler.py::43] Current state: ready
[2025-07-07 12:06:10,379] [INFO] [_sm_handler.py::43] Current state: ready
[2025-07-07 12:06:10,388] [INFO] [_sm_handler.py::43] Current state: ready
[2025-07-07 12:06:10,392] [INFO] [_sm_handler.py::43] Current state: ready
[2025-07-07 12:06:10,416] [INFO] [_sm_handler.py::43] Current state: ready
[2025-07-07 12:06:10,418] [INFO] [_sm_handler.py::43] Current state: ready
[2025-07-07 12:06:10,426] [INFO] [_sm_handler.py::43] Current state: ready
[2025-07-07 12:06:10,428] [INFO] [_sm_handler.py::43] Current state: ready
[2025-07-07 12:06:10,429] [INFO] [_sm_handler.py::43] Current state: ready
[2025-07-07 12:06:10,431] [INFO] [_sm_handler.py::43] Current state: ready
[2025-07-07 12:06:10,441] [INFO] [_sm_handler.py::43] Current state: ready
[2025-07-07 12:06:10,445] [INFO] [_sm_handler.py::43] Current state: ready
[2025-07-07 12:06:10,468] [INFO] [_sm_handler.py::43] Current state: ready
[2025-07-07 12:06:10,470] [INFO] [_sm_handler.py::43] Current state: ready
[2025-07-07 12:06:10,478] [INFO] [_sm_handler.py::43] Current state: ready
[2025-07-07 12:06:10,480] [INFO] [_sm_handler.py::43] Current state: ready
[2025-07-07 12:06:10,482] [INFO] [_sm_handler.py::43] Current state: ready
[2025-07-07 12:06:10,484] [INFO] [_sm_handler.py::43] Current state: ready
[2025-07-07 12:06:10,493] [INFO] [_sm_handler.py::43] Current state: ready
[2025-07-07 12:06:10,498] [INFO] [_sm_handler.py::43] Current state: ready
[2025-07-07 12:06:10,521] [INFO] [_sm_handler.py::43] Current state: ready
[2025-07-07 12:06:10,523] [INFO] [_sm_handler.py::43] Current state: ready
[2025-07-07 12:06:10,531] [INFO] [_sm_handler.py::43] Current state: ready
[2025-07-07 12:06:10,533] [INFO] [_sm_handler.py::43] Current state: ready
[2025-07-07 12:06:10,534] [INFO] [_sm_handler.py::43] Current state: ready
[2025-07-07 12:06:10,536] [INFO] [_sm_handler.py::43] Current state: ready
[2025-07-07 12:06:10,546] [INFO] [_sm_handler.py::43] Current state: ready
[2025-07-07 12:06:10,550] [INFO] [_sm_handler.py::43] Current state: ready
[2025-07-07 12:06:10,573] [INFO] [_sm_handler.py::43] Current state: ready
[2025-07-07 12:06:10,575] [INFO] [_sm_handler.py::43] Current state: ready
[2025-07-07 12:06:10,583] [INFO] [_sm_handler.py::43] Current state: ready
[2025-07-07 12:06:10,585] [INFO] [_sm_handler.py::43] Current state: ready
[2025-07-07 12:06:10,587] [INFO] [_sm_handler.py::43] Current state: ready
[2025-07-07 12:06:10,589] [INFO] [_sm_handler.py::43] Current state: ready
[2025-07-07 12:06:10,599] [INFO] [_sm_handler.py::43] Current state: ready
[2025-07-07 12:06:10,604] [INFO] [_sm_handler.py::43] Current state: ready
[2025-07-07 12:06:10,626] [INFO] [_sm_handler.py::43] Current state: ready
[2025-07-07 12:06:10,628] [INFO] [_sm_handler.py::43] Current state: ready
[2025-07-07 12:06:10,636] [INFO] [_sm_handler.py::43] Current state: ready
[2025-07-07 12:06:10,637] [INFO] [_sm_handler.py::43] Current state: ready
[2025-07-07 12:06:10,639] [INFO] [_sm_handler.py::43] Current state: ready
[2025-07-07 12:06:10,641] [INFO] [_sm_handler.py::43] Current state: ready
[2025-07-07 12:06:10,651] [INFO] [_sm_handler.py::43] Current state: ready
[2025-07-07 12:06:10,656] [INFO] [_sm_handler.py::43] Current state: ready
[2025-07-07 12:06:10,678] [INFO] [_sm_handler.py::43] Current state: ready
[2025-07-07 12:06:10,680] [INFO] [_sm_handler.py::43] Current state: ready
[2025-07-07 12:06:10,688] [INFO] [_sm_handler.py::43] Current state: ready
[2025-07-07 12:06:10,690] [INFO] [_sm_handler.py::43] Current state: ready
[2025-07-07 12:06:10,692] [INFO] [_sm_handler.py::43] Current state: ready
[2025-07-07 12:06:10,693] [INFO] [_sm_handler.py::43] Current state: ready
[2025-07-07 12:06:10,703] [INFO] [_sm_handler.py::43] Current state: ready
[2025-07-07 12:06:10,708] [INFO] [_sm_handler.py::43] Current state: ready
[2025-07-07 12:06:10,730] [INFO] [_sm_handler.py::43] Current state: ready
[2025-07-07 12:06:10,732] [INFO] [_sm_handler.py::43] Current state: ready
[2025-07-07 12:06:10,740] [INFO] [_sm_handler.py::43] Current state: ready
[2025-07-07 12:06:10,742] [INFO] [_sm_handler.py::43] Current state: ready
[2025-07-07 12:06:10,744] [INFO] [_sm_handler.py::43] Current state: ready
[2025-07-07 12:06:10,746] [INFO] [_sm_handler.py::43] Current state: ready
[2025-07-07 12:06:10,756] [INFO] [_sm_handler.py::43] Current state: ready
[2025-07-07 12:06:10,761] [INFO] [_sm_handler.py::43] Current state: ready
[2025-07-07 12:06:10,783] [INFO] [_sm_handler.py::43] Current state: ready
[2025-07-07 12:06:10,785] [INFO] [_sm_handler.py::43] Current state: ready
[2025-07-07 12:06:10,793] [INFO] [_sm_handler.py::43] Current state: ready
[2025-07-07 12:06:10,795] [INFO] [_sm_handler.py::43] Current state: ready
[2025-07-07 12:06:10,796] [INFO] [_sm_handler.py::43] Current state: ready
[2025-07-07 12:06:10,798] [INFO] [_sm_handler.py::43] Current state: ready
[2025-07-07 12:06:10,808] [INFO] [_sm_handler.py::43] Current state: ready
[2025-07-07 12:06:10,813] [INFO] [_sm_handler.py::43] Current state: ready
[2025-07-07 12:06:10,835] [INFO] [_sm_handler.py::43] Current state: ready
[2025-07-07 12:06:10,837] [INFO] [_sm_handler.py::43] Current state: ready
[2025-07-07 12:06:10,845] [INFO] [_sm_handler.py::43] Current state: ready
[2025-07-07 12:06:10,847] [INFO] [_sm_handler.py::43] Current state: ready
[2025-07-07 12:06:10,849] [INFO] [_sm_handler.py::43] Current state: ready
[2025-07-07 12:06:10,851] [INFO] [_sm_handler.py::43] Current state: ready
[2025-07-07 12:06:10,861] [INFO] [_sm_handler.py::43] Current state: ready
[2025-07-07 12:06:10,866] [INFO] [_sm_handler.py::43] Current state: ready
[2025-07-07 12:06:10,888] [INFO] [_sm_handler.py::43] Current state: ready
[2025-07-07 12:06:10,890] [INFO] [_sm_handler.py::43] Current state: ready
[2025-07-07 12:06:10,898] [INFO] [_sm_handler.py::43] Current state: ready
[2025-07-07 12:06:10,900] [INFO] [_sm_handler.py::43] Current state: ready
[2025-07-07 12:06:10,902] [INFO] [_sm_handler.py::43] Current state: ready
[2025-07-07 12:06:10,903] [INFO] [_sm_handler.py::43] Current state: ready
[2025-07-07 12:06:10,913] [INFO] [_sm_handler.py::43] Current state: ready
[2025-07-07 12:06:10,918] [INFO] [_sm_handler.py::43] Current state: ready
[2025-07-07 12:06:10,941] [INFO] [_sm_handler.py::43] Current state: ready
[2025-07-07 12:06:10,943] [INFO] [_sm_handler.py::43] Current state: ready
[2025-07-07 12:06:10,951] [INFO] [_sm_handler.py::43] Current state: ready
[2025-07-07 12:06:10,953] [INFO] [_sm_handler.py::43] Current state: ready
[2025-07-07 12:06:10,954] [INFO] [_sm_handler.py::43] Current state: ready
[2025-07-07 12:06:10,956] [INFO] [_sm_handler.py::43] Current state: ready
[2025-07-07 12:06:10,966] [INFO] [_sm_handler.py::43] Current state: ready
[2025-07-07 12:06:10,971] [INFO] [_sm_handler.py::43] Current state: ready
[2025-07-07 12:06:10,993] [INFO] [_sm_handler.py::43] Current state: ready
[2025-07-07 12:06:10,995] [INFO] [_sm_handler.py::43] Current state: ready
[2025-07-07 12:06:11,003] [INFO] [_sm_handler.py::43] Current state: ready
[2025-07-07 12:06:11,005] [INFO] [_sm_handler.py::43] Current state: ready
[2025-07-07 12:06:11,007] [INFO] [_sm_handler.py::43] Current state: ready
[2025-07-07 12:06:11,009] [INFO] [_sm_handler.py::43] Current state: ready
[2025-07-07 12:06:11,019] [INFO] [_sm_handler.py::43] Current state: ready
[2025-07-07 12:06:11,024] [INFO] [_sm_handler.py::43] Current state: ready
[2025-07-07 12:06:11,046] [INFO] [_sm_handler.py::43] Current state: ready
[2025-07-07 12:06:11,048] [INFO] [_sm_handler.py::43] Current state: ready
[2025-07-07 12:06:11,056] [INFO] [_sm_handler.py::43] Current state: ready
[2025-07-07 12:06:11,058] [INFO] [_sm_handler.py::43] Current state: ready
[2025-07-07 12:06:11,059] [INFO] [_sm_handler.py::43] Current state: ready
[2025-07-07 12:06:11,061] [INFO] [_sm_handler.py::43] Current state: ready
[2025-07-07 12:06:11,071] [INFO] [_sm_handler.py::43] Current state: ready
[2025-07-07 12:06:11,076] [INFO] [_sm_handler.py::43] Current state: ready
[2025-07-07 12:06:11,098] [INFO] [_sm_handler.py::43] Current state: ready
[2025-07-07 12:06:11,100] [INFO] [_sm_handler.py::43] Current state: ready
[2025-07-07 12:06:11,108] [INFO] [_sm_handler.py::43] Current state: ready
[2025-07-07 12:06:11,110] [INFO] [_sm_handler.py::43] Current state: ready
[2025-07-07 12:06:11,112] [INFO] [_sm_handler.py::43] Current state: ready
[2025-07-07 12:06:11,114] [INFO] [_sm_handler.py::43] Current state: ready
[2025-07-07 12:06:11,124] [INFO] [_sm_handler.py::43] Current state: ready
[2025-07-07 12:06:11,129] [INFO] [_sm_handler.py::43] Current state: ready
[2025-07-07 12:06:11,151] [INFO] [_sm_handler.py::43] Current state: ready
[2025-07-07 12:06:11,153] [INFO] [_sm_handler.py::43] Current state: ready
[2025-07-07 12:06:11,161] [INFO] [_sm_handler.py::43] Current state: ready
[2025-07-07 12:06:11,163] [INFO] [_sm_handler.py::43] Current state: ready
[2025-07-07 12:06:11,165] [ERROR] [_edge_cluster_frontend_client.py::86] Error during execution: HTTPConnectionPool(host='172.21.0.1', port=1339): Read timed out. (read timeout=20)
[2025-07-07 12:06:11,166] [ERROR] [_device_runtime_state_machine.py::219] There was a request error. Detailed message: HTTPConnectionPool(host='172.21.0.1', port=1339): Read timed out. (read timeout=20)
[2025-07-07 12:06:11,166] [INFO] [_sm_handler.py::43] Current state: ready
[2025-07-07 12:06:11,168] [INFO] [_sm_handler.py::43] Current state: ready
[2025-07-07 12:06:11,176] [INFO] [_sm_handler.py::43] Current state: ready
[2025-07-07 12:06:11,181] [INFO] [_sm_handler.py::43] Current state: ready
[2025-07-07 12:06:11,203] [INFO] [_sm_handler.py::43] Current state: ready
[2025-07-07 12:06:11,205] [INFO] [_sm_handler.py::43] Current state: ready
[2025-07-07 12:06:11,213] [INFO] [_sm_handler.py::43] Current state: ready
[2025-07-07 12:06:11,215] [INFO] [_sm_handler.py::43] Current state: ready
[2025-07-07 12:06:11,217] [INFO] [_sm_handler.py::43] Current state: ready
[2025-07-07 12:06:11,219] [INFO] [_sm_handler.py::43] Current state: ready
[2025-07-07 12:06:11,222] [INFO] [_sm_handler.py::43] Current state: ready
[2025-07-07 12:06:11,229] [INFO] [_sm_handler.py::43] Current state: ready
[2025-07-07 12:06:11,234] [INFO] [_sm_handler.py::43] Current state: ready
[2025-07-07 12:06:11,256] [INFO] [_sm_handler.py::43] Current state: ready
[2025-07-07 12:06:11,258] [INFO] [_sm_handler.py::43] Current state: ready
[2025-07-07 12:06:11,266] [INFO] [_sm_handler.py::43] Current state: ready
[2025-07-07 12:06:11,268] [INFO] [_sm_handler.py::43] Current state: ready
[2025-07-07 12:06:11,272] [INFO] [_sm_handler.py::43] Current state: ready
[2025-07-07 12:06:11,274] [INFO] [_sm_handler.py::43] Current state: ready
[2025-07-07 12:06:11,282] [INFO] [_sm_handler.py::43] Current state: ready
[2025-07-07 12:06:11,284] [INFO] [_sm_handler.py::43] Current state: init
[2025-07-07 12:06:11,286] [INFO] [_sm_handler.py::43] Current state: ready
[2025-07-07 12:06:11,308] [INFO] [_sm_handler.py::43] Current state: ready
[2025-07-07 12:06:11,310] [INFO] [_sm_handler.py::43] Current state: ready
[2025-07-07 12:06:11,318] [INFO] [_sm_handler.py::43] Current state: ready
[2025-07-07 12:06:11,320] [INFO] [_sm_handler.py::43] Current state: ready
[2025-07-07 12:06:11,324] [INFO] [_sm_handler.py::43] Current state: ready
[2025-07-07 12:06:11,326] [INFO] [_sm_handler.py::43] Current state: ready
[2025-07-07 12:06:11,334] [INFO] [_sm_handler.py::43] Current state: ready
[2025-07-07 12:06:11,338] [INFO] [_sm_handler.py::43] Current state: ready
[2025-07-07 12:06:11,344] [INFO] [_sm_handler.py::43] Current state: send_init_request
[2025-07-07 12:06:11,361] [INFO] [_sm_handler.py::43] Current state: ready
[2025-07-07 12:06:11,363] [INFO] [_sm_handler.py::43] Current state: ready
[2025-07-07 12:06:11,371] [INFO] [_sm_handler.py::43] Current state: ready
[2025-07-07 12:06:11,373] [INFO] [_sm_handler.py::43] Current state: ready
[2025-07-07 12:06:11,377] [INFO] [_sm_handler.py::43] Current state: ready
[2025-07-07 12:06:11,379] [INFO] [_sm_handler.py::43] Current state: ready
[2025-07-07 12:06:11,387] [INFO] [_sm_handler.py::43] Current state: ready
[2025-07-07 12:06:11,391] [INFO] [_sm_handler.py::43] Current state: ready
[2025-07-07 12:06:11,410] [INFO] [_sm_handler.py::43] Current state: get_ecf_address
[2025-07-07 12:06:11,413] [INFO] [_sm_handler.py::43] Current state: ready
[2025-07-07 12:06:11,415] [INFO] [_sm_handler.py::43] Current state: ready
[2025-07-07 12:06:11,424] [INFO] [_sm_handler.py::43] Current state: ready
[2025-07-07 12:06:11,426] [INFO] [_sm_handler.py::43] Current state: ready
[2025-07-07 12:06:11,430] [INFO] [_sm_handler.py::43] Current state: ready
[2025-07-07 12:06:11,432] [INFO] [_sm_handler.py::43] Current state: ready
[2025-07-07 12:06:11,440] [INFO] [_sm_handler.py::43] Current state: ready
[2025-07-07 12:06:11,444] [INFO] [_sm_handler.py::43] Current state: ready
[2025-07-07 12:06:11,462] [INFO] [_sm_handler.py::43] Current state: ready
[2025-07-07 12:06:11,465] [INFO] [_sm_handler.py::43] Current state: ready
[2025-07-07 12:06:11,467] [INFO] [_sm_handler.py::43] Current state: ready
[2025-07-07 12:06:11,477] [INFO] [_sm_handler.py::43] Current state: ready
[2025-07-07 12:06:11,479] [INFO] [_sm_handler.py::43] Current state: ready
[2025-07-07 12:06:11,483] [INFO] [_sm_handler.py::43] Current state: ready
[2025-07-07 12:06:11,485] [INFO] [_sm_handler.py::43] Current state: ready
[2025-07-07 12:06:11,492] [INFO] [_sm_handler.py::43] Current state: ready
[2025-07-07 12:06:11,497] [INFO] [_sm_handler.py::43] Current state: ready
[2025-07-07 12:06:11,515] [INFO] [_sm_handler.py::43] Current state: ready
[2025-07-07 12:06:11,517] [INFO] [_sm_handler.py::43] Current state: ready
[2025-07-07 12:06:11,519] [INFO] [_sm_handler.py::43] Current state: ready
[2025-07-07 12:06:11,530] [INFO] [_sm_handler.py::43] Current state: ready
[2025-07-07 12:06:11,532] [INFO] [_sm_handler.py::43] Current state: ready
[2025-07-07 12:06:11,535] [INFO] [_sm_handler.py::43] Current state: ready
[2025-07-07 12:06:11,538] [INFO] [_sm_handler.py::43] Current state: ready
[2025-07-07 12:06:11,546] [INFO] [_sm_handler.py::43] Current state: ready
[2025-07-07 12:06:11,550] [INFO] [_sm_handler.py::43] Current state: ready
[2025-07-07 12:06:11,568] [INFO] [_sm_handler.py::43] Current state: ready
[2025-07-07 12:06:11,570] [INFO] [_sm_handler.py::43] Current state: ready
[2025-07-07 12:06:11,572] [INFO] [_sm_handler.py::43] Current state: ready
[2025-07-07 12:06:11,583] [INFO] [_sm_handler.py::43] Current state: ready
[2025-07-07 12:06:11,585] [INFO] [_sm_handler.py::43] Current state: ready
[2025-07-07 12:06:11,588] [INFO] [_sm_handler.py::43] Current state: ready
[2025-07-07 12:06:11,590] [INFO] [_sm_handler.py::43] Current state: ready
[2025-07-07 12:06:11,598] [INFO] [_sm_handler.py::43] Current state: ready
[2025-07-07 12:06:11,602] [INFO] [_sm_handler.py::43] Current state: ready
[2025-07-07 12:06:11,621] [INFO] [_sm_handler.py::43] Current state: ready
[2025-07-07 12:06:11,623] [INFO] [_sm_handler.py::43] Current state: ready
[2025-07-07 12:06:11,624] [INFO] [_sm_handler.py::43] Current state: ready
[2025-07-07 12:06:11,635] [INFO] [_sm_handler.py::43] Current state: ready
[2025-07-07 12:06:11,637] [INFO] [_sm_handler.py::43] Current state: ready
[2025-07-07 12:06:11,641] [INFO] [_sm_handler.py::43] Current state: ready
[2025-07-07 12:06:11,643] [INFO] [_sm_handler.py::43] Current state: ready
[2025-07-07 12:06:11,651] [INFO] [_sm_handler.py::43] Current state: ready
[2025-07-07 12:06:11,655] [INFO] [_sm_handler.py::43] Current state: ready
[2025-07-07 12:06:11,674] [INFO] [_sm_handler.py::43] Current state: ready
[2025-07-07 12:06:11,676] [INFO] [_sm_handler.py::43] Current state: ready
[2025-07-07 12:06:11,677] [INFO] [_sm_handler.py::43] Current state: ready
[2025-07-07 12:06:11,688] [INFO] [_sm_handler.py::43] Current state: ready
[2025-07-07 12:06:11,690] [INFO] [_sm_handler.py::43] Current state: ready
[2025-07-07 12:06:11,694] [INFO] [_sm_handler.py::43] Current state: ready
[2025-07-07 12:06:11,696] [INFO] [_sm_handler.py::43] Current state: ready
[2025-07-07 12:06:11,704] [INFO] [_sm_handler.py::43] Current state: ready
[2025-07-07 12:06:11,708] [INFO] [_sm_handler.py::43] Current state: ready
[2025-07-07 12:06:11,726] [INFO] [_sm_handler.py::43] Current state: ready
[2025-07-07 12:06:11,728] [INFO] [_sm_handler.py::43] Current state: ready
[2025-07-07 12:06:11,730] [INFO] [_sm_handler.py::43] Current state: ready
[2025-07-07 12:06:11,741] [INFO] [_sm_handler.py::43] Current state: ready
[2025-07-07 12:06:11,743] [INFO] [_sm_handler.py::43] Current state: ready
[2025-07-07 12:06:11,747] [INFO] [_sm_handler.py::43] Current state: ready
[2025-07-07 12:06:11,749] [INFO] [_sm_handler.py::43] Current state: ready
[2025-07-07 12:06:11,757] [INFO] [_sm_handler.py::43] Current state: ready
[2025-07-07 12:06:11,761] [INFO] [_sm_handler.py::43] Current state: ready
[2025-07-07 12:06:11,779] [INFO] [_sm_handler.py::43] Current state: ready
[2025-07-07 12:06:11,781] [INFO] [_sm_handler.py::43] Current state: ready
[2025-07-07 12:06:11,783] [INFO] [_sm_handler.py::43] Current state: ready
[2025-07-07 12:06:11,794] [INFO] [_sm_handler.py::43] Current state: ready
[2025-07-07 12:06:11,796] [INFO] [_sm_handler.py::43] Current state: ready
[2025-07-07 12:06:11,799] [INFO] [_sm_handler.py::43] Current state: ready
[2025-07-07 12:06:11,801] [INFO] [_sm_handler.py::43] Current state: ready
[2025-07-07 12:06:11,809] [INFO] [_sm_handler.py::43] Current state: ready
[2025-07-07 12:06:11,814] [INFO] [_sm_handler.py::43] Current state: ready
[2025-07-07 12:06:11,832] [INFO] [_sm_handler.py::43] Current state: ready
[2025-07-07 12:06:11,834] [INFO] [_sm_handler.py::43] Current state: ready
[2025-07-07 12:06:11,835] [INFO] [_sm_handler.py::43] Current state: ready
[2025-07-07 12:06:11,846] [INFO] [_sm_handler.py::43] Current state: ready
[2025-07-07 12:06:11,848] [INFO] [_sm_handler.py::43] Current state: ready
[2025-07-07 12:06:11,852] [INFO] [_sm_handler.py::43] Current state: ready
[2025-07-07 12:06:11,854] [INFO] [_sm_handler.py::43] Current state: ready
[2025-07-07 12:06:11,862] [INFO] [_sm_handler.py::43] Current state: ready
[2025-07-07 12:06:11,866] [INFO] [_sm_handler.py::43] Current state: ready
[2025-07-07 12:06:11,885] [INFO] [_sm_handler.py::43] Current state: ready
[2025-07-07 12:06:11,887] [INFO] [_sm_handler.py::43] Current state: ready
[2025-07-07 12:06:11,888] [INFO] [_sm_handler.py::43] Current state: ready
[2025-07-07 12:06:11,899] [INFO] [_sm_handler.py::43] Current state: ready
[2025-07-07 12:06:11,902] [INFO] [_sm_handler.py::43] Current state: ready
[2025-07-07 12:06:11,905] [INFO] [_sm_handler.py::43] Current state: ready
[2025-07-07 12:06:11,907] [INFO] [_sm_handler.py::43] Current state: ready
[2025-07-07 12:06:11,915] [INFO] [_sm_handler.py::43] Current state: ready
[2025-07-07 12:06:11,920] [INFO] [_sm_handler.py::43] Current state: ready
[2025-07-07 12:06:11,937] [INFO] [_sm_handler.py::43] Current state: ready
[2025-07-07 12:06:11,939] [INFO] [_sm_handler.py::43] Current state: ready
[2025-07-07 12:06:11,941] [INFO] [_sm_handler.py::43] Current state: ready
[2025-07-07 12:06:11,953] [INFO] [_sm_handler.py::43] Current state: ready
[2025-07-07 12:06:11,955] [INFO] [_sm_handler.py::43] Current state: ready
[2025-07-07 12:06:11,958] [INFO] [_sm_handler.py::43] Current state: ready
[2025-07-07 12:06:11,959] [INFO] [_sm_handler.py::43] Current state: ready
[2025-07-07 12:06:11,968] [INFO] [_sm_handler.py::43] Current state: ready
[2025-07-07 12:06:11,973] [INFO] [_sm_handler.py::43] Current state: ready
[2025-07-07 12:06:11,990] [INFO] [_sm_handler.py::43] Current state: ready
[2025-07-07 12:06:11,992] [INFO] [_sm_handler.py::43] Current state: ready
[2025-07-07 12:06:11,993] [INFO] [_sm_handler.py::43] Current state: ready
[2025-07-07 12:06:12,005] [INFO] [_sm_handler.py::43] Current state: ready
[2025-07-07 12:06:12,007] [INFO] [_sm_handler.py::43] Current state: ready
[2025-07-07 12:06:12,010] [INFO] [_sm_handler.py::43] Current state: ready
[2025-07-07 12:06:12,012] [INFO] [_sm_handler.py::43] Current state: ready
[2025-07-07 12:06:12,021] [INFO] [_sm_handler.py::43] Current state: ready
[2025-07-07 12:06:12,025] [INFO] [_sm_handler.py::43] Current state: ready
[2025-07-07 12:06:12,042] [INFO] [_sm_handler.py::43] Current state: ready
[2025-07-07 12:06:12,044] [INFO] [_sm_handler.py::43] Current state: ready
[2025-07-07 12:06:12,046] [INFO] [_sm_handler.py::43] Current state: ready
[2025-07-07 12:06:12,058] [INFO] [_sm_handler.py::43] Current state: ready
[2025-07-07 12:06:12,060] [INFO] [_sm_handler.py::43] Current state: ready
[2025-07-07 12:06:12,063] [INFO] [_sm_handler.py::43] Current state: ready
[2025-07-07 12:06:12,065] [INFO] [_sm_handler.py::43] Current state: ready
[2025-07-07 12:06:12,073] [INFO] [_sm_handler.py::43] Current state: ready
[2025-07-07 12:06:12,078] [INFO] [_sm_handler.py::43] Current state: ready
[2025-07-07 12:06:12,095] [INFO] [_sm_handler.py::43] Current state: ready
[2025-07-07 12:06:12,097] [INFO] [_sm_handler.py::43] Current state: ready
[2025-07-07 12:06:12,099] [INFO] [_sm_handler.py::43] Current state: ready
[2025-07-07 12:06:12,111] [INFO] [_sm_handler.py::43] Current state: ready
[2025-07-07 12:06:12,112] [INFO] [_sm_handler.py::43] Current state: ready
[2025-07-07 12:06:12,115] [INFO] [_sm_handler.py::43] Current state: ready
[2025-07-07 12:06:12,117] [INFO] [_sm_handler.py::43] Current state: ready
[2025-07-07 12:06:12,126] [INFO] [_sm_handler.py::43] Current state: ready
[2025-07-07 12:06:12,130] [INFO] [_sm_handler.py::43] Current state: ready
[2025-07-07 12:06:12,147] [INFO] [_sm_handler.py::43] Current state: ready
[2025-07-07 12:06:12,149] [INFO] [_sm_handler.py::43] Current state: ready
[2025-07-07 12:06:12,151] [INFO] [_sm_handler.py::43] Current state: ready
[2025-07-07 12:06:12,163] [INFO] [_sm_handler.py::43] Current state: ready
[2025-07-07 12:06:12,165] [INFO] [_sm_handler.py::43] Current state: ready
[2025-07-07 12:06:12,168] [INFO] [_sm_handler.py::43] Current state: ready
[2025-07-07 12:06:12,170] [INFO] [_sm_handler.py::43] Current state: ready
[2025-07-07 12:06:12,179] [INFO] [_sm_handler.py::43] Current state: ready
[2025-07-07 12:06:12,183] [INFO] [_sm_handler.py::43] Current state: ready
[2025-07-07 12:06:12,200] [INFO] [_sm_handler.py::43] Current state: ready
[2025-07-07 12:06:12,202] [INFO] [_sm_handler.py::43] Current state: ready
[2025-07-07 12:06:12,204] [INFO] [_sm_handler.py::43] Current state: ready
[2025-07-07 12:06:12,216] [INFO] [_sm_handler.py::43] Current state: ready
[2025-07-07 12:06:12,218] [INFO] [_sm_handler.py::43] Current state: ready
[2025-07-07 12:06:12,221] [INFO] [_sm_handler.py::43] Current state: ready
[2025-07-07 12:06:12,222] [INFO] [_sm_handler.py::43] Current state: ready
[2025-07-07 12:06:12,231] [INFO] [_sm_handler.py::43] Current state: ready
[2025-07-07 12:06:12,235] [INFO] [_sm_handler.py::43] Current state: ready
[2025-07-07 12:06:12,252] [INFO] [_sm_handler.py::43] Current state: ready
[2025-07-07 12:06:12,254] [INFO] [_sm_handler.py::43] Current state: ready
[2025-07-07 12:06:12,256] [INFO] [_sm_handler.py::43] Current state: ready
[2025-07-07 12:06:12,268] [INFO] [_sm_handler.py::43] Current state: ready
[2025-07-07 12:06:12,270] [INFO] [_sm_handler.py::43] Current state: ready
[2025-07-07 12:06:12,273] [INFO] [_sm_handler.py::43] Current state: ready
[2025-07-07 12:06:12,275] [INFO] [_sm_handler.py::43] Current state: ready
[2025-07-07 12:06:12,284] [INFO] [_sm_handler.py::43] Current state: ready
[2025-07-07 12:06:12,288] [INFO] [_sm_handler.py::43] Current state: ready
[2025-07-07 12:06:12,305] [INFO] [_sm_handler.py::43] Current state: ready
[2025-07-07 12:06:12,307] [INFO] [_sm_handler.py::43] Current state: ready
[2025-07-07 12:06:12,309] [INFO] [_sm_handler.py::43] Current state: ready
[2025-07-07 12:06:12,321] [INFO] [_sm_handler.py::43] Current state: ready
[2025-07-07 12:06:12,323] [INFO] [_sm_handler.py::43] Current state: ready
[2025-07-07 12:06:12,326] [INFO] [_sm_handler.py::43] Current state: ready
[2025-07-07 12:06:12,327] [INFO] [_sm_handler.py::43] Current state: ready
[2025-07-07 12:06:12,336] [INFO] [_sm_handler.py::43] Current state: ready
[2025-07-07 12:06:12,341] [INFO] [_sm_handler.py::43] Current state: ready
[2025-07-07 12:06:12,358] [INFO] [_sm_handler.py::43] Current state: ready
[2025-07-07 12:06:12,360] [INFO] [_sm_handler.py::43] Current state: ready
[2025-07-07 12:06:12,362] [INFO] [_sm_handler.py::43] Current state: ready
[2025-07-07 12:06:12,374] [INFO] [_sm_handler.py::43] Current state: ready
[2025-07-07 12:06:12,375] [INFO] [_sm_handler.py::43] Current state: ready
[2025-07-07 12:06:12,378] [INFO] [_sm_handler.py::43] Current state: ready
[2025-07-07 12:06:12,380] [INFO] [_sm_handler.py::43] Current state: ready
[2025-07-07 12:06:12,389] [INFO] [_sm_handler.py::43] Current state: ready
[2025-07-07 12:06:12,393] [INFO] [_sm_handler.py::43] Current state: ready
[2025-07-07 12:06:12,410] [INFO] [_sm_handler.py::43] Current state: ready
[2025-07-07 12:06:12,412] [INFO] [_sm_handler.py::43] Current state: ready
[2025-07-07 12:06:12,414] [INFO] [_sm_handler.py::43] Current state: ready
[2025-07-07 12:06:12,426] [INFO] [_sm_handler.py::43] Current state: ready
[2025-07-07 12:06:12,427] [INFO] [_sm_handler.py::43] Current state: ready
[2025-07-07 12:06:12,430] [INFO] [_sm_handler.py::43] Current state: ready
[2025-07-07 12:06:12,432] [INFO] [_sm_handler.py::43] Current state: ready
[2025-07-07 12:06:12,441] [INFO] [_sm_handler.py::43] Current state: ready
[2025-07-07 12:06:12,445] [INFO] [_sm_handler.py::43] Current state: ready
[2025-07-07 12:06:12,462] [INFO] [_sm_handler.py::43] Current state: ready
[2025-07-07 12:06:12,464] [INFO] [_sm_handler.py::43] Current state: ready
[2025-07-07 12:06:12,466] [INFO] [_sm_handler.py::43] Current state: ready
[2025-07-07 12:06:12,478] [INFO] [_sm_handler.py::43] Current state: ready
[2025-07-07 12:06:12,480] [INFO] [_sm_handler.py::43] Current state: ready
[2025-07-07 12:06:12,483] [INFO] [_sm_handler.py::43] Current state: ready
[2025-07-07 12:06:12,484] [INFO] [_sm_handler.py::43] Current state: ready
[2025-07-07 12:06:12,493] [INFO] [_sm_handler.py::43] Current state: ready
[2025-07-07 12:06:12,498] [INFO] [_sm_handler.py::43] Current state: ready
[2025-07-07 12:06:12,515] [INFO] [_sm_handler.py::43] Current state: ready
[2025-07-07 12:06:12,517] [INFO] [_sm_handler.py::43] Current state: ready
[2025-07-07 12:06:12,518] [INFO] [_sm_handler.py::43] Current state: ready
[2025-07-07 12:06:12,530] [INFO] [_sm_handler.py::43] Current state: ready
[2025-07-07 12:06:12,532] [INFO] [_sm_handler.py::43] Current state: ready
[2025-07-07 12:06:12,535] [INFO] [_sm_handler.py::43] Current state: ready
[2025-07-07 12:06:12,537] [INFO] [_sm_handler.py::43] Current state: ready
[2025-07-07 12:06:12,546] [INFO] [_sm_handler.py::43] Current state: ready
[2025-07-07 12:06:12,550] [INFO] [_sm_handler.py::43] Current state: ready
[2025-07-07 12:06:12,567] [INFO] [_sm_handler.py::43] Current state: ready
[2025-07-07 12:06:12,569] [INFO] [_sm_handler.py::43] Current state: ready
[2025-07-07 12:06:12,571] [INFO] [_sm_handler.py::43] Current state: ready
[2025-07-07 12:06:12,583] [INFO] [_sm_handler.py::43] Current state: ready
[2025-07-07 12:06:12,585] [INFO] [_sm_handler.py::43] Current state: ready
[2025-07-07 12:06:12,588] [INFO] [_sm_handler.py::43] Current state: ready
[2025-07-07 12:06:12,590] [INFO] [_sm_handler.py::43] Current state: ready
[2025-07-07 12:06:12,599] [INFO] [_sm_handler.py::43] Current state: ready
[2025-07-07 12:06:12,603] [INFO] [_sm_handler.py::43] Current state: ready
[2025-07-07 12:06:12,620] [INFO] [_sm_handler.py::43] Current state: ready
[2025-07-07 12:06:12,622] [INFO] [_sm_handler.py::43] Current state: ready
[2025-07-07 12:06:12,624] [INFO] [_sm_handler.py::43] Current state: ready
[2025-07-07 12:06:12,636] [INFO] [_sm_handler.py::43] Current state: ready
[2025-07-07 12:06:12,638] [INFO] [_sm_handler.py::43] Current state: ready
[2025-07-07 12:06:12,641] [INFO] [_sm_handler.py::43] Current state: ready
[2025-07-07 12:06:12,642] [INFO] [_sm_handler.py::43] Current state: ready
[2025-07-07 12:06:12,651] [INFO] [_sm_handler.py::43] Current state: ready
[2025-07-07 12:06:12,655] [INFO] [_sm_handler.py::43] Current state: ready
[2025-07-07 12:06:12,672] [INFO] [_sm_handler.py::43] Current state: ready
[2025-07-07 12:06:12,674] [INFO] [_sm_handler.py::43] Current state: ready
[2025-07-07 12:06:12,676] [INFO] [_sm_handler.py::43] Current state: ready
[2025-07-07 12:06:12,688] [INFO] [_sm_handler.py::43] Current state: ready
[2025-07-07 12:06:12,690] [INFO] [_sm_handler.py::43] Current state: ready
[2025-07-07 12:06:12,693] [INFO] [_sm_handler.py::43] Current state: ready
[2025-07-07 12:06:12,695] [INFO] [_sm_handler.py::43] Current state: ready
[2025-07-07 12:06:12,704] [INFO] [_sm_handler.py::43] Current state: ready
[2025-07-07 12:06:12,708] [INFO] [_sm_handler.py::43] Current state: ready
[2025-07-07 12:06:12,725] [INFO] [_sm_handler.py::43] Current state: ready
[2025-07-07 12:06:12,727] [INFO] [_sm_handler.py::43] Current state: ready
[2025-07-07 12:06:12,729] [INFO] [_sm_handler.py::43] Current state: ready
[2025-07-07 12:06:12,741] [INFO] [_sm_handler.py::43] Current state: ready
[2025-07-07 12:06:12,742] [INFO] [_sm_handler.py::43] Current state: ready
[2025-07-07 12:06:12,745] [INFO] [_sm_handler.py::43] Current state: ready
[2025-07-07 12:06:12,747] [INFO] [_sm_handler.py::43] Current state: ready
[2025-07-07 12:06:12,756] [INFO] [_sm_handler.py::43] Current state: ready
[2025-07-07 12:06:12,760] [INFO] [_sm_handler.py::43] Current state: ready
[2025-07-07 12:06:12,777] [INFO] [_sm_handler.py::43] Current state: ready
[2025-07-07 12:06:12,779] [INFO] [_sm_handler.py::43] Current state: ready
[2025-07-07 12:06:12,781] [INFO] [_sm_handler.py::43] Current state: ready
[2025-07-07 12:06:12,793] [INFO] [_sm_handler.py::43] Current state: ready
[2025-07-07 12:06:12,795] [INFO] [_sm_handler.py::43] Current state: ready
[2025-07-07 12:06:12,798] [INFO] [_sm_handler.py::43] Current state: ready
[2025-07-07 12:06:12,800] [INFO] [_sm_handler.py::43] Current state: ready
[2025-07-07 12:06:12,809] [INFO] [_sm_handler.py::43] Current state: ready
[2025-07-07 12:06:12,813] [INFO] [_sm_handler.py::43] Current state: ready
[2025-07-07 12:06:12,830] [INFO] [_sm_handler.py::43] Current state: ready
[2025-07-07 12:06:12,832] [INFO] [_sm_handler.py::43] Current state: ready
[2025-07-07 12:06:12,834] [INFO] [_sm_handler.py::43] Current state: ready
[2025-07-07 12:06:12,846] [INFO] [_sm_handler.py::43] Current state: ready
[2025-07-07 12:06:12,848] [INFO] [_sm_handler.py::43] Current state: ready
[2025-07-07 12:06:12,851] [INFO] [_sm_handler.py::43] Current state: ready
[2025-07-07 12:06:12,853] [INFO] [_sm_handler.py::43] Current state: ready
[2025-07-07 12:06:12,861] [INFO] [_sm_handler.py::43] Current state: ready
[2025-07-07 12:06:12,865] [INFO] [_sm_handler.py::43] Current state: ready
[2025-07-07 12:06:12,883] [INFO] [_sm_handler.py::43] Current state: ready
[2025-07-07 12:06:12,885] [INFO] [_sm_handler.py::43] Current state: ready
[2025-07-07 12:06:12,886] [INFO] [_sm_handler.py::43] Current state: ready
[2025-07-07 12:06:12,898] [INFO] [_sm_handler.py::43] Current state: ready
[2025-07-07 12:06:12,900] [INFO] [_sm_handler.py::43] Current state: ready
[2025-07-07 12:06:12,903] [INFO] [_sm_handler.py::43] Current state: ready
[2025-07-07 12:06:12,905] [INFO] [_sm_handler.py::43] Current state: ready
[2025-07-07 12:06:12,914] [INFO] [_sm_handler.py::43] Current state: ready
[2025-07-07 12:06:12,918] [INFO] [_sm_handler.py::43] Current state: ready
[2025-07-07 12:06:12,935] [INFO] [_sm_handler.py::43] Current state: ready
[2025-07-07 12:06:12,937] [INFO] [_sm_handler.py::43] Current state: ready
[2025-07-07 12:06:12,939] [INFO] [_sm_handler.py::43] Current state: ready
[2025-07-07 12:06:12,951] [INFO] [_sm_handler.py::43] Current state: ready
[2025-07-07 12:06:12,953] [INFO] [_sm_handler.py::43] Current state: ready
[2025-07-07 12:06:12,956] [INFO] [_sm_handler.py::43] Current state: ready
[2025-07-07 12:06:12,958] [INFO] [_sm_handler.py::43] Current state: ready
[2025-07-07 12:06:12,967] [INFO] [_sm_handler.py::43] Current state: ready
[2025-07-07 12:06:12,971] [INFO] [_sm_handler.py::43] Current state: ready
[2025-07-07 12:06:12,988] [INFO] [_sm_handler.py::43] Current state: ready
[2025-07-07 12:06:12,990] [INFO] [_sm_handler.py::43] Current state: ready
[2025-07-07 12:06:12,992] [INFO] [_sm_handler.py::43] Current state: ready
[2025-07-07 12:06:13,004] [INFO] [_sm_handler.py::43] Current state: ready
[2025-07-07 12:06:13,006] [INFO] [_sm_handler.py::43] Current state: ready
[2025-07-07 12:06:13,009] [INFO] [_sm_handler.py::43] Current state: ready
[2025-07-07 12:06:13,011] [INFO] [_sm_handler.py::43] Current state: ready
[2025-07-07 12:06:13,020] [INFO] [_sm_handler.py::43] Current state: ready
[2025-07-07 12:06:13,023] [INFO] [_sm_handler.py::43] Current state: ready
[2025-07-07 12:06:13,040] [INFO] [_sm_handler.py::43] Current state: ready
[2025-07-07 12:06:13,042] [INFO] [_sm_handler.py::43] Current state: ready
[2025-07-07 12:06:13,044] [INFO] [_sm_handler.py::43] Current state: ready
[2025-07-07 12:06:13,056] [INFO] [_sm_handler.py::43] Current state: ready
[2025-07-07 12:06:13,058] [INFO] [_sm_handler.py::43] Current state: ready
[2025-07-07 12:06:13,061] [INFO] [_sm_handler.py::43] Current state: ready
[2025-07-07 12:06:13,063] [INFO] [_sm_handler.py::43] Current state: ready
[2025-07-07 12:06:13,072] [INFO] [_sm_handler.py::43] Current state: ready
[2025-07-07 12:06:13,076] [INFO] [_sm_handler.py::43] Current state: ready
[2025-07-07 12:06:13,093] [INFO] [_sm_handler.py::43] Current state: ready
[2025-07-07 12:06:13,095] [INFO] [_sm_handler.py::43] Current state: ready
[2025-07-07 12:06:13,097] [INFO] [_sm_handler.py::43] Current state: ready
[2025-07-07 12:06:13,109] [INFO] [_sm_handler.py::43] Current state: ready
[2025-07-07 12:06:13,111] [INFO] [_sm_handler.py::43] Current state: ready
[2025-07-07 12:06:13,114] [INFO] [_sm_handler.py::43] Current state: ready
[2025-07-07 12:06:13,116] [INFO] [_sm_handler.py::43] Current state: ready
[2025-07-07 12:06:13,125] [INFO] [_sm_handler.py::43] Current state: ready
[2025-07-07 12:06:13,129] [INFO] [_sm_handler.py::43] Current state: ready
[2025-07-07 12:06:13,146] [INFO] [_sm_handler.py::43] Current state: ready
[2025-07-07 12:06:13,148] [INFO] [_sm_handler.py::43] Current state: ready
[2025-07-07 12:06:13,150] [INFO] [_sm_handler.py::43] Current state: ready
[2025-07-07 12:06:13,162] [INFO] [_sm_handler.py::43] Current state: ready
[2025-07-07 12:06:13,164] [INFO] [_sm_handler.py::43] Current state: ready
[2025-07-07 12:06:13,167] [INFO] [_sm_handler.py::43] Current state: ready
[2025-07-07 12:06:13,168] [INFO] [_sm_handler.py::43] Current state: ready
[2025-07-07 12:06:13,177] [INFO] [_sm_handler.py::43] Current state: ready
[2025-07-07 12:06:13,182] [INFO] [_sm_handler.py::43] Current state: ready
[2025-07-07 12:06:13,199] [INFO] [_sm_handler.py::43] Current state: ready
[2025-07-07 12:06:13,201] [INFO] [_sm_handler.py::43] Current state: ready
[2025-07-07 12:06:13,203] [INFO] [_sm_handler.py::43] Current state: ready
[2025-07-07 12:06:13,214] [INFO] [_sm_handler.py::43] Current state: ready
[2025-07-07 12:06:13,217] [INFO] [_sm_handler.py::43] Current state: ready
[2025-07-07 12:06:13,220] [INFO] [_sm_handler.py::43] Current state: ready
[2025-07-07 12:06:13,221] [INFO] [_sm_handler.py::43] Current state: ready
[2025-07-07 12:06:13,230] [INFO] [_sm_handler.py::43] Current state: ready
[2025-07-07 12:06:13,234] [INFO] [_sm_handler.py::43] Current state: ready
[2025-07-07 12:06:13,251] [INFO] [_sm_handler.py::43] Current state: ready
[2025-07-07 12:06:13,253] [INFO] [_sm_handler.py::43] Current state: ready
[2025-07-07 12:06:13,255] [INFO] [_sm_handler.py::43] Current state: ready
[2025-07-07 12:06:13,267] [INFO] [_sm_handler.py::43] Current state: ready
[2025-07-07 12:06:13,269] [INFO] [_sm_handler.py::43] Current state: ready
[2025-07-07 12:06:13,272] [INFO] [_sm_handler.py::43] Current state: ready
[2025-07-07 12:06:13,274] [INFO] [_sm_handler.py::43] Current state: ready
[2025-07-07 12:06:13,282] [INFO] [_sm_handler.py::43] Current state: ready
[2025-07-07 12:06:13,287] [INFO] [_sm_handler.py::43] Current state: ready
[2025-07-07 12:06:13,304] [INFO] [_sm_handler.py::43] Current state: ready
[2025-07-07 12:06:13,306] [INFO] [_sm_handler.py::43] Current state: ready
[2025-07-07 12:06:13,308] [INFO] [_sm_handler.py::43] Current state: ready
[2025-07-07 12:06:13,320] [INFO] [_sm_handler.py::43] Current state: ready
[2025-07-07 12:06:13,322] [INFO] [_sm_handler.py::43] Current state: ready
[2025-07-07 12:06:13,325] [INFO] [_sm_handler.py::43] Current state: ready
[2025-07-07 12:06:13,326] [INFO] [_sm_handler.py::43] Current state: ready
[2025-07-07 12:06:13,335] [INFO] [_sm_handler.py::43] Current state: ready
[2025-07-07 12:06:13,340] [INFO] [_sm_handler.py::43] Current state: ready
[2025-07-07 12:06:13,357] [INFO] [_sm_handler.py::43] Current state: ready
[2025-07-07 12:06:13,359] [INFO] [_sm_handler.py::43] Current state: ready
[2025-07-07 12:06:13,361] [INFO] [_sm_handler.py::43] Current state: ready
[2025-07-07 12:06:13,373] [INFO] [_sm_handler.py::43] Current state: ready
[2025-07-07 12:06:13,375] [INFO] [_sm_handler.py::43] Current state: ready
[2025-07-07 12:06:13,377] [INFO] [_sm_handler.py::43] Current state: ready
[2025-07-07 12:06:13,378] [INFO] [_sm_handler.py::43] Current state: ready
[2025-07-07 12:06:13,388] [INFO] [_sm_handler.py::43] Current state: ready
[2025-07-07 12:06:13,393] [INFO] [_sm_handler.py::43] Current state: ready
[2025-07-07 12:06:13,410] [INFO] [_sm_handler.py::43] Current state: ready
[2025-07-07 12:06:13,412] [INFO] [_sm_handler.py::43] Current state: ready
[2025-07-07 12:06:13,413] [INFO] [_sm_handler.py::43] Current state: ready
[2025-07-07 12:06:13,425] [INFO] [_sm_handler.py::43] Current state: ready
[2025-07-07 12:06:13,427] [INFO] [_sm_handler.py::43] Current state: ready
[2025-07-07 12:06:13,429] [INFO] [_sm_handler.py::43] Current state: ready
[2025-07-07 12:06:13,431] [INFO] [_sm_handler.py::43] Current state: ready
[2025-07-07 12:06:13,441] [INFO] [_sm_handler.py::43] Current state: ready
[2025-07-07 12:06:13,445] [INFO] [_sm_handler.py::43] Current state: ready
[2025-07-07 12:06:13,462] [INFO] [_sm_handler.py::43] Current state: ready
[2025-07-07 12:06:13,464] [INFO] [_sm_handler.py::43] Current state: ready
[2025-07-07 12:06:13,466] [INFO] [_sm_handler.py::43] Current state: ready
[2025-07-07 12:06:13,478] [INFO] [_sm_handler.py::43] Current state: ready
[2025-07-07 12:06:13,480] [INFO] [_sm_handler.py::43] Current state: ready
[2025-07-07 12:06:13,482] [INFO] [_sm_handler.py::43] Current state: ready
[2025-07-07 12:06:13,483] [INFO] [_sm_handler.py::43] Current state: ready
[2025-07-07 12:06:13,493] [INFO] [_sm_handler.py::43] Current state: ready
[2025-07-07 12:06:13,498] [INFO] [_sm_handler.py::43] Current state: ready
[2025-07-07 12:06:13,515] [INFO] [_sm_handler.py::43] Current state: ready
[2025-07-07 12:06:13,517] [INFO] [_sm_handler.py::43] Current state: ready
[2025-07-07 12:06:13,519] [INFO] [_sm_handler.py::43] Current state: ready
[2025-07-07 12:06:13,530] [INFO] [_sm_handler.py::43] Current state: ready
[2025-07-07 12:06:13,533] [INFO] [_sm_handler.py::43] Current state: ready
[2025-07-07 12:06:13,534] [INFO] [_sm_handler.py::43] Current state: ready
[2025-07-07 12:06:13,536] [INFO] [_sm_handler.py::43] Current state: ready
[2025-07-07 12:06:13,546] [INFO] [_sm_handler.py::43] Current state: ready
[2025-07-07 12:06:13,550] [INFO] [_sm_handler.py::43] Current state: ready
[2025-07-07 12:06:13,567] [INFO] [_sm_handler.py::43] Current state: ready
[2025-07-07 12:06:13,569] [INFO] [_sm_handler.py::43] Current state: ready
[2025-07-07 12:06:13,571] [INFO] [_sm_handler.py::43] Current state: ready
[2025-07-07 12:06:13,583] [INFO] [_sm_handler.py::43] Current state: ready
[2025-07-07 12:06:13,585] [INFO] [_sm_handler.py::43] Current state: ready
[2025-07-07 12:06:13,587] [INFO] [_sm_handler.py::43] Current state: ready
[2025-07-07 12:06:13,589] [INFO] [_sm_handler.py::43] Current state: ready
[2025-07-07 12:06:13,599] [INFO] [_sm_handler.py::43] Current state: ready
[2025-07-07 12:06:13,603] [INFO] [_sm_handler.py::43] Current state: ready
[2025-07-07 12:06:13,620] [INFO] [_sm_handler.py::43] Current state: ready
[2025-07-07 12:06:13,622] [INFO] [_sm_handler.py::43] Current state: ready
[2025-07-07 12:06:13,624] [INFO] [_sm_handler.py::43] Current state: ready
[2025-07-07 12:06:13,636] [INFO] [_sm_handler.py::43] Current state: ready
[2025-07-07 12:06:13,638] [INFO] [_sm_handler.py::43] Current state: ready
[2025-07-07 12:06:13,639] [INFO] [_sm_handler.py::43] Current state: ready
[2025-07-07 12:06:13,641] [INFO] [_sm_handler.py::43] Current state: ready
[2025-07-07 12:06:13,651] [INFO] [_sm_handler.py::43] Current state: ready
[2025-07-07 12:06:13,655] [INFO] [_sm_handler.py::43] Current state: ready
[2025-07-07 12:06:13,672] [INFO] [_sm_handler.py::43] Current state: ready
[2025-07-07 12:06:13,674] [INFO] [_sm_handler.py::43] Current state: ready
[2025-07-07 12:06:13,676] [INFO] [_sm_handler.py::43] Current state: ready
[2025-07-07 12:06:13,688] [INFO] [_sm_handler.py::43] Current state: ready
[2025-07-07 12:06:13,690] [INFO] [_sm_handler.py::43] Current state: ready
[2025-07-07 12:06:13,692] [INFO] [_sm_handler.py::43] Current state: ready
[2025-07-07 12:06:13,693] [INFO] [_sm_handler.py::43] Current state: ready
[2025-07-07 12:06:13,703] [INFO] [_sm_handler.py::43] Current state: ready
[2025-07-07 12:06:13,708] [INFO] [_sm_handler.py::43] Current state: ready
[2025-07-07 12:06:13,725] [INFO] [_sm_handler.py::43] Current state: ready
[2025-07-07 12:06:13,727] [INFO] [_sm_handler.py::43] Current state: ready
[2025-07-07 12:06:13,728] [INFO] [_sm_handler.py::43] Current state: ready
[2025-07-07 12:06:13,740] [INFO] [_sm_handler.py::43] Current state: ready
[2025-07-07 12:06:13,742] [INFO] [_sm_handler.py::43] Current state: ready
[2025-07-07 12:06:13,744] [INFO] [_sm_handler.py::43] Current state: ready
[2025-07-07 12:06:13,746] [INFO] [_sm_handler.py::43] Current state: ready
[2025-07-07 12:06:13,756] [INFO] [_sm_handler.py::43] Current state: ready
[2025-07-07 12:06:13,760] [INFO] [_sm_handler.py::43] Current state: ready
[2025-07-07 12:06:13,777] [INFO] [_sm_handler.py::43] Current state: ready
[2025-07-07 12:06:13,779] [INFO] [_sm_handler.py::43] Current state: ready
[2025-07-07 12:06:13,781] [INFO] [_sm_handler.py::43] Current state: ready
[2025-07-07 12:06:13,793] [INFO] [_sm_handler.py::43] Current state: ready
[2025-07-07 12:06:13,795] [INFO] [_sm_handler.py::43] Current state: ready
[2025-07-07 12:06:13,797] [INFO] [_sm_handler.py::43] Current state: ready
[2025-07-07 12:06:13,798] [INFO] [_sm_handler.py::43] Current state: ready
[2025-07-07 12:06:13,808] [INFO] [_sm_handler.py::43] Current state: ready
[2025-07-07 12:06:13,812] [INFO] [_sm_handler.py::43] Current state: ready
[2025-07-07 12:06:13,829] [INFO] [_sm_handler.py::43] Current state: ready
[2025-07-07 12:06:13,831] [INFO] [_sm_handler.py::43] Current state: ready
[2025-07-07 12:06:13,833] [INFO] [_sm_handler.py::43] Current state: ready
[2025-07-07 12:06:13,845] [INFO] [_sm_handler.py::43] Current state: ready
[2025-07-07 12:06:13,847] [INFO] [_sm_handler.py::43] Current state: ready
[2025-07-07 12:06:13,849] [INFO] [_sm_handler.py::43] Current state: ready
[2025-07-07 12:06:13,851] [INFO] [_sm_handler.py::43] Current state: ready
[2025-07-07 12:06:13,860] [INFO] [_sm_handler.py::43] Current state: ready
[2025-07-07 12:06:13,865] [INFO] [_sm_handler.py::43] Current state: ready
[2025-07-07 12:06:13,882] [INFO] [_sm_handler.py::43] Current state: ready
[2025-07-07 12:06:13,884] [INFO] [_sm_handler.py::43] Current state: ready
[2025-07-07 12:06:13,886] [INFO] [_sm_handler.py::43] Current state: ready
[2025-07-07 12:06:13,898] [INFO] [_sm_handler.py::43] Current state: ready
[2025-07-07 12:06:13,900] [INFO] [_sm_handler.py::43] Current state: ready
[2025-07-07 12:06:13,901] [INFO] [_sm_handler.py::43] Current state: ready
[2025-07-07 12:06:13,903] [INFO] [_sm_handler.py::43] Current state: ready
[2025-07-07 12:06:13,913] [INFO] [_sm_handler.py::43] Current state: ready
[2025-07-07 12:06:13,917] [INFO] [_sm_handler.py::43] Current state: ready
[2025-07-07 12:06:13,934] [INFO] [_sm_handler.py::43] Current state: ready
[2025-07-07 12:06:13,936] [INFO] [_sm_handler.py::43] Current state: ready
[2025-07-07 12:06:13,938] [INFO] [_sm_handler.py::43] Current state: ready
[2025-07-07 12:06:13,950] [INFO] [_sm_handler.py::43] Current state: ready
[2025-07-07 12:06:13,952] [INFO] [_sm_handler.py::43] Current state: ready
[2025-07-07 12:06:13,954] [INFO] [_sm_handler.py::43] Current state: ready
[2025-07-07 12:06:13,956] [INFO] [_sm_handler.py::43] Current state: ready
[2025-07-07 12:06:13,965] [INFO] [_sm_handler.py::43] Current state: ready
[2025-07-07 12:06:13,970] [INFO] [_sm_handler.py::43] Current state: ready
[2025-07-07 12:06:13,987] [INFO] [_sm_handler.py::43] Current state: ready
[2025-07-07 12:06:13,989] [INFO] [_sm_handler.py::43] Current state: ready
[2025-07-07 12:06:13,991] [INFO] [_sm_handler.py::43] Current state: ready
[2025-07-07 12:06:14,003] [INFO] [_sm_handler.py::43] Current state: ready
[2025-07-07 12:06:14,005] [INFO] [_sm_handler.py::43] Current state: ready
[2025-07-07 12:06:14,006] [INFO] [_sm_handler.py::43] Current state: ready
[2025-07-07 12:06:14,008] [INFO] [_sm_handler.py::43] Current state: ready
[2025-07-07 12:06:14,018] [INFO] [_sm_handler.py::43] Current state: ready
[2025-07-07 12:06:14,022] [INFO] [_sm_handler.py::43] Current state: ready
[2025-07-07 12:06:14,039] [INFO] [_sm_handler.py::43] Current state: ready
[2025-07-07 12:06:14,041] [INFO] [_sm_handler.py::43] Current state: ready
[2025-07-07 12:06:14,043] [INFO] [_sm_handler.py::43] Current state: ready
[2025-07-07 12:06:14,055] [INFO] [_sm_handler.py::43] Current state: ready
[2025-07-07 12:06:14,057] [INFO] [_sm_handler.py::43] Current state: ready
[2025-07-07 12:06:14,059] [INFO] [_sm_handler.py::43] Current state: ready
[2025-07-07 12:06:14,061] [INFO] [_sm_handler.py::43] Current state: ready
[2025-07-07 12:06:14,071] [INFO] [_sm_handler.py::43] Current state: ready
[2025-07-07 12:06:14,075] [INFO] [_sm_handler.py::43] Current state: ready
[2025-07-07 12:06:14,092] [INFO] [_sm_handler.py::43] Current state: ready
[2025-07-07 12:06:14,094] [INFO] [_sm_handler.py::43] Current state: ready
[2025-07-07 12:06:14,096] [INFO] [_sm_handler.py::43] Current state: ready
[2025-07-07 12:06:14,108] [INFO] [_sm_handler.py::43] Current state: ready
[2025-07-07 12:06:14,109] [INFO] [_sm_handler.py::43] Current state: ready
[2025-07-07 12:06:14,111] [INFO] [_sm_handler.py::43] Current state: ready
[2025-07-07 12:06:14,113] [INFO] [_sm_handler.py::43] Current state: ready
[2025-07-07 12:06:14,123] [INFO] [_sm_handler.py::43] Current state: ready
[2025-07-07 12:06:14,127] [INFO] [_sm_handler.py::43] Current state: ready
[2025-07-07 12:06:14,144] [INFO] [_sm_handler.py::43] Current state: ready
[2025-07-07 12:06:14,146] [INFO] [_sm_handler.py::43] Current state: ready
[2025-07-07 12:06:14,148] [INFO] [_sm_handler.py::43] Current state: ready
[2025-07-07 12:06:14,160] [INFO] [_sm_handler.py::43] Current state: ready
[2025-07-07 12:06:14,162] [INFO] [_sm_handler.py::43] Current state: ready
[2025-07-07 12:06:14,164] [INFO] [_sm_handler.py::43] Current state: ready
[2025-07-07 12:06:14,165] [INFO] [_sm_handler.py::43] Current state: ready
[2025-07-07 12:06:14,175] [INFO] [_sm_handler.py::43] Current state: ready
[2025-07-07 12:06:14,180] [INFO] [_sm_handler.py::43] Current state: ready
[2025-07-07 12:06:14,197] [INFO] [_sm_handler.py::43] Current state: ready
[2025-07-07 12:06:14,199] [INFO] [_sm_handler.py::43] Current state: ready
[2025-07-07 12:06:14,201] [INFO] [_sm_handler.py::43] Current state: ready
[2025-07-07 12:06:14,213] [INFO] [_sm_handler.py::43] Current state: ready
[2025-07-07 12:06:14,215] [INFO] [_sm_handler.py::43] Current state: ready
[2025-07-07 12:06:14,217] [INFO] [_sm_handler.py::43] Current state: ready
[2025-07-07 12:06:14,218] [INFO] [_sm_handler.py::43] Current state: ready
[2025-07-07 12:06:14,228] [INFO] [_sm_handler.py::43] Current state: ready
[2025-07-07 12:06:14,232] [INFO] [_sm_handler.py::43] Current state: ready
[2025-07-07 12:06:14,249] [INFO] [_sm_handler.py::43] Current state: ready
[2025-07-07 12:06:14,251] [INFO] [_sm_handler.py::43] Current state: ready
[2025-07-07 12:06:14,253] [INFO] [_sm_handler.py::43] Current state: ready
[2025-07-07 12:06:14,265] [INFO] [_sm_handler.py::43] Current state: ready
[2025-07-07 12:06:14,267] [INFO] [_sm_handler.py::43] Current state: ready
[2025-07-07 12:06:14,269] [INFO] [_sm_handler.py::43] Current state: ready
[2025-07-07 12:06:14,271] [INFO] [_sm_handler.py::43] Current state: ready
[2025-07-07 12:06:14,281] [INFO] [_sm_handler.py::43] Current state: ready
[2025-07-07 12:06:14,285] [INFO] [_sm_handler.py::43] Current state: ready
[2025-07-07 12:06:14,302] [INFO] [_sm_handler.py::43] Current state: ready
[2025-07-07 12:06:14,304] [INFO] [_sm_handler.py::43] Current state: ready
[2025-07-07 12:06:14,306] [INFO] [_sm_handler.py::43] Current state: ready
[2025-07-07 12:06:14,318] [INFO] [_sm_handler.py::43] Current state: ready
[2025-07-07 12:06:14,320] [INFO] [_sm_handler.py::43] Current state: ready
[2025-07-07 12:06:14,322] [INFO] [_sm_handler.py::43] Current state: ready
[2025-07-07 12:06:14,324] [INFO] [_sm_handler.py::43] Current state: ready
[2025-07-07 12:06:14,334] [INFO] [_sm_handler.py::43] Current state: ready
[2025-07-07 12:06:14,338] [INFO] [_sm_handler.py::43] Current state: ready
[2025-07-07 12:06:14,354] [INFO] [_sm_handler.py::43] Current state: ready
[2025-07-07 12:06:14,356] [INFO] [_sm_handler.py::43] Current state: ready
[2025-07-07 12:06:14,358] [INFO] [_sm_handler.py::43] Current state: ready
[2025-07-07 12:06:14,371] [INFO] [_sm_handler.py::43] Current state: ready
[2025-07-07 12:06:14,373] [INFO] [_sm_handler.py::43] Current state: ready
[2025-07-07 12:06:14,375] [INFO] [_sm_handler.py::43] Current state: ready
[2025-07-07 12:06:14,377] [INFO] [_sm_handler.py::43] Current state: ready
[2025-07-07 12:06:14,387] [INFO] [_sm_handler.py::43] Current state: ready
[2025-07-07 12:06:14,391] [INFO] [_sm_handler.py::43] Current state: ready
[2025-07-07 12:06:14,407] [INFO] [_sm_handler.py::43] Current state: ready
[2025-07-07 12:06:14,409] [INFO] [_sm_handler.py::43] Current state: ready
[2025-07-07 12:06:14,411] [INFO] [_sm_handler.py::43] Current state: ready
[2025-07-07 12:06:14,424] [INFO] [_sm_handler.py::43] Current state: ready
[2025-07-07 12:06:14,426] [INFO] [_sm_handler.py::43] Current state: ready
[2025-07-07 12:06:14,428] [INFO] [_sm_handler.py::43] Current state: ready
[2025-07-07 12:06:14,429] [INFO] [_sm_handler.py::43] Current state: ready
[2025-07-07 12:06:14,439] [INFO] [_sm_handler.py::43] Current state: ready
[2025-07-07 12:06:14,444] [INFO] [_sm_handler.py::43] Current state: ready
[2025-07-07 12:06:14,460] [INFO] [_sm_handler.py::43] Current state: ready
[2025-07-07 12:06:14,462] [INFO] [_sm_handler.py::43] Current state: ready
[2025-07-07 12:06:14,463] [INFO] [_sm_handler.py::43] Current state: ready
[2025-07-07 12:06:14,476] [INFO] [_sm_handler.py::43] Current state: ready
[2025-07-07 12:06:14,479] [INFO] [_sm_handler.py::43] Current state: ready
[2025-07-07 12:06:14,480] [INFO] [_sm_handler.py::43] Current state: ready
[2025-07-07 12:06:14,482] [INFO] [_sm_handler.py::43] Current state: ready
[2025-07-07 12:06:14,492] [INFO] [_sm_handler.py::43] Current state: ready
[2025-07-07 12:06:14,496] [INFO] [_sm_handler.py::43] Current state: ready
[2025-07-07 12:06:14,512] [INFO] [_sm_handler.py::43] Current state: ready
[2025-07-07 12:06:14,514] [INFO] [_sm_handler.py::43] Current state: ready
[2025-07-07 12:06:14,516] [INFO] [_sm_handler.py::43] Current state: ready
[2025-07-07 12:06:14,529] [INFO] [_sm_handler.py::43] Current state: ready
[2025-07-07 12:06:14,531] [INFO] [_sm_handler.py::43] Current state: ready
[2025-07-07 12:06:14,533] [INFO] [_sm_handler.py::43] Current state: ready
[2025-07-07 12:06:14,534] [INFO] [_sm_handler.py::43] Current state: ready
[2025-07-07 12:06:14,544] [INFO] [_sm_handler.py::43] Current state: ready
[2025-07-07 12:06:14,548] [INFO] [_sm_handler.py::43] Current state: ready
[2025-07-07 12:06:14,564] [INFO] [_sm_handler.py::43] Current state: ready
[2025-07-07 12:06:14,566] [INFO] [_sm_handler.py::43] Current state: ready
[2025-07-07 12:06:14,568] [INFO] [_sm_handler.py::43] Current state: ready
[2025-07-07 12:06:14,581] [INFO] [_sm_handler.py::43] Current state: ready
[2025-07-07 12:06:14,583] [INFO] [_sm_handler.py::43] Current state: ready
[2025-07-07 12:06:14,585] [INFO] [_sm_handler.py::43] Current state: ready
[2025-07-07 12:06:14,587] [INFO] [_sm_handler.py::43] Current state: ready
[2025-07-07 12:06:14,597] [INFO] [_sm_handler.py::43] Current state: ready
[2025-07-07 12:06:14,601] [INFO] [_sm_handler.py::43] Current state: ready
[2025-07-07 12:06:14,617] [INFO] [_sm_handler.py::43] Current state: ready
[2025-07-07 12:06:14,619] [INFO] [_sm_handler.py::43] Current state: ready
[2025-07-07 12:06:14,621] [INFO] [_sm_handler.py::43] Current state: ready
[2025-07-07 12:06:14,634] [INFO] [_sm_handler.py::43] Current state: ready
[2025-07-07 12:06:14,636] [INFO] [_sm_handler.py::43] Current state: ready
[2025-07-07 12:06:14,638] [INFO] [_sm_handler.py::43] Current state: ready
[2025-07-07 12:06:14,639] [INFO] [_sm_handler.py::43] Current state: ready
[2025-07-07 12:06:14,649] [INFO] [_sm_handler.py::43] Current state: ready
[2025-07-07 12:06:14,653] [INFO] [_sm_handler.py::43] Current state: ready
[2025-07-07 12:06:14,669] [INFO] [_sm_handler.py::43] Current state: ready
[2025-07-07 12:06:14,671] [INFO] [_sm_handler.py::43] Current state: ready
[2025-07-07 12:06:14,673] [INFO] [_sm_handler.py::43] Current state: ready
[2025-07-07 12:06:14,686] [INFO] [_sm_handler.py::43] Current state: ready
[2025-07-07 12:06:14,688] [INFO] [_sm_handler.py::43] Current state: ready
[2025-07-07 12:06:14,690] [INFO] [_sm_handler.py::43] Current state: ready
[2025-07-07 12:06:14,692] [INFO] [_sm_handler.py::43] Current state: ready
[2025-07-07 12:06:14,702] [INFO] [_sm_handler.py::43] Current state: ready
[2025-07-07 12:06:14,706] [INFO] [_sm_handler.py::43] Current state: ready
[2025-07-07 12:06:14,722] [INFO] [_sm_handler.py::43] Current state: ready
[2025-07-07 12:06:14,724] [INFO] [_sm_handler.py::43] Current state: ready
[2025-07-07 12:06:14,726] [INFO] [_sm_handler.py::43] Current state: ready
[2025-07-07 12:06:14,739] [INFO] [_sm_handler.py::43] Current state: ready
[2025-07-07 12:06:14,740] [INFO] [_sm_handler.py::43] Current state: ready
[2025-07-07 12:06:14,742] [INFO] [_sm_handler.py::43] Current state: ready
[2025-07-07 12:06:14,744] [INFO] [_sm_handler.py::43] Current state: ready
[2025-07-07 12:06:14,754] [INFO] [_sm_handler.py::43] Current state: ready
[2025-07-07 12:06:14,758] [INFO] [_sm_handler.py::43] Current state: ready
[2025-07-07 12:06:14,774] [INFO] [_sm_handler.py::43] Current state: ready
[2025-07-07 12:06:14,776] [INFO] [_sm_handler.py::43] Current state: ready
[2025-07-07 12:06:14,778] [INFO] [_sm_handler.py::43] Current state: ready
[2025-07-07 12:06:14,791] [INFO] [_sm_handler.py::43] Current state: ready
[2025-07-07 12:06:14,793] [INFO] [_sm_handler.py::43] Current state: ready
[2025-07-07 12:06:14,795] [INFO] [_sm_handler.py::43] Current state: ready
[2025-07-07 12:06:14,797] [INFO] [_sm_handler.py::43] Current state: ready
[2025-07-07 12:06:14,806] [INFO] [_sm_handler.py::43] Current state: ready
[2025-07-07 12:06:14,811] [INFO] [_sm_handler.py::43] Current state: ready
[2025-07-07 12:06:14,827] [INFO] [_sm_handler.py::43] Current state: ready
[2025-07-07 12:06:14,829] [INFO] [_sm_handler.py::43] Current state: ready
[2025-07-07 12:06:14,831] [INFO] [_sm_handler.py::43] Current state: ready
[2025-07-07 12:06:14,844] [INFO] [_sm_handler.py::43] Current state: ready
[2025-07-07 12:06:14,846] [INFO] [_sm_handler.py::43] Current state: ready
[2025-07-07 12:06:14,847] [INFO] [_sm_handler.py::43] Current state: ready
[2025-07-07 12:06:14,849] [INFO] [_sm_handler.py::43] Current state: ready
[2025-07-07 12:06:14,859] [INFO] [_sm_handler.py::43] Current state: ready
[2025-07-07 12:06:14,863] [INFO] [_sm_handler.py::43] Current state: ready
[2025-07-07 12:06:14,879] [INFO] [_sm_handler.py::43] Current state: ready
[2025-07-07 12:06:14,881] [INFO] [_sm_handler.py::43] Current state: ready
[2025-07-07 12:06:14,883] [INFO] [_sm_handler.py::43] Current state: ready
[2025-07-07 12:06:14,896] [INFO] [_sm_handler.py::43] Current state: ready
[2025-07-07 12:06:14,898] [INFO] [_sm_handler.py::43] Current state: ready
[2025-07-07 12:06:14,900] [INFO] [_sm_handler.py::43] Current state: ready
[2025-07-07 12:06:14,902] [INFO] [_sm_handler.py::43] Current state: ready
[2025-07-07 12:06:14,911] [INFO] [_sm_handler.py::43] Current state: ready
[2025-07-07 12:06:14,916] [INFO] [_sm_handler.py::43] Current state: ready
[2025-07-07 12:06:14,932] [INFO] [_sm_handler.py::43] Current state: ready
[2025-07-07 12:06:14,934] [INFO] [_sm_handler.py::43] Current state: ready
[2025-07-07 12:06:14,936] [INFO] [_sm_handler.py::43] Current state: ready
[2025-07-07 12:06:14,949] [INFO] [_sm_handler.py::43] Current state: ready
[2025-07-07 12:06:14,950] [INFO] [_sm_handler.py::43] Current state: ready
[2025-07-07 12:06:14,952] [INFO] [_sm_handler.py::43] Current state: ready
[2025-07-07 12:06:14,954] [INFO] [_sm_handler.py::43] Current state: ready
[2025-07-07 12:06:14,964] [INFO] [_sm_handler.py::43] Current state: ready
[2025-07-07 12:06:14,968] [INFO] [_sm_handler.py::43] Current state: ready
[2025-07-07 12:06:14,984] [INFO] [_sm_handler.py::43] Current state: ready
[2025-07-07 12:06:14,986] [INFO] [_sm_handler.py::43] Current state: ready
[2025-07-07 12:06:14,988] [INFO] [_sm_handler.py::43] Current state: ready
[2025-07-07 12:06:15,001] [INFO] [_sm_handler.py::43] Current state: ready
[2025-07-07 12:06:15,003] [INFO] [_sm_handler.py::43] Current state: ready
[2025-07-07 12:06:15,005] [INFO] [_sm_handler.py::43] Current state: ready
[2025-07-07 12:06:15,007] [INFO] [_sm_handler.py::43] Current state: ready
[2025-07-07 12:06:15,017] [INFO] [_sm_handler.py::43] Current state: ready
[2025-07-07 12:06:15,021] [INFO] [_sm_handler.py::43] Current state: ready
[2025-07-07 12:06:15,037] [INFO] [_sm_handler.py::43] Current state: ready
[2025-07-07 12:06:15,039] [INFO] [_sm_handler.py::43] Current state: ready
[2025-07-07 12:06:15,041] [INFO] [_sm_handler.py::43] Current state: ready
[2025-07-07 12:06:15,054] [INFO] [_sm_handler.py::43] Current state: ready
[2025-07-07 12:06:15,056] [INFO] [_sm_handler.py::43] Current state: ready
[2025-07-07 12:06:15,057] [INFO] [_sm_handler.py::43] Current state: ready
[2025-07-07 12:06:15,059] [INFO] [_sm_handler.py::43] Current state: ready
[2025-07-07 12:06:15,069] [INFO] [_sm_handler.py::43] Current state: ready
[2025-07-07 12:06:15,073] [INFO] [_sm_handler.py::43] Current state: ready
[2025-07-07 12:06:15,089] [INFO] [_sm_handler.py::43] Current state: ready
[2025-07-07 12:06:15,091] [INFO] [_sm_handler.py::43] Current state: ready
[2025-07-07 12:06:15,093] [INFO] [_sm_handler.py::43] Current state: ready
[2025-07-07 12:06:15,106] [INFO] [_sm_handler.py::43] Current state: ready
[2025-07-07 12:06:15,108] [INFO] [_sm_handler.py::43] Current state: ready
[2025-07-07 12:06:15,110] [INFO] [_sm_handler.py::43] Current state: ready
[2025-07-07 12:06:15,112] [INFO] [_sm_handler.py::43] Current state: ready
[2025-07-07 12:06:15,122] [INFO] [_sm_handler.py::43] Current state: ready
[2025-07-07 12:06:15,126] [INFO] [_sm_handler.py::43] Current state: ready
[2025-07-07 12:06:15,142] [INFO] [_sm_handler.py::43] Current state: ready
[2025-07-07 12:06:15,144] [INFO] [_sm_handler.py::43] Current state: ready
[2025-07-07 12:06:15,146] [INFO] [_sm_handler.py::43] Current state: ready
[2025-07-07 12:06:15,159] [INFO] [_sm_handler.py::43] Current state: ready
[2025-07-07 12:06:15,161] [INFO] [_sm_handler.py::43] Current state: ready
[2025-07-07 12:06:15,162] [INFO] [_sm_handler.py::43] Current state: ready
[2025-07-07 12:06:15,164] [INFO] [_sm_handler.py::43] Current state: ready
[2025-07-07 12:06:15,174] [INFO] [_sm_handler.py::43] Current state: ready
[2025-07-07 12:06:15,178] [INFO] [_sm_handler.py::43] Current state: ready
[2025-07-07 12:06:15,194] [INFO] [_sm_handler.py::43] Current state: ready
[2025-07-07 12:06:15,196] [INFO] [_sm_handler.py::43] Current state: ready
[2025-07-07 12:06:15,198] [INFO] [_sm_handler.py::43] Current state: ready
[2025-07-07 12:06:15,211] [INFO] [_sm_handler.py::43] Current state: ready
[2025-07-07 12:06:15,213] [INFO] [_sm_handler.py::43] Current state: ready
[2025-07-07 12:06:15,215] [INFO] [_sm_handler.py::43] Current state: ready
[2025-07-07 12:06:15,217] [INFO] [_sm_handler.py::43] Current state: ready
[2025-07-07 12:06:15,227] [INFO] [_sm_handler.py::43] Current state: ready
[2025-07-07 12:06:15,231] [INFO] [_sm_handler.py::43] Current state: ready
[2025-07-07 12:06:15,247] [INFO] [_sm_handler.py::43] Current state: ready
[2025-07-07 12:06:15,249] [INFO] [_sm_handler.py::43] Current state: ready
[2025-07-07 12:06:15,251] [INFO] [_sm_handler.py::43] Current state: ready
[2025-07-07 12:06:15,264] [INFO] [_sm_handler.py::43] Current state: ready
[2025-07-07 12:06:15,266] [INFO] [_sm_handler.py::43] Current state: ready
[2025-07-07 12:06:15,268] [INFO] [_sm_handler.py::43] Current state: ready
[2025-07-07 12:06:15,270] [INFO] [_sm_handler.py::43] Current state: ready
[2025-07-07 12:06:15,279] [INFO] [_sm_handler.py::43] Current state: ready
[2025-07-07 12:06:15,284] [INFO] [_sm_handler.py::43] Current state: ready
[2025-07-07 12:06:15,300] [INFO] [_sm_handler.py::43] Current state: ready
[2025-07-07 12:06:15,302] [INFO] [_sm_handler.py::43] Current state: ready
[2025-07-07 12:06:15,304] [INFO] [_sm_handler.py::43] Current state: ready
[2025-07-07 12:06:15,317] [INFO] [_sm_handler.py::43] Current state: ready
[2025-07-07 12:06:15,319] [INFO] [_sm_handler.py::43] Current state: ready
[2025-07-07 12:06:15,320] [INFO] [_sm_handler.py::43] Current state: ready
[2025-07-07 12:06:15,322] [INFO] [_sm_handler.py::43] Current state: ready
[2025-07-07 12:06:15,332] [INFO] [_sm_handler.py::43] Current state: ready
[2025-07-07 12:06:15,336] [INFO] [_sm_handler.py::43] Current state: ready
[2025-07-07 12:06:15,352] [INFO] [_sm_handler.py::43] Current state: ready
[2025-07-07 12:06:15,354] [INFO] [_sm_handler.py::43] Current state: ready
[2025-07-07 12:06:15,356] [INFO] [_sm_handler.py::43] Current state: ready
[2025-07-07 12:06:15,369] [INFO] [_sm_handler.py::43] Current state: ready
[2025-07-07 12:06:15,371] [INFO] [_sm_handler.py::43] Current state: ready
[2025-07-07 12:06:15,373] [INFO] [_sm_handler.py::43] Current state: ready
[2025-07-07 12:06:15,375] [INFO] [_sm_handler.py::43] Current state: ready
[2025-07-07 12:06:15,385] [INFO] [_sm_handler.py::43] Current state: ready
[2025-07-07 12:06:15,389] [INFO] [_sm_handler.py::43] Current state: ready
[2025-07-07 12:06:15,405] [INFO] [_sm_handler.py::43] Current state: ready
[2025-07-07 12:06:15,407] [INFO] [_sm_handler.py::43] Current state: ready
[2025-07-07 12:06:15,409] [INFO] [_sm_handler.py::43] Current state: ready
[2025-07-07 12:06:15,422] [INFO] [_sm_handler.py::43] Current state: ready
[2025-07-07 12:06:15,424] [INFO] [_sm_handler.py::43] Current state: ready
[2025-07-07 12:06:15,426] [INFO] [_sm_handler.py::43] Current state: ready
[2025-07-07 12:06:15,428] [INFO] [_sm_handler.py::43] Current state: ready
[2025-07-07 12:06:15,438] [INFO] [_sm_handler.py::43] Current state: ready
[2025-07-07 12:06:15,442] [INFO] [_sm_handler.py::43] Current state: ready
[2025-07-07 12:06:15,458] [INFO] [_sm_handler.py::43] Current state: ready
[2025-07-07 12:06:15,460] [INFO] [_sm_handler.py::43] Current state: ready
[2025-07-07 12:06:15,462] [INFO] [_sm_handler.py::43] Current state: ready
[2025-07-07 12:06:15,475] [INFO] [_sm_handler.py::43] Current state: ready
[2025-07-07 12:06:15,477] [INFO] [_sm_handler.py::43] Current state: ready
[2025-07-07 12:06:15,479] [INFO] [_sm_handler.py::43] Current state: ready
[2025-07-07 12:06:15,480] [INFO] [_sm_handler.py::43] Current state: ready
[2025-07-07 12:06:15,490] [INFO] [_sm_handler.py::43] Current state: ready
[2025-07-07 12:06:15,494] [INFO] [_sm_handler.py::43] Current state: ready
[2025-07-07 12:06:15,510] [INFO] [_sm_handler.py::43] Current state: ready
[2025-07-07 12:06:15,512] [INFO] [_sm_handler.py::43] Current state: ready
[2025-07-07 12:06:15,514] [INFO] [_sm_handler.py::43] Current state: ready
[2025-07-07 12:06:15,527] [INFO] [_sm_handler.py::43] Current state: ready
[2025-07-07 12:06:15,529] [INFO] [_sm_handler.py::43] Current state: ready
[2025-07-07 12:06:15,531] [INFO] [_sm_handler.py::43] Current state: ready
[2025-07-07 12:06:15,533] [INFO] [_sm_handler.py::43] Current state: ready
[2025-07-07 12:06:15,543] [INFO] [_sm_handler.py::43] Current state: ready
[2025-07-07 12:06:15,547] [INFO] [_sm_handler.py::43] Current state: ready
[2025-07-07 12:06:15,563] [INFO] [_sm_handler.py::43] Current state: ready
[2025-07-07 12:06:15,565] [INFO] [_sm_handler.py::43] Current state: ready
[2025-07-07 12:06:15,567] [INFO] [_sm_handler.py::43] Current state: ready
[2025-07-07 12:06:15,580] [INFO] [_sm_handler.py::43] Current state: ready
[2025-07-07 12:06:15,582] [INFO] [_sm_handler.py::43] Current state: ready
[2025-07-07 12:06:15,584] [INFO] [_sm_handler.py::43] Current state: ready
[2025-07-07 12:06:15,585] [INFO] [_sm_handler.py::43] Current state: ready
[2025-07-07 12:06:15,595] [INFO] [_sm_handler.py::43] Current state: ready
[2025-07-07 12:06:15,599] [INFO] [_sm_handler.py::43] Current state: ready
[2025-07-07 12:06:15,615] [INFO] [_sm_handler.py::43] Current state: ready
[2025-07-07 12:06:15,617] [INFO] [_sm_handler.py::43] Current state: ready
[2025-07-07 12:06:15,619] [INFO] [_sm_handler.py::43] Current state: ready
[2025-07-07 12:06:15,632] [INFO] [_sm_handler.py::43] Current state: ready
[2025-07-07 12:06:15,634] [INFO] [_sm_handler.py::43] Current state: ready
[2025-07-07 12:06:15,636] [INFO] [_sm_handler.py::43] Current state: ready
[2025-07-07 12:06:15,638] [INFO] [_sm_handler.py::43] Current state: ready
[2025-07-07 12:06:15,648] [INFO] [_sm_handler.py::43] Current state: ready
[2025-07-07 12:06:15,652] [INFO] [_sm_handler.py::43] Current state: ready
[2025-07-07 12:06:15,668] [INFO] [_sm_handler.py::43] Current state: ready
[2025-07-07 12:06:15,670] [INFO] [_sm_handler.py::43] Current state: ready
[2025-07-07 12:06:15,672] [INFO] [_sm_handler.py::43] Current state: ready
[2025-07-07 12:06:15,685] [INFO] [_sm_handler.py::43] Current state: ready
[2025-07-07 12:06:15,687] [INFO] [_sm_handler.py::43] Current state: ready
[2025-07-07 12:06:15,689] [INFO] [_sm_handler.py::43] Current state: ready
[2025-07-07 12:06:15,690] [INFO] [_sm_handler.py::43] Current state: ready
[2025-07-07 12:06:15,700] [INFO] [_sm_handler.py::43] Current state: ready
[2025-07-07 12:06:15,704] [INFO] [_sm_handler.py::43] Current state: ready
[2025-07-07 12:06:15,720] [INFO] [_sm_handler.py::43] Current state: ready
[2025-07-07 12:06:15,722] [INFO] [_sm_handler.py::43] Current state: ready
[2025-07-07 12:06:15,724] [INFO] [_sm_handler.py::43] Current state: ready
[2025-07-07 12:06:15,737] [INFO] [_sm_handler.py::43] Current state: ready
[2025-07-07 12:06:15,739] [INFO] [_sm_handler.py::43] Current state: ready
[2025-07-07 12:06:15,741] [INFO] [_sm_handler.py::43] Current state: ready
[2025-07-07 12:06:15,743] [INFO] [_sm_handler.py::43] Current state: ready
[2025-07-07 12:06:15,753] [INFO] [_sm_handler.py::43] Current state: ready
[2025-07-07 12:06:15,757] [INFO] [_sm_handler.py::43] Current state: ready
[2025-07-07 12:06:15,773] [INFO] [_sm_handler.py::43] Current state: ready
[2025-07-07 12:06:15,775] [INFO] [_sm_handler.py::43] Current state: ready
[2025-07-07 12:06:15,777] [INFO] [_sm_handler.py::43] Current state: ready
[2025-07-07 12:06:15,790] [INFO] [_sm_handler.py::43] Current state: ready
[2025-07-07 12:06:15,792] [INFO] [_sm_handler.py::43] Current state: ready
[2025-07-07 12:06:15,794] [INFO] [_sm_handler.py::43] Current state: ready
[2025-07-07 12:06:15,795] [INFO] [_sm_handler.py::43] Current state: ready
[2025-07-07 12:06:15,805] [INFO] [_sm_handler.py::43] Current state: ready
[2025-07-07 12:06:15,810] [INFO] [_sm_handler.py::43] Current state: ready
[2025-07-07 12:06:15,826] [INFO] [_sm_handler.py::43] Current state: ready
[2025-07-07 12:06:15,828] [INFO] [_sm_handler.py::43] Current state: ready
[2025-07-07 12:06:15,830] [INFO] [_sm_handler.py::43] Current state: ready
[2025-07-07 12:06:15,843] [INFO] [_sm_handler.py::43] Current state: ready
[2025-07-07 12:06:15,845] [INFO] [_sm_handler.py::43] Current state: ready
[2025-07-07 12:06:15,847] [INFO] [_sm_handler.py::43] Current state: ready
[2025-07-07 12:06:15,848] [INFO] [_sm_handler.py::43] Current state: ready
[2025-07-07 12:06:15,858] [INFO] [_sm_handler.py::43] Current state: ready
[2025-07-07 12:06:15,862] [INFO] [_sm_handler.py::43] Current state: ready
[2025-07-07 12:06:15,878] [INFO] [_sm_handler.py::43] Current state: ready
[2025-07-07 12:06:15,880] [INFO] [_sm_handler.py::43] Current state: ready
[2025-07-07 12:06:15,882] [INFO] [_sm_handler.py::43] Current state: ready
[2025-07-07 12:06:15,895] [INFO] [_sm_handler.py::43] Current state: ready
[2025-07-07 12:06:15,897] [INFO] [_sm_handler.py::43] Current state: ready
[2025-07-07 12:06:15,899] [INFO] [_sm_handler.py::43] Current state: ready
[2025-07-07 12:06:15,901] [INFO] [_sm_handler.py::43] Current state: ready
[2025-07-07 12:06:15,910] [INFO] [_sm_handler.py::43] Current state: ready
[2025-07-07 12:06:15,915] [INFO] [_sm_handler.py::43] Current state: ready
[2025-07-07 12:06:15,931] [INFO] [_sm_handler.py::43] Current state: ready
[2025-07-07 12:06:15,933] [INFO] [_sm_handler.py::43] Current state: ready
[2025-07-07 12:06:15,934] [INFO] [_sm_handler.py::43] Current state: ready
[2025-07-07 12:06:15,947] [INFO] [_sm_handler.py::43] Current state: ready
[2025-07-07 12:06:15,949] [INFO] [_sm_handler.py::43] Current state: ready
[2025-07-07 12:06:15,951] [INFO] [_sm_handler.py::43] Current state: ready
[2025-07-07 12:06:15,953] [INFO] [_sm_handler.py::43] Current state: ready
[2025-07-07 12:06:15,963] [INFO] [_sm_handler.py::43] Current state: ready
[2025-07-07 12:06:15,967] [INFO] [_sm_handler.py::43] Current state: ready
[2025-07-07 12:06:15,983] [INFO] [_sm_handler.py::43] Current state: ready
[2025-07-07 12:06:15,985] [INFO] [_sm_handler.py::43] Current state: ready
[2025-07-07 12:06:15,987] [INFO] [_sm_handler.py::43] Current state: ready
[2025-07-07 12:06:16,000] [INFO] [_sm_handler.py::43] Current state: ready
[2025-07-07 12:06:16,002] [INFO] [_sm_handler.py::43] Current state: ready
[2025-07-07 12:06:16,004] [INFO] [_sm_handler.py::43] Current state: ready
[2025-07-07 12:06:16,005] [INFO] [_sm_handler.py::43] Current state: ready
[2025-07-07 12:06:16,015] [INFO] [_sm_handler.py::43] Current state: ready
[2025-07-07 12:06:16,020] [INFO] [_sm_handler.py::43] Current state: ready
[2025-07-07 12:06:16,036] [INFO] [_sm_handler.py::43] Current state: ready
[2025-07-07 12:06:16,038] [INFO] [_sm_handler.py::43] Current state: ready
[2025-07-07 12:06:16,040] [INFO] [_sm_handler.py::43] Current state: ready
[2025-07-07 12:06:16,053] [INFO] [_sm_handler.py::43] Current state: ready
[2025-07-07 12:06:16,055] [INFO] [_sm_handler.py::43] Current state: ready
[2025-07-07 12:06:16,057] [INFO] [_sm_handler.py::43] Current state: ready
[2025-07-07 12:06:16,059] [INFO] [_sm_handler.py::43] Current state: ready
[2025-07-07 12:06:16,069] [INFO] [_sm_handler.py::43] Current state: ready
[2025-07-07 12:06:16,073] [INFO] [_sm_handler.py::43] Current state: ready
[2025-07-07 12:06:16,089] [INFO] [_sm_handler.py::43] Current state: ready
[2025-07-07 12:06:16,091] [INFO] [_sm_handler.py::43] Current state: ready
[2025-07-07 12:06:16,093] [INFO] [_sm_handler.py::43] Current state: ready
[2025-07-07 12:06:16,106] [INFO] [_sm_handler.py::43] Current state: ready
[2025-07-07 12:06:16,108] [INFO] [_sm_handler.py::43] Current state: ready
[2025-07-07 12:06:16,109] [INFO] [_sm_handler.py::43] Current state: ready
[2025-07-07 12:06:16,111] [INFO] [_sm_handler.py::43] Current state: ready
[2025-07-07 12:06:16,121] [INFO] [_sm_handler.py::43] Current state: ready
[2025-07-07 12:06:16,125] [INFO] [_sm_handler.py::43] Current state: ready
[2025-07-07 12:06:16,141] [INFO] [_sm_handler.py::43] Current state: ready
[2025-07-07 12:06:16,143] [INFO] [_sm_handler.py::43] Current state: ready
[2025-07-07 12:06:16,145] [INFO] [_sm_handler.py::43] Current state: ready
[2025-07-07 12:06:16,158] [INFO] [_sm_handler.py::43] Current state: ready
[2025-07-07 12:06:16,160] [INFO] [_sm_handler.py::43] Current state: ready
[2025-07-07 12:06:16,162] [INFO] [_sm_handler.py::43] Current state: ready
[2025-07-07 12:06:16,164] [INFO] [_sm_handler.py::43] Current state: ready
[2025-07-07 12:06:16,174] [INFO] [_sm_handler.py::43] Current state: ready
[2025-07-07 12:06:16,178] [INFO] [_sm_handler.py::43] Current state: ready
[2025-07-07 12:06:16,194] [INFO] [_sm_handler.py::43] Current state: ready
[2025-07-07 12:06:16,196] [INFO] [_sm_handler.py::43] Current state: ready
[2025-07-07 12:06:16,197] [INFO] [_sm_handler.py::43] Current state: ready
[2025-07-07 12:06:16,210] [INFO] [_sm_handler.py::43] Current state: ready
[2025-07-07 12:06:16,212] [INFO] [_sm_handler.py::43] Current state: ready
[2025-07-07 12:06:16,214] [INFO] [_sm_handler.py::43] Current state: ready
[2025-07-07 12:06:16,216] [INFO] [_sm_handler.py::43] Current state: ready
[2025-07-07 12:06:16,226] [INFO] [_sm_handler.py::43] Current state: ready
[2025-07-07 12:06:16,230] [INFO] [_sm_handler.py::43] Current state: ready
[2025-07-07 12:06:16,246] [INFO] [_sm_handler.py::43] Current state: ready
[2025-07-07 12:06:16,248] [INFO] [_sm_handler.py::43] Current state: ready
[2025-07-07 12:06:16,250] [INFO] [_sm_handler.py::43] Current state: ready
[2025-07-07 12:06:16,263] [INFO] [_sm_handler.py::43] Current state: ready
[2025-07-07 12:06:16,265] [INFO] [_sm_handler.py::43] Current state: ready
[2025-07-07 12:06:16,267] [INFO] [_sm_handler.py::43] Current state: ready
[2025-07-07 12:06:16,269] [INFO] [_sm_handler.py::43] Current state: ready
[2025-07-07 12:06:16,279] [INFO] [_sm_handler.py::43] Current state: ready
[2025-07-07 12:06:16,283] [INFO] [_sm_handler.py::43] Current state: ready
[2025-07-07 12:06:16,299] [INFO] [_sm_handler.py::43] Current state: ready
[2025-07-07 12:06:16,302] [INFO] [_sm_handler.py::43] Current state: ready
[2025-07-07 12:06:16,304] [INFO] [_sm_handler.py::43] Current state: ready
[2025-07-07 12:06:16,316] [INFO] [_sm_handler.py::43] Current state: ready
[2025-07-07 12:06:16,318] [INFO] [_sm_handler.py::43] Current state: ready
[2025-07-07 12:06:16,320] [INFO] [_sm_handler.py::43] Current state: ready
[2025-07-07 12:06:16,321] [INFO] [_sm_handler.py::43] Current state: ready
[2025-07-07 12:06:16,331] [INFO] [_sm_handler.py::43] Current state: ready
[2025-07-07 12:06:16,335] [INFO] [_sm_handler.py::43] Current state: ready
[2025-07-07 12:06:16,352] [INFO] [_sm_handler.py::43] Current state: ready
[2025-07-07 12:06:16,354] [INFO] [_sm_handler.py::43] Current state: ready
[2025-07-07 12:06:16,356] [INFO] [_sm_handler.py::43] Current state: ready
[2025-07-07 12:06:16,368] [INFO] [_sm_handler.py::43] Current state: ready
[2025-07-07 12:06:16,373] [INFO] [_sm_handler.py::43] Current state: ready
[2025-07-07 12:06:16,379] [INFO] [_sm_handler.py::43] Current state: ready
[2025-07-07 12:06:16,384] [INFO] [_sm_handler.py::43] Current state: ready
[2025-07-07 12:06:16,389] [INFO] [_sm_handler.py::43] Current state: ready
[2025-07-07 12:06:16,396] [INFO] [_sm_handler.py::43] Current state: ready
[2025-07-07 12:06:16,405] [INFO] [_sm_handler.py::43] Current state: ready
[2025-07-07 12:06:16,410] [INFO] [_sm_handler.py::43] Current state: ready
[2025-07-07 12:06:16,414] [INFO] [_sm_handler.py::43] Current state: ready
[2025-07-07 12:06:16,423] [INFO] [_sm_handler.py::43] Current state: ready
[2025-07-07 12:06:16,429] [INFO] [_sm_handler.py::43] Current state: ready
[2025-07-07 12:06:16,435] [INFO] [_sm_handler.py::43] Current state: ready
[2025-07-07 12:06:16,440] [INFO] [_sm_handler.py::43] Current state: ready
[2025-07-07 12:06:16,447] [INFO] [_sm_handler.py::43] Current state: ready
[2025-07-07 12:06:16,452] [INFO] [_sm_handler.py::43] Current state: ready
[2025-07-07 12:06:16,460] [INFO] [_sm_handler.py::43] Current state: ready
[2025-07-07 12:06:16,465] [INFO] [_sm_handler.py::43] Current state: ready
[2025-07-07 12:06:16,471] [INFO] [_sm_handler.py::43] Current state: ready
[2025-07-07 12:06:16,478] [INFO] [_sm_handler.py::43] Current state: ready
[2025-07-07 12:06:16,483] [INFO] [_sm_handler.py::43] Current state: ready
[2025-07-07 12:06:16,490] [INFO] [_sm_handler.py::43] Current state: ready
[2025-07-07 12:06:16,497] [INFO] [_sm_handler.py::43] Current state: ready
[2025-07-07 12:06:16,502] [INFO] [_sm_handler.py::43] Current state: ready
[2025-07-07 12:06:16,505] [INFO] [_sm_handler.py::43] Current state: ready
[2025-07-07 12:06:16,513] [INFO] [_sm_handler.py::43] Current state: ready
[2025-07-07 12:06:16,518] [INFO] [_sm_handler.py::43] Current state: ready
[2025-07-07 12:06:16,524] [INFO] [_sm_handler.py::43] Current state: ready
[2025-07-07 12:06:16,531] [INFO] [_sm_handler.py::43] Current state: ready
[2025-07-07 12:06:16,536] [INFO] [_sm_handler.py::43] Current state: ready
[2025-07-07 12:06:16,543] [INFO] [_sm_handler.py::43] Current state: ready
[2025-07-07 12:06:16,550] [INFO] [_sm_handler.py::43] Current state: ready
[2025-07-07 12:06:16,555] [INFO] [_sm_handler.py::43] Current state: ready
[2025-07-07 12:06:16,558] [INFO] [_sm_handler.py::43] Current state: ready
[2025-07-07 12:06:16,566] [INFO] [_sm_handler.py::43] Current state: ready
[2025-07-07 12:06:16,571] [INFO] [_sm_handler.py::43] Current state: ready
[2025-07-07 12:06:16,577] [INFO] [_sm_handler.py::43] Current state: ready
[2025-07-07 12:06:16,586] [INFO] [_sm_handler.py::43] Current state: ready
[2025-07-07 12:06:16,589] [INFO] [_sm_handler.py::43] Current state: ready
[2025-07-07 12:06:16,595] [INFO] [_sm_handler.py::43] Current state: ready
[2025-07-07 12:06:16,602] [INFO] [_sm_handler.py::43] Current state: ready
[2025-07-07 12:06:16,607] [INFO] [_sm_handler.py::43] Current state: ready
[2025-07-07 12:06:16,611] [INFO] [_sm_handler.py::43] Current state: ready
[2025-07-07 12:06:16,619] [INFO] [_sm_handler.py::43] Current state: ready
[2025-07-07 12:06:16,624] [INFO] [_sm_handler.py::43] Current state: ready
[2025-07-07 12:06:16,630] [INFO] [_sm_handler.py::43] Current state: ready
[2025-07-07 12:06:16,639] [INFO] [_sm_handler.py::43] Current state: ready
[2025-07-07 12:06:16,642] [INFO] [_sm_handler.py::43] Current state: ready
[2025-07-07 12:06:16,648] [INFO] [_sm_handler.py::43] Current state: ready
[2025-07-07 12:06:16,655] [INFO] [_sm_handler.py::43] Current state: ready
[2025-07-07 12:06:16,660] [INFO] [_sm_handler.py::43] Current state: ready
[2025-07-07 12:06:16,663] [INFO] [_sm_handler.py::43] Current state: ready
[2025-07-07 12:06:16,671] [INFO] [_sm_handler.py::43] Current state: ready
[2025-07-07 12:06:16,676] [INFO] [_sm_handler.py::43] Current state: ready
[2025-07-07 12:06:16,682] [INFO] [_sm_handler.py::43] Current state: ready
[2025-07-07 12:06:16,691] [INFO] [_sm_handler.py::43] Current state: ready
[2025-07-07 12:06:16,694] [INFO] [_sm_handler.py::43] Current state: ready
[2025-07-07 12:06:16,700] [INFO] [_sm_handler.py::43] Current state: ready
[2025-07-07 12:06:16,707] [INFO] [_sm_handler.py::43] Current state: ready
[2025-07-07 12:06:16,712] [INFO] [_sm_handler.py::43] Current state: ready
[2025-07-07 12:06:16,715] [INFO] [_sm_handler.py::43] Current state: ready
[2025-07-07 12:06:16,723] [INFO] [_sm_handler.py::43] Current state: ready
[2025-07-07 12:06:16,728] [INFO] [_sm_handler.py::43] Current state: ready
[2025-07-07 12:06:16,734] [INFO] [_sm_handler.py::43] Current state: ready
[2025-07-07 12:06:16,743] [INFO] [_sm_handler.py::43] Current state: ready
[2025-07-07 12:06:16,746] [INFO] [_sm_handler.py::43] Current state: ready
[2025-07-07 12:06:16,753] [INFO] [_sm_handler.py::43] Current state: ready
[2025-07-07 12:06:16,760] [INFO] [_sm_handler.py::43] Current state: ready
[2025-07-07 12:06:16,764] [INFO] [_sm_handler.py::43] Current state: ready
[2025-07-07 12:06:16,767] [INFO] [_sm_handler.py::43] Current state: ready
[2025-07-07 12:06:16,776] [INFO] [_sm_handler.py::43] Current state: ready
[2025-07-07 12:06:16,781] [INFO] [_sm_handler.py::43] Current state: ready
[2025-07-07 12:06:16,787] [INFO] [_sm_handler.py::43] Current state: ready
[2025-07-07 12:06:16,795] [INFO] [_sm_handler.py::43] Current state: ready
[2025-07-07 12:06:16,798] [INFO] [_sm_handler.py::43] Current state: ready
[2025-07-07 12:06:16,805] [INFO] [_sm_handler.py::43] Current state: ready
[2025-07-07 12:06:16,812] [INFO] [_sm_handler.py::43] Current state: ready
[2025-07-07 12:06:16,817] [INFO] [_sm_handler.py::43] Current state: ready
[2025-07-07 12:06:16,819] [INFO] [_sm_handler.py::43] Current state: ready
[2025-07-07 12:06:16,829] [INFO] [_sm_handler.py::43] Current state: ready
[2025-07-07 12:06:16,834] [INFO] [_sm_handler.py::43] Current state: ready
[2025-07-07 12:06:16,840] [INFO] [_sm_handler.py::43] Current state: ready
[2025-07-07 12:06:16,848] [INFO] [_sm_handler.py::43] Current state: ready
[2025-07-07 12:06:16,850] [INFO] [_sm_handler.py::43] Current state: ready
[2025-07-07 12:06:16,858] [INFO] [_sm_handler.py::43] Current state: ready
[2025-07-07 12:06:16,864] [INFO] [_sm_handler.py::43] Current state: ready
[2025-07-07 12:06:16,869] [INFO] [_sm_handler.py::43] Current state: ready
[2025-07-07 12:06:16,871] [INFO] [_sm_handler.py::43] Current state: ready
[2025-07-07 12:06:16,882] [INFO] [_sm_handler.py::43] Current state: ready
[2025-07-07 12:06:16,887] [INFO] [_sm_handler.py::43] Current state: ready
[2025-07-07 12:06:16,893] [INFO] [_sm_handler.py::43] Current state: ready
[2025-07-07 12:06:16,901] [INFO] [_sm_handler.py::43] Current state: ready
[2025-07-07 12:06:16,903] [INFO] [_sm_handler.py::43] Current state: ready
[2025-07-07 12:06:16,911] [INFO] [_sm_handler.py::43] Current state: ready
[2025-07-07 12:06:16,917] [INFO] [_sm_handler.py::43] Current state: ready
[2025-07-07 12:06:16,922] [INFO] [_sm_handler.py::43] Current state: ready
[2025-07-07 12:06:16,924] [INFO] [_sm_handler.py::43] Current state: ready
[2025-07-07 12:06:16,935] [INFO] [_sm_handler.py::43] Current state: ready
[2025-07-07 12:06:16,940] [INFO] [_sm_handler.py::43] Current state: ready
[2025-07-07 12:06:16,946] [INFO] [_sm_handler.py::43] Current state: ready
[2025-07-07 12:06:16,954] [INFO] [_sm_handler.py::43] Current state: ready
[2025-07-07 12:06:16,956] [INFO] [_sm_handler.py::43] Current state: ready
[2025-07-07 12:06:16,964] [INFO] [_sm_handler.py::43] Current state: ready
[2025-07-07 12:06:16,970] [INFO] [_sm_handler.py::43] Current state: ready
[2025-07-07 12:06:16,974] [INFO] [_sm_handler.py::43] Current state: ready
[2025-07-07 12:06:16,977] [INFO] [_sm_handler.py::43] Current state: ready
[2025-07-07 12:06:16,987] [INFO] [_sm_handler.py::43] Current state: ready
[2025-07-07 12:06:16,992] [INFO] [_sm_handler.py::43] Current state: ready
[2025-07-07 12:06:16,998] [INFO] [_sm_handler.py::43] Current state: ready
[2025-07-07 12:06:17,006] [INFO] [_sm_handler.py::43] Current state: ready
[2025-07-07 12:06:17,009] [INFO] [_sm_handler.py::43] Current state: ready
[2025-07-07 12:06:17,016] [INFO] [_sm_handler.py::43] Current state: ready
[2025-07-07 12:06:17,024] [INFO] [_sm_handler.py::43] Current state: ready
[2025-07-07 12:06:17,027] [INFO] [_sm_handler.py::43] Current state: ready
[2025-07-07 12:06:17,031] [INFO] [_sm_handler.py::43] Current state: ready
[2025-07-07 12:06:17,040] [INFO] [_sm_handler.py::43] Current state: ready
[2025-07-07 12:06:17,045] [INFO] [_sm_handler.py::43] Current state: ready
[2025-07-07 12:06:17,051] [INFO] [_sm_handler.py::43] Current state: ready
[2025-07-07 12:06:17,060] [INFO] [_sm_handler.py::43] Current state: ready
[2025-07-07 12:06:17,063] [INFO] [_sm_handler.py::43] Current state: ready
[2025-07-07 12:06:17,070] [INFO] [_sm_handler.py::43] Current state: ready
[2025-07-07 12:06:17,078] [INFO] [_sm_handler.py::43] Current state: ready
[2025-07-07 12:06:17,082] [INFO] [_sm_handler.py::43] Current state: ready
[2025-07-07 12:06:17,085] [INFO] [_sm_handler.py::43] Current state: ready
[2025-07-07 12:06:17,094] [INFO] [_sm_handler.py::43] Current state: ready
[2025-07-07 12:06:17,099] [INFO] [_sm_handler.py::43] Current state: ready
[2025-07-07 12:06:17,104] [INFO] [_sm_handler.py::43] Current state: ready
[2025-07-07 12:06:17,113] [INFO] [_sm_handler.py::43] Current state: ready
[2025-07-07 12:06:17,116] [INFO] [_sm_handler.py::43] Current state: ready
[2025-07-07 12:06:17,122] [INFO] [_sm_handler.py::43] Current state: ready
[2025-07-07 12:06:17,130] [INFO] [_sm_handler.py::43] Current state: ready
[2025-07-07 12:06:17,135] [INFO] [_sm_handler.py::43] Current state: ready
[2025-07-07 12:06:17,138] [INFO] [_sm_handler.py::43] Current state: ready
[2025-07-07 12:06:17,146] [INFO] [_sm_handler.py::43] Current state: ready
[2025-07-07 12:06:17,151] [INFO] [_sm_handler.py::43] Current state: ready
[2025-07-07 12:06:17,157] [INFO] [_sm_handler.py::43] Current state: ready
[2025-07-07 12:06:17,166] [INFO] [_sm_handler.py::43] Current state: ready
[2025-07-07 12:06:17,168] [INFO] [_sm_handler.py::43] Current state: ready
[2025-07-07 12:06:17,175] [INFO] [_sm_handler.py::43] Current state: ready
[2025-07-07 12:06:17,183] [INFO] [_sm_handler.py::43] Current state: ready
[2025-07-07 12:06:17,188] [INFO] [_sm_handler.py::43] Current state: ready
[2025-07-07 12:06:17,191] [INFO] [_sm_handler.py::43] Current state: ready
[2025-07-07 12:06:17,199] [INFO] [_sm_handler.py::43] Current state: ready
[2025-07-07 12:06:17,204] [INFO] [_sm_handler.py::43] Current state: ready
[2025-07-07 12:06:17,210] [INFO] [_sm_handler.py::43] Current state: ready
[2025-07-07 12:06:17,219] [INFO] [_sm_handler.py::43] Current state: ready
[2025-07-07 12:06:17,221] [INFO] [_sm_handler.py::43] Current state: ready
[2025-07-07 12:06:17,228] [INFO] [_sm_handler.py::43] Current state: ready
[2025-07-07 12:06:17,236] [INFO] [_sm_handler.py::43] Current state: ready
[2025-07-07 12:06:17,241] [INFO] [_sm_handler.py::43] Current state: ready
[2025-07-07 12:06:17,243] [INFO] [_sm_handler.py::43] Current state: ready
[2025-07-07 12:06:17,252] [INFO] [_sm_handler.py::43] Current state: ready
[2025-07-07 12:06:17,257] [INFO] [_sm_handler.py::43] Current state: ready
[2025-07-07 12:06:17,263] [INFO] [_sm_handler.py::43] Current state: ready
[2025-07-07 12:06:17,271] [INFO] [_sm_handler.py::43] Current state: ready
[2025-07-07 12:06:17,273] [INFO] [_sm_handler.py::43] Current state: ready
[2025-07-07 12:06:17,281] [INFO] [_sm_handler.py::43] Current state: ready
[2025-07-07 12:06:17,289] [INFO] [_sm_handler.py::43] Current state: ready
[2025-07-07 12:06:17,294] [INFO] [_sm_handler.py::43] Current state: ready
[2025-07-07 12:06:17,296] [INFO] [_sm_handler.py::43] Current state: ready
[2025-07-07 12:06:17,305] [INFO] [_sm_handler.py::43] Current state: ready
[2025-07-07 12:06:17,310] [INFO] [_sm_handler.py::43] Current state: ready
[2025-07-07 12:06:17,316] [INFO] [_sm_handler.py::43] Current state: ready
[2025-07-07 12:06:17,324] [INFO] [_sm_handler.py::43] Current state: ready
[2025-07-07 12:06:17,326] [INFO] [_sm_handler.py::43] Current state: ready
[2025-07-07 12:06:17,334] [INFO] [_sm_handler.py::43] Current state: ready
[2025-07-07 12:06:17,342] [INFO] [_sm_handler.py::43] Current state: ready
[2025-07-07 12:06:17,347] [INFO] [_sm_handler.py::43] Current state: ready
[2025-07-07 12:06:17,349] [INFO] [_sm_handler.py::43] Current state: ready
[2025-07-07 12:06:17,358] [INFO] [_sm_handler.py::43] Current state: ready
[2025-07-07 12:06:17,363] [INFO] [_sm_handler.py::43] Current state: ready
[2025-07-07 12:06:17,369] [INFO] [_sm_handler.py::43] Current state: ready
[2025-07-07 12:06:17,376] [INFO] [_sm_handler.py::43] Current state: ready
[2025-07-07 12:06:17,378] [INFO] [_sm_handler.py::43] Current state: ready
[2025-07-07 12:06:17,386] [INFO] [_sm_handler.py::43] Current state: ready
[2025-07-07 12:06:17,394] [INFO] [_sm_handler.py::43] Current state: ready
[2025-07-07 12:06:17,399] [INFO] [_sm_handler.py::43] Current state: ready
[2025-07-07 12:06:17,401] [INFO] [_sm_handler.py::43] Current state: ready
[2025-07-07 12:06:17,410] [INFO] [_sm_handler.py::43] Current state: ready
[2025-07-07 12:06:17,415] [INFO] [_sm_handler.py::43] Current state: ready
[2025-07-07 12:06:17,421] [INFO] [_sm_handler.py::43] Current state: ready
[2025-07-07 12:06:17,429] [INFO] [_sm_handler.py::43] Current state: ready
[2025-07-07 12:06:17,431] [INFO] [_sm_handler.py::43] Current state: ready
[2025-07-07 12:06:17,438] [INFO] [_sm_handler.py::43] Current state: ready
[2025-07-07 12:06:17,446] [INFO] [_sm_handler.py::43] Current state: ready
[2025-07-07 12:06:17,451] [INFO] [_sm_handler.py::43] Current state: ready
[2025-07-07 12:06:17,453] [INFO] [_sm_handler.py::43] Current state: ready
[2025-07-07 12:06:17,463] [INFO] [_sm_handler.py::43] Current state: ready
[2025-07-07 12:06:17,467] [INFO] [_sm_handler.py::43] Current state: ready
[2025-07-07 12:06:17,474] [INFO] [_sm_handler.py::43] Current state: ready
[2025-07-07 12:06:17,482] [INFO] [_sm_handler.py::43] Current state: ready
[2025-07-07 12:06:17,484] [INFO] [_sm_handler.py::43] Current state: ready
[2025-07-07 12:06:17,491] [INFO] [_sm_handler.py::43] Current state: ready
[2025-07-07 12:06:17,499] [INFO] [_sm_handler.py::43] Current state: ready
[2025-07-07 12:06:17,504] [INFO] [_sm_handler.py::43] Current state: ready
[2025-07-07 12:06:17,506] [INFO] [_sm_handler.py::43] Current state: ready
[2025-07-07 12:06:17,516] [INFO] [_sm_handler.py::43] Current state: ready
[2025-07-07 12:06:17,520] [INFO] [_sm_handler.py::43] Current state: ready
[2025-07-07 12:06:17,527] [INFO] [_sm_handler.py::43] Current state: ready
[2025-07-07 12:06:17,535] [INFO] [_sm_handler.py::43] Current state: ready
[2025-07-07 12:06:17,537] [INFO] [_sm_handler.py::43] Current state: ready
[2025-07-07 12:06:17,544] [INFO] [_sm_handler.py::43] Current state: ready
[2025-07-07 12:06:17,552] [INFO] [_sm_handler.py::43] Current state: ready
[2025-07-07 12:06:17,556] [INFO] [_sm_handler.py::43] Current state: ready
[2025-07-07 12:06:17,558] [INFO] [_sm_handler.py::43] Current state: ready
[2025-07-07 12:06:17,568] [INFO] [_sm_handler.py::43] Current state: ready
[2025-07-07 12:06:17,572] [INFO] [_sm_handler.py::43] Current state: ready
[2025-07-07 12:06:17,579] [INFO] [_sm_handler.py::43] Current state: ready
[2025-07-07 12:06:17,588] [INFO] [_sm_handler.py::43] Current state: ready
[2025-07-07 12:06:17,591] [INFO] [_sm_handler.py::43] Current state: ready
[2025-07-07 12:06:17,596] [INFO] [_sm_handler.py::43] Current state: ready
[2025-07-07 12:06:17,604] [INFO] [_sm_handler.py::43] Current state: ready
[2025-07-07 12:06:17,608] [INFO] [_sm_handler.py::43] Current state: ready
[2025-07-07 12:06:17,612] [INFO] [_sm_handler.py::43] Current state: ready
[2025-07-07 12:06:17,622] [INFO] [_sm_handler.py::43] Current state: ready
[2025-07-07 12:06:17,626] [INFO] [_sm_handler.py::43] Current state: ready
[2025-07-07 12:06:17,633] [INFO] [_sm_handler.py::43] Current state: ready
[2025-07-07 12:06:17,641] [INFO] [_sm_handler.py::43] Current state: ready
[2025-07-07 12:06:17,646] [INFO] [_sm_handler.py::43] Current state: ready
[2025-07-07 12:06:17,649] [INFO] [_sm_handler.py::43] Current state: ready
[2025-07-07 12:06:17,657] [INFO] [_sm_handler.py::43] Current state: ready
[2025-07-07 12:06:17,663] [INFO] [_sm_handler.py::43] Current state: ready
[2025-07-07 12:06:17,667] [INFO] [_sm_handler.py::43] Current state: ready
[2025-07-07 12:06:17,675] [INFO] [_sm_handler.py::43] Current state: ready
[2025-07-07 12:06:17,680] [INFO] [_sm_handler.py::43] Current state: ready
[2025-07-07 12:06:17,687] [INFO] [_sm_handler.py::43] Current state: ready
[2025-07-07 12:06:17,695] [INFO] [_sm_handler.py::43] Current state: ready
[2025-07-07 12:06:17,700] [INFO] [_sm_handler.py::43] Current state: ready
[2025-07-07 12:06:17,704] [INFO] [_sm_handler.py::43] Current state: ready
[2025-07-07 12:06:17,710] [INFO] [_sm_handler.py::43] Current state: ready
[2025-07-07 12:06:17,715] [INFO] [_sm_handler.py::43] Current state: ready
[2025-07-07 12:06:17,719] [INFO] [_sm_handler.py::43] Current state: ready
[2025-07-07 12:06:17,727] [INFO] [_sm_handler.py::43] Current state: ready
[2025-07-07 12:06:17,733] [INFO] [_sm_handler.py::43] Current state: ready
[2025-07-07 12:06:17,739] [INFO] [_sm_handler.py::43] Current state: ready
[2025-07-07 12:06:17,747] [INFO] [_sm_handler.py::43] Current state: ready
[2025-07-07 12:06:17,752] [INFO] [_sm_handler.py::43] Current state: ready
[2025-07-07 12:06:17,756] [INFO] [_sm_handler.py::43] Current state: ready
[2025-07-07 12:06:17,762] [INFO] [_sm_handler.py::43] Current state: ready
[2025-07-07 12:06:17,767] [INFO] [_sm_handler.py::43] Current state: ready
[2025-07-07 12:06:17,771] [INFO] [_sm_handler.py::43] Current state: ready
[2025-07-07 12:06:17,780] [INFO] [_sm_handler.py::43] Current state: ready
[2025-07-07 12:06:17,786] [INFO] [_sm_handler.py::43] Current state: ready
[2025-07-07 12:06:17,792] [INFO] [_sm_handler.py::43] Current state: ready
[2025-07-07 12:06:17,800] [INFO] [_sm_handler.py::43] Current state: ready
[2025-07-07 12:06:17,805] [INFO] [_sm_handler.py::43] Current state: ready
[2025-07-07 12:06:17,809] [INFO] [_sm_handler.py::43] Current state: ready
[2025-07-07 12:06:17,815] [INFO] [_sm_handler.py::43] Current state: ready
[2025-07-07 12:06:17,820] [INFO] [_sm_handler.py::43] Current state: ready
[2025-07-07 12:06:17,824] [INFO] [_sm_handler.py::43] Current state: ready
[2025-07-07 12:06:17,832] [INFO] [_sm_handler.py::43] Current state: ready
[2025-07-07 12:06:17,838] [INFO] [_sm_handler.py::43] Current state: ready
[2025-07-07 12:06:17,844] [INFO] [_sm_handler.py::43] Current state: ready
[2025-07-07 12:06:17,853] [INFO] [_sm_handler.py::43] Current state: ready
[2025-07-07 12:06:17,858] [INFO] [_sm_handler.py::43] Current state: ready
[2025-07-07 12:06:17,862] [INFO] [_sm_handler.py::43] Current state: ready
[2025-07-07 12:06:17,868] [INFO] [_sm_handler.py::43] Current state: ready
[2025-07-07 12:06:17,873] [INFO] [_sm_handler.py::43] Current state: ready
[2025-07-07 12:06:17,877] [INFO] [_sm_handler.py::43] Current state: ready
[2025-07-07 12:06:17,885] [INFO] [_sm_handler.py::43] Current state: ready
[2025-07-07 12:06:17,891] [INFO] [_sm_handler.py::43] Current state: ready
[2025-07-07 12:06:17,897] [INFO] [_sm_handler.py::43] Current state: ready
[2025-07-07 12:06:17,906] [INFO] [_sm_handler.py::43] Current state: ready
[2025-07-07 12:06:17,911] [INFO] [_sm_handler.py::43] Current state: ready
[2025-07-07 12:06:17,915] [INFO] [_sm_handler.py::43] Current state: ready
[2025-07-07 12:06:17,921] [INFO] [_sm_handler.py::43] Current state: ready
[2025-07-07 12:06:17,926] [INFO] [_sm_handler.py::43] Current state: ready
[2025-07-07 12:06:17,930] [INFO] [_sm_handler.py::43] Current state: ready
[2025-07-07 12:06:17,938] [INFO] [_sm_handler.py::43] Current state: ready
[2025-07-07 12:06:17,943] [INFO] [_sm_handler.py::43] Current state: ready
[2025-07-07 12:06:17,950] [INFO] [_sm_handler.py::43] Current state: ready
[2025-07-07 12:06:17,958] [INFO] [_sm_handler.py::43] Current state: ready
[2025-07-07 12:06:17,963] [INFO] [_sm_handler.py::43] Current state: ready
[2025-07-07 12:06:17,967] [INFO] [_sm_handler.py::43] Current state: ready
[2025-07-07 12:06:17,973] [INFO] [_sm_handler.py::43] Current state: ready
[2025-07-07 12:06:17,979] [INFO] [_sm_handler.py::43] Current state: ready
[2025-07-07 12:06:17,983] [INFO] [_sm_handler.py::43] Current state: ready
[2025-07-07 12:06:17,991] [INFO] [_sm_handler.py::43] Current state: ready
[2025-07-07 12:06:17,996] [INFO] [_sm_handler.py::43] Current state: ready
[2025-07-07 12:06:18,003] [INFO] [_sm_handler.py::43] Current state: ready
[2025-07-07 12:06:18,011] [INFO] [_sm_handler.py::43] Current state: ready
[2025-07-07 12:06:18,016] [INFO] [_sm_handler.py::43] Current state: ready
[2025-07-07 12:06:18,020] [INFO] [_sm_handler.py::43] Current state: ready
[2025-07-07 12:06:18,026] [INFO] [_sm_handler.py::43] Current state: ready
[2025-07-07 12:06:18,031] [INFO] [_sm_handler.py::43] Current state: ready
[2025-07-07 12:06:18,036] [INFO] [_sm_handler.py::43] Current state: ready
[2025-07-07 12:06:18,044] [INFO] [_sm_handler.py::43] Current state: ready
[2025-07-07 12:06:18,049] [INFO] [_sm_handler.py::43] Current state: ready
[2025-07-07 12:06:18,056] [INFO] [_sm_handler.py::43] Current state: ready
[2025-07-07 12:06:18,064] [INFO] [_sm_handler.py::43] Current state: ready
[2025-07-07 12:06:18,069] [INFO] [_sm_handler.py::43] Current state: ready
[2025-07-07 12:06:18,073] [INFO] [_sm_handler.py::43] Current state: ready
[2025-07-07 12:06:18,079] [INFO] [_sm_handler.py::43] Current state: ready
[2025-07-07 12:06:18,084] [INFO] [_sm_handler.py::43] Current state: ready
[2025-07-07 12:06:18,088] [INFO] [_sm_handler.py::43] Current state: ready
[2025-07-07 12:06:18,097] [INFO] [_sm_handler.py::43] Current state: ready
[2025-07-07 12:06:18,102] [INFO] [_sm_handler.py::43] Current state: ready
[2025-07-07 12:06:18,109] [INFO] [_sm_handler.py::43] Current state: ready
[2025-07-07 12:06:18,117] [INFO] [_sm_handler.py::43] Current state: ready
[2025-07-07 12:06:18,121] [INFO] [_sm_handler.py::43] Current state: ready
[2025-07-07 12:06:18,125] [INFO] [_sm_handler.py::43] Current state: ready
[2025-07-07 12:06:18,131] [INFO] [_sm_handler.py::43] Current state: ready
[2025-07-07 12:06:18,137] [INFO] [_sm_handler.py::43] Current state: ready
[2025-07-07 12:06:18,140] [INFO] [_sm_handler.py::43] Current state: ready
[2025-07-07 12:06:18,150] [INFO] [_sm_handler.py::43] Current state: ready
[2025-07-07 12:06:18,154] [INFO] [_sm_handler.py::43] Current state: ready
[2025-07-07 12:06:18,162] [INFO] [_sm_handler.py::43] Current state: ready
[2025-07-07 12:06:18,169] [INFO] [_sm_handler.py::43] Current state: ready
[2025-07-07 12:06:18,173] [INFO] [_sm_handler.py::43] Current state: ready
[2025-07-07 12:06:18,177] [INFO] [_sm_handler.py::43] Current state: ready
[2025-07-07 12:06:18,183] [INFO] [_sm_handler.py::43] Current state: ready
[2025-07-07 12:06:18,189] [INFO] [_sm_handler.py::43] Current state: ready
[2025-07-07 12:06:18,192] [INFO] [_sm_handler.py::43] Current state: ready
[2025-07-07 12:06:18,202] [INFO] [_sm_handler.py::43] Current state: ready
[2025-07-07 12:06:18,206] [INFO] [_sm_handler.py::43] Current state: ready
[2025-07-07 12:06:18,214] [INFO] [_sm_handler.py::43] Current state: ready
[2025-07-07 12:06:18,221] [INFO] [_sm_handler.py::43] Current state: ready
[2025-07-07 12:06:18,225] [INFO] [_sm_handler.py::43] Current state: ready
[2025-07-07 12:06:18,229] [INFO] [_sm_handler.py::43] Current state: ready
[2025-07-07 12:06:18,236] [INFO] [_sm_handler.py::43] Current state: ready
[2025-07-07 12:06:18,242] [INFO] [_sm_handler.py::43] Current state: ready
[2025-07-07 12:06:18,245] [INFO] [_sm_handler.py::43] Current state: ready
[2025-07-07 12:06:18,255] [INFO] [_sm_handler.py::43] Current state: ready
[2025-07-07 12:06:18,259] [INFO] [_sm_handler.py::43] Current state: ready
[2025-07-07 12:06:18,267] [INFO] [_sm_handler.py::43] Current state: ready
[2025-07-07 12:06:18,274] [INFO] [_sm_handler.py::43] Current state: ready
[2025-07-07 12:06:18,278] [INFO] [_sm_handler.py::43] Current state: ready
[2025-07-07 12:06:18,282] [INFO] [_sm_handler.py::43] Current state: ready
[2025-07-07 12:06:18,288] [INFO] [_sm_handler.py::43] Current state: ready
[2025-07-07 12:06:18,294] [INFO] [_sm_handler.py::43] Current state: ready
[2025-07-07 12:06:18,297] [INFO] [_sm_handler.py::43] Current state: ready
[2025-07-07 12:06:18,307] [INFO] [_sm_handler.py::43] Current state: ready
[2025-07-07 12:06:18,311] [INFO] [_sm_handler.py::43] Current state: ready
[2025-07-07 12:06:18,319] [INFO] [_sm_handler.py::43] Current state: ready
[2025-07-07 12:06:18,326] [INFO] [_sm_handler.py::43] Current state: ready
[2025-07-07 12:06:18,331] [INFO] [_sm_handler.py::43] Current state: ready
[2025-07-07 12:06:18,334] [INFO] [_sm_handler.py::43] Current state: ready
[2025-07-07 12:06:18,341] [INFO] [_sm_handler.py::43] Current state: ready
[2025-07-07 12:06:18,347] [INFO] [_sm_handler.py::43] Current state: ready
[2025-07-07 12:06:18,350] [INFO] [_sm_handler.py::43] Current state: ready
[2025-07-07 12:06:18,360] [INFO] [_sm_handler.py::43] Current state: ready
[2025-07-07 12:06:18,364] [INFO] [_sm_handler.py::43] Current state: ready
[2025-07-07 12:06:18,372] [INFO] [_sm_handler.py::43] Current state: ready
[2025-07-07 12:06:18,379] [INFO] [_sm_handler.py::43] Current state: ready
[2025-07-07 12:06:18,384] [INFO] [_sm_handler.py::43] Current state: ready
[2025-07-07 12:06:18,387] [INFO] [_sm_handler.py::43] Current state: ready
[2025-07-07 12:06:18,394] [INFO] [_sm_handler.py::43] Current state: ready
[2025-07-07 12:06:18,400] [INFO] [_sm_handler.py::43] Current state: ready
[2025-07-07 12:06:18,402] [INFO] [_sm_handler.py::43] Current state: ready
[2025-07-07 12:06:18,413] [INFO] [_sm_handler.py::43] Current state: ready
[2025-07-07 12:06:18,417] [INFO] [_sm_handler.py::43] Current state: ready
[2025-07-07 12:06:18,424] [INFO] [_sm_handler.py::43] Current state: ready
[2025-07-07 12:06:18,431] [INFO] [_sm_handler.py::43] Current state: ready
[2025-07-07 12:06:18,436] [INFO] [_sm_handler.py::43] Current state: ready
[2025-07-07 12:06:18,439] [INFO] [_sm_handler.py::43] Current state: ready
[2025-07-07 12:06:18,446] [INFO] [_sm_handler.py::43] Current state: ready
[2025-07-07 12:06:18,453] [INFO] [_sm_handler.py::43] Current state: ready
[2025-07-07 12:06:18,455] [INFO] [_sm_handler.py::43] Current state: ready
[2025-07-07 12:06:18,466] [INFO] [_sm_handler.py::43] Current state: ready
[2025-07-07 12:06:18,470] [INFO] [_sm_handler.py::43] Current state: ready
[2025-07-07 12:06:18,477] [INFO] [_sm_handler.py::43] Current state: ready
[2025-07-07 12:06:18,484] [INFO] [_sm_handler.py::43] Current state: ready
[2025-07-07 12:06:18,489] [INFO] [_sm_handler.py::43] Current state: ready
[2025-07-07 12:06:18,492] [INFO] [_sm_handler.py::43] Current state: ready
[2025-07-07 12:06:18,499] [INFO] [_sm_handler.py::43] Current state: ready
[2025-07-07 12:06:18,506] [INFO] [_sm_handler.py::43] Current state: ready
[2025-07-07 12:06:18,508] [INFO] [_sm_handler.py::43] Current state: ready
[2025-07-07 12:06:18,519] [INFO] [_sm_handler.py::43] Current state: ready
[2025-07-07 12:06:18,522] [INFO] [_sm_handler.py::43] Current state: ready
[2025-07-07 12:06:18,530] [INFO] [_sm_handler.py::43] Current state: ready
[2025-07-07 12:06:18,536] [INFO] [_sm_handler.py::43] Current state: ready
[2025-07-07 12:06:18,541] [INFO] [_sm_handler.py::43] Current state: ready
[2025-07-07 12:06:18,544] [INFO] [_sm_handler.py::43] Current state: ready
[2025-07-07 12:06:18,551] [INFO] [_sm_handler.py::43] Current state: ready
[2025-07-07 12:06:18,558] [INFO] [_sm_handler.py::43] Current state: ready
[2025-07-07 12:06:18,560] [INFO] [_sm_handler.py::43] Current state: ready
[2025-07-07 12:06:18,572] [INFO] [_sm_handler.py::43] Current state: ready
[2025-07-07 12:06:18,574] [INFO] [_sm_handler.py::43] Current state: ready
[2025-07-07 12:06:18,583] [INFO] [_sm_handler.py::43] Current state: ready
[2025-07-07 12:06:18,589] [INFO] [_sm_handler.py::43] Current state: ready
[2025-07-07 12:06:18,594] [INFO] [_sm_handler.py::43] Current state: ready
[2025-07-07 12:06:18,597] [INFO] [_sm_handler.py::43] Current state: ready
[2025-07-07 12:06:18,604] [INFO] [_sm_handler.py::43] Current state: ready
[2025-07-07 12:06:18,611] [INFO] [_sm_handler.py::43] Current state: ready
[2025-07-07 12:06:18,613] [INFO] [_sm_handler.py::43] Current state: ready
[2025-07-07 12:06:18,625] [INFO] [_sm_handler.py::43] Current state: ready
[2025-07-07 12:06:18,627] [INFO] [_sm_handler.py::43] Current state: ready
[2025-07-07 12:06:18,636] [INFO] [_sm_handler.py::43] Current state: ready
[2025-07-07 12:06:18,642] [INFO] [_sm_handler.py::43] Current state: ready
[2025-07-07 12:06:18,647] [INFO] [_sm_handler.py::43] Current state: ready
[2025-07-07 12:06:18,649] [INFO] [_sm_handler.py::43] Current state: ready
[2025-07-07 12:06:18,657] [INFO] [_sm_handler.py::43] Current state: ready
[2025-07-07 12:06:18,664] [INFO] [_sm_handler.py::43] Current state: ready
[2025-07-07 12:06:18,666] [INFO] [_sm_handler.py::43] Current state: ready
[2025-07-07 12:06:18,678] [INFO] [_sm_handler.py::43] Current state: ready
[2025-07-07 12:06:18,680] [INFO] [_sm_handler.py::43] Current state: ready
[2025-07-07 12:06:18,689] [INFO] [_sm_handler.py::43] Current state: ready
[2025-07-07 12:06:18,695] [INFO] [_sm_handler.py::43] Current state: ready
[2025-07-07 12:06:18,699] [INFO] [_sm_handler.py::43] Current state: ready
[2025-07-07 12:06:18,701] [INFO] [_sm_handler.py::43] Current state: ready
[2025-07-07 12:06:18,709] [INFO] [_sm_handler.py::43] Current state: ready
[2025-07-07 12:06:18,716] [INFO] [_sm_handler.py::43] Current state: ready
[2025-07-07 12:06:18,718] [INFO] [_sm_handler.py::43] Current state: ready
[2025-07-07 12:06:18,731] [INFO] [_sm_handler.py::43] Current state: ready
[2025-07-07 12:06:18,733] [INFO] [_sm_handler.py::43] Current state: ready
[2025-07-07 12:06:18,742] [INFO] [_sm_handler.py::43] Current state: ready
[2025-07-07 12:06:18,748] [INFO] [_sm_handler.py::43] Current state: ready
[2025-07-07 12:06:18,752] [INFO] [_sm_handler.py::43] Current state: ready
[2025-07-07 12:06:18,754] [INFO] [_sm_handler.py::43] Current state: ready
[2025-07-07 12:06:18,762] [INFO] [_sm_handler.py::43] Current state: ready
[2025-07-07 12:06:18,769] [INFO] [_sm_handler.py::43] Current state: ready
[2025-07-07 12:06:18,771] [INFO] [_sm_handler.py::43] Current state: ready
[2025-07-07 12:06:18,784] [INFO] [_sm_handler.py::43] Current state: ready
[2025-07-07 12:06:18,786] [INFO] [_sm_handler.py::43] Current state: ready
[2025-07-07 12:06:18,795] [INFO] [_sm_handler.py::43] Current state: ready
[2025-07-07 12:06:18,801] [INFO] [_sm_handler.py::43] Current state: ready
[2025-07-07 12:06:18,804] [INFO] [_sm_handler.py::43] Current state: ready
[2025-07-07 12:06:18,806] [INFO] [_sm_handler.py::43] Current state: ready
[2025-07-07 12:06:18,815] [INFO] [_sm_handler.py::43] Current state: ready
[2025-07-07 12:06:18,822] [INFO] [_sm_handler.py::43] Current state: ready
[2025-07-07 12:06:18,824] [INFO] [_sm_handler.py::43] Current state: ready
[2025-07-07 12:06:18,837] [INFO] [_sm_handler.py::43] Current state: ready
[2025-07-07 12:06:18,839] [INFO] [_sm_handler.py::43] Current state: ready
[2025-07-07 12:06:18,848] [INFO] [_sm_handler.py::43] Current state: ready
[2025-07-07 12:06:18,854] [INFO] [_sm_handler.py::43] Current state: ready
[2025-07-07 12:06:18,856] [INFO] [_sm_handler.py::43] Current state: ready
[2025-07-07 12:06:18,858] [INFO] [_sm_handler.py::43] Current state: ready
[2025-07-07 12:06:18,868] [INFO] [_sm_handler.py::43] Current state: ready
[2025-07-07 12:06:18,875] [INFO] [_sm_handler.py::43] Current state: ready
[2025-07-07 12:06:18,877] [INFO] [_sm_handler.py::43] Current state: ready
[2025-07-07 12:06:18,890] [INFO] [_sm_handler.py::43] Current state: ready
[2025-07-07 12:06:18,892] [INFO] [_sm_handler.py::43] Current state: ready
[2025-07-07 12:06:18,901] [INFO] [_sm_handler.py::43] Current state: ready
[2025-07-07 12:06:18,907] [INFO] [_sm_handler.py::43] Current state: ready
[2025-07-07 12:06:18,909] [INFO] [_sm_handler.py::43] Current state: ready
[2025-07-07 12:06:18,911] [INFO] [_sm_handler.py::43] Current state: ready
[2025-07-07 12:06:18,921] [INFO] [_sm_handler.py::43] Current state: ready
[2025-07-07 12:06:18,928] [INFO] [_sm_handler.py::43] Current state: ready
[2025-07-07 12:06:18,930] [INFO] [_sm_handler.py::43] Current state: ready
[2025-07-07 12:06:18,943] [INFO] [_sm_handler.py::43] Current state: ready
[2025-07-07 12:06:18,945] [INFO] [_sm_handler.py::43] Current state: ready
[2025-07-07 12:06:18,954] [INFO] [_sm_handler.py::43] Current state: ready
[2025-07-07 12:06:18,960] [INFO] [_sm_handler.py::43] Current state: ready
[2025-07-07 12:06:18,962] [INFO] [_sm_handler.py::43] Current state: ready
[2025-07-07 12:06:18,964] [INFO] [_sm_handler.py::43] Current state: ready
[2025-07-07 12:06:18,974] [INFO] [_sm_handler.py::43] Current state: ready
[2025-07-07 12:06:18,981] [INFO] [_sm_handler.py::43] Current state: ready
[2025-07-07 12:06:18,983] [INFO] [_sm_handler.py::43] Current state: ready
[2025-07-07 12:06:18,996] [INFO] [_sm_handler.py::43] Current state: ready
[2025-07-07 12:06:18,998] [INFO] [_sm_handler.py::43] Current state: ready
[2025-07-07 12:06:19,007] [INFO] [_sm_handler.py::43] Current state: ready
[2025-07-07 12:06:19,013] [INFO] [_sm_handler.py::43] Current state: ready
[2025-07-07 12:06:19,015] [INFO] [_sm_handler.py::43] Current state: ready
[2025-07-07 12:06:19,016] [INFO] [_sm_handler.py::43] Current state: ready
[2025-07-07 12:06:19,026] [INFO] [_sm_handler.py::43] Current state: ready
[2025-07-07 12:06:19,033] [INFO] [_sm_handler.py::43] Current state: ready
[2025-07-07 12:06:19,035] [INFO] [_sm_handler.py::43] Current state: ready
[2025-07-07 12:06:19,048] [INFO] [_sm_handler.py::43] Current state: ready
[2025-07-07 12:06:19,050] [INFO] [_sm_handler.py::43] Current state: ready
[2025-07-07 12:06:19,059] [INFO] [_sm_handler.py::43] Current state: ready
[2025-07-07 12:06:19,065] [INFO] [_sm_handler.py::43] Current state: ready
[2025-07-07 12:06:19,067] [INFO] [_sm_handler.py::43] Current state: ready
[2025-07-07 12:06:19,069] [INFO] [_sm_handler.py::43] Current state: ready
[2025-07-07 12:06:19,079] [INFO] [_sm_handler.py::43] Current state: ready
[2025-07-07 12:06:19,086] [INFO] [_sm_handler.py::43] Current state: ready
[2025-07-07 12:06:19,088] [INFO] [_sm_handler.py::43] Current state: ready
[2025-07-07 12:06:19,101] [INFO] [_sm_handler.py::43] Current state: ready
[2025-07-07 12:06:19,103] [INFO] [_sm_handler.py::43] Current state: ready
[2025-07-07 12:06:19,112] [INFO] [_sm_handler.py::43] Current state: ready
[2025-07-07 12:06:19,118] [INFO] [_sm_handler.py::43] Current state: ready
[2025-07-07 12:06:19,120] [INFO] [_sm_handler.py::43] Current state: ready
[2025-07-07 12:06:19,122] [INFO] [_sm_handler.py::43] Current state: ready
[2025-07-07 12:06:19,132] [INFO] [_sm_handler.py::43] Current state: ready
[2025-07-07 12:06:19,139] [INFO] [_sm_handler.py::43] Current state: ready
[2025-07-07 12:06:19,141] [INFO] [_sm_handler.py::43] Current state: ready
[2025-07-07 12:06:19,154] [INFO] [_sm_handler.py::43] Current state: ready
[2025-07-07 12:06:19,156] [INFO] [_sm_handler.py::43] Current state: ready
[2025-07-07 12:06:19,165] [INFO] [_sm_handler.py::43] Current state: ready
[2025-07-07 12:06:19,171] [INFO] [_sm_handler.py::43] Current state: ready
[2025-07-07 12:06:19,173] [INFO] [_sm_handler.py::43] Current state: ready
[2025-07-07 12:06:19,175] [INFO] [_sm_handler.py::43] Current state: ready
[2025-07-07 12:06:19,185] [INFO] [_sm_handler.py::43] Current state: ready
[2025-07-07 12:06:19,192] [INFO] [_sm_handler.py::43] Current state: ready
[2025-07-07 12:06:19,194] [INFO] [_sm_handler.py::43] Current state: ready
[2025-07-07 12:06:19,206] [INFO] [_sm_handler.py::43] Current state: ready
[2025-07-07 12:06:19,208] [INFO] [_sm_handler.py::43] Current state: ready
[2025-07-07 12:06:19,217] [INFO] [_sm_handler.py::43] Current state: ready
[2025-07-07 12:06:19,224] [INFO] [_sm_handler.py::43] Current state: ready
[2025-07-07 12:06:19,226] [INFO] [_sm_handler.py::43] Current state: ready
[2025-07-07 12:06:19,228] [INFO] [_sm_handler.py::43] Current state: ready
[2025-07-07 12:06:19,238] [INFO] [_sm_handler.py::43] Current state: ready
[2025-07-07 12:06:19,245] [INFO] [_sm_handler.py::43] Current state: ready
[2025-07-07 12:06:19,247] [INFO] [_sm_handler.py::43] Current state: ready
[2025-07-07 12:06:19,259] [INFO] [_sm_handler.py::43] Current state: ready
[2025-07-07 12:06:19,261] [INFO] [_sm_handler.py::43] Current state: ready
[2025-07-07 12:06:19,269] [INFO] [_sm_handler.py::43] Current state: ready
[2025-07-07 12:06:19,277] [INFO] [_sm_handler.py::43] Current state: ready
[2025-07-07 12:06:19,279] [INFO] [_sm_handler.py::43] Current state: ready
[2025-07-07 12:06:19,281] [INFO] [_sm_handler.py::43] Current state: ready
[2025-07-07 12:06:19,291] [INFO] [_sm_handler.py::43] Current state: ready
[2025-07-07 12:06:19,298] [INFO] [_sm_handler.py::43] Current state: ready
[2025-07-07 12:06:19,300] [INFO] [_sm_handler.py::43] Current state: ready
[2025-07-07 12:06:19,312] [INFO] [_sm_handler.py::43] Current state: ready
[2025-07-07 12:06:19,314] [INFO] [_sm_handler.py::43] Current state: ready
[2025-07-07 12:06:19,322] [INFO] [_sm_handler.py::43] Current state: ready
[2025-07-07 12:06:19,330] [INFO] [_sm_handler.py::43] Current state: ready
[2025-07-07 12:06:19,332] [INFO] [_sm_handler.py::43] Current state: ready
[2025-07-07 12:06:19,334] [INFO] [_sm_handler.py::43] Current state: ready
[2025-07-07 12:06:19,344] [INFO] [_sm_handler.py::43] Current state: ready
[2025-07-07 12:06:19,351] [INFO] [_sm_handler.py::43] Current state: ready
[2025-07-07 12:06:19,353] [INFO] [_sm_handler.py::43] Current state: ready
[2025-07-07 12:06:19,364] [INFO] [_sm_handler.py::43] Current state: ready
[2025-07-07 12:06:19,367] [INFO] [_sm_handler.py::43] Current state: ready
[2025-07-07 12:06:19,375] [INFO] [_sm_handler.py::43] Current state: ready
[2025-07-07 12:06:19,382] [INFO] [_sm_handler.py::43] Current state: ready
[2025-07-07 12:06:19,384] [INFO] [_sm_handler.py::43] Current state: ready
[2025-07-07 12:06:19,386] [INFO] [_sm_handler.py::43] Current state: ready
[2025-07-07 12:06:19,396] [INFO] [_sm_handler.py::43] Current state: ready
[2025-07-07 12:06:19,403] [INFO] [_sm_handler.py::43] Current state: ready
[2025-07-07 12:06:19,405] [INFO] [_sm_handler.py::43] Current state: ready
[2025-07-07 12:06:19,417] [INFO] [_sm_handler.py::43] Current state: ready
[2025-07-07 12:06:19,419] [INFO] [_sm_handler.py::43] Current state: ready
[2025-07-07 12:06:19,427] [INFO] [_sm_handler.py::43] Current state: ready
[2025-07-07 12:06:19,435] [INFO] [_sm_handler.py::43] Current state: ready
[2025-07-07 12:06:19,437] [INFO] [_sm_handler.py::43] Current state: ready
[2025-07-07 12:06:19,439] [INFO] [_sm_handler.py::43] Current state: ready
[2025-07-07 12:06:19,449] [INFO] [_sm_handler.py::43] Current state: ready
[2025-07-07 12:06:19,456] [INFO] [_sm_handler.py::43] Current state: ready
[2025-07-07 12:06:19,458] [INFO] [_sm_handler.py::43] Current state: ready
[2025-07-07 12:06:19,470] [INFO] [_sm_handler.py::43] Current state: ready
[2025-07-07 12:06:19,472] [INFO] [_sm_handler.py::43] Current state: ready
[2025-07-07 12:06:19,480] [INFO] [_sm_handler.py::43] Current state: ready
[2025-07-07 12:06:19,488] [INFO] [_sm_handler.py::43] Current state: ready
[2025-07-07 12:06:19,490] [INFO] [_sm_handler.py::43] Current state: ready
[2025-07-07 12:06:19,492] [INFO] [_sm_handler.py::43] Current state: ready
[2025-07-07 12:06:19,502] [INFO] [_sm_handler.py::43] Current state: ready
[2025-07-07 12:06:19,509] [INFO] [_sm_handler.py::43] Current state: ready
[2025-07-07 12:06:19,511] [INFO] [_sm_handler.py::43] Current state: ready
[2025-07-07 12:06:19,523] [INFO] [_sm_handler.py::43] Current state: ready
[2025-07-07 12:06:19,525] [INFO] [_sm_handler.py::43] Current state: ready
[2025-07-07 12:06:19,533] [INFO] [_sm_handler.py::43] Current state: ready
[2025-07-07 12:06:19,540] [INFO] [_sm_handler.py::43] Current state: ready
[2025-07-07 12:06:19,542] [INFO] [_sm_handler.py::43] Current state: ready
[2025-07-07 12:06:19,544] [INFO] [_sm_handler.py::43] Current state: ready
[2025-07-07 12:06:19,555] [INFO] [_sm_handler.py::43] Current state: ready
[2025-07-07 12:06:19,562] [INFO] [_sm_handler.py::43] Current state: ready
[2025-07-07 12:06:19,564] [INFO] [_sm_handler.py::43] Current state: ready
[2025-07-07 12:06:19,576] [INFO] [_sm_handler.py::43] Current state: ready
[2025-07-07 12:06:19,578] [INFO] [_sm_handler.py::43] Current state: ready
[2025-07-07 12:06:19,585] [INFO] [_sm_handler.py::43] Current state: ready
[2025-07-07 12:06:19,593] [INFO] [_sm_handler.py::43] Current state: ready
[2025-07-07 12:06:19,595] [INFO] [_sm_handler.py::43] Current state: ready
[2025-07-07 12:06:19,596] [INFO] [_sm_handler.py::43] Current state: ready
[2025-07-07 12:06:19,607] [INFO] [_sm_handler.py::43] Current state: ready
[2025-07-07 12:06:19,614] [INFO] [_sm_handler.py::43] Current state: ready
[2025-07-07 12:06:19,616] [INFO] [_sm_handler.py::43] Current state: ready
[2025-07-07 12:06:19,628] [INFO] [_sm_handler.py::43] Current state: ready
[2025-07-07 12:06:19,630] [INFO] [_sm_handler.py::43] Current state: ready
[2025-07-07 12:06:19,638] [INFO] [_sm_handler.py::43] Current state: ready
[2025-07-07 12:06:19,645] [INFO] [_sm_handler.py::43] Current state: ready
[2025-07-07 12:06:19,647] [INFO] [_sm_handler.py::43] Current state: ready
[2025-07-07 12:06:19,649] [INFO] [_sm_handler.py::43] Current state: ready
[2025-07-07 12:06:19,660] [INFO] [_sm_handler.py::43] Current state: ready
[2025-07-07 12:06:19,667] [INFO] [_sm_handler.py::43] Current state: ready
[2025-07-07 12:06:19,668] [INFO] [_sm_handler.py::43] Current state: ready
[2025-07-07 12:06:19,680] [INFO] [_sm_handler.py::43] Current state: ready
[2025-07-07 12:06:19,682] [INFO] [_sm_handler.py::43] Current state: ready
[2025-07-07 12:06:19,690] [INFO] [_sm_handler.py::43] Current state: ready
[2025-07-07 12:06:19,697] [INFO] [_sm_handler.py::43] Current state: ready
[2025-07-07 12:06:19,699] [INFO] [_sm_handler.py::43] Current state: ready
[2025-07-07 12:06:19,701] [INFO] [_sm_handler.py::43] Current state: ready
[2025-07-07 12:06:19,712] [INFO] [_sm_handler.py::43] Current state: ready
[2025-07-07 12:06:19,719] [INFO] [_sm_handler.py::43] Current state: ready
[2025-07-07 12:06:19,721] [INFO] [_sm_handler.py::43] Current state: ready
[2025-07-07 12:06:19,733] [INFO] [_sm_handler.py::43] Current state: ready
[2025-07-07 12:06:19,735] [INFO] [_sm_handler.py::43] Current state: ready
[2025-07-07 12:06:19,743] [INFO] [_sm_handler.py::43] Current state: ready
[2025-07-07 12:06:19,750] [INFO] [_sm_handler.py::43] Current state: ready
[2025-07-07 12:06:19,752] [INFO] [_sm_handler.py::43] Current state: ready
[2025-07-07 12:06:19,754] [INFO] [_sm_handler.py::43] Current state: ready
[2025-07-07 12:06:19,765] [INFO] [_sm_handler.py::43] Current state: ready
[2025-07-07 12:06:19,772] [INFO] [_sm_handler.py::43] Current state: ready
[2025-07-07 12:06:19,774] [INFO] [_sm_handler.py::43] Current state: ready
[2025-07-07 12:06:19,786] [INFO] [_sm_handler.py::43] Current state: ready
[2025-07-07 12:06:19,788] [INFO] [_sm_handler.py::43] Current state: ready
[2025-07-07 12:06:19,796] [INFO] [_sm_handler.py::43] Current state: ready
[2025-07-07 12:06:19,803] [INFO] [_sm_handler.py::43] Current state: ready
[2025-07-07 12:06:19,805] [INFO] [_sm_handler.py::43] Current state: ready
[2025-07-07 12:06:19,807] [INFO] [_sm_handler.py::43] Current state: ready
[2025-07-07 12:06:19,817] [INFO] [_sm_handler.py::43] Current state: ready
[2025-07-07 12:06:19,824] [INFO] [_sm_handler.py::43] Current state: ready
[2025-07-07 12:06:19,826] [INFO] [_sm_handler.py::43] Current state: ready
[2025-07-07 12:06:19,838] [INFO] [_sm_handler.py::43] Current state: ready
[2025-07-07 12:06:19,840] [INFO] [_sm_handler.py::43] Current state: ready
[2025-07-07 12:06:19,848] [INFO] [_sm_handler.py::43] Current state: ready
[2025-07-07 12:06:19,856] [INFO] [_sm_handler.py::43] Current state: ready
[2025-07-07 12:06:19,858] [INFO] [_sm_handler.py::43] Current state: ready
[2025-07-07 12:06:19,860] [INFO] [_sm_handler.py::43] Current state: ready
[2025-07-07 12:06:19,870] [INFO] [_sm_handler.py::43] Current state: ready
[2025-07-07 12:06:19,877] [INFO] [_sm_handler.py::43] Current state: ready
[2025-07-07 12:06:19,879] [INFO] [_sm_handler.py::43] Current state: ready
[2025-07-07 12:06:19,891] [INFO] [_sm_handler.py::43] Current state: ready
[2025-07-07 12:06:19,893] [INFO] [_sm_handler.py::43] Current state: ready
[2025-07-07 12:06:19,901] [INFO] [_sm_handler.py::43] Current state: ready
[2025-07-07 12:06:19,909] [INFO] [_sm_handler.py::43] Current state: ready
[2025-07-07 12:06:19,911] [INFO] [_sm_handler.py::43] Current state: ready
[2025-07-07 12:06:19,913] [INFO] [_sm_handler.py::43] Current state: ready
[2025-07-07 12:06:19,923] [INFO] [_sm_handler.py::43] Current state: ready
[2025-07-07 12:06:19,930] [INFO] [_sm_handler.py::43] Current state: ready
[2025-07-07 12:06:19,932] [INFO] [_sm_handler.py::43] Current state: ready
[2025-07-07 12:06:19,944] [INFO] [_sm_handler.py::43] Current state: ready
[2025-07-07 12:06:19,946] [INFO] [_sm_handler.py::43] Current state: ready
[2025-07-07 12:06:19,954] [INFO] [_sm_handler.py::43] Current state: ready
[2025-07-07 12:06:19,962] [INFO] [_sm_handler.py::43] Current state: ready
[2025-07-07 12:06:19,964] [INFO] [_sm_handler.py::43] Current state: ready
[2025-07-07 12:06:19,965] [INFO] [_sm_handler.py::43] Current state: ready
[2025-07-07 12:06:19,975] [INFO] [_sm_handler.py::43] Current state: ready
[2025-07-07 12:06:19,982] [INFO] [_sm_handler.py::43] Current state: ready
[2025-07-07 12:06:19,984] [INFO] [_sm_handler.py::43] Current state: ready
[2025-07-07 12:06:19,996] [INFO] [_sm_handler.py::43] Current state: ready
[2025-07-07 12:06:19,998] [INFO] [_sm_handler.py::43] Current state: ready
[2025-07-07 12:06:20,006] [INFO] [_sm_handler.py::43] Current state: ready
[2025-07-07 12:06:20,014] [INFO] [_sm_handler.py::43] Current state: ready
[2025-07-07 12:06:20,016] [INFO] [_sm_handler.py::43] Current state: ready
[2025-07-07 12:06:20,018] [INFO] [_sm_handler.py::43] Current state: ready
[2025-07-07 12:06:20,028] [INFO] [_sm_handler.py::43] Current state: ready
[2025-07-07 12:06:20,035] [INFO] [_sm_handler.py::43] Current state: ready
[2025-07-07 12:06:20,037] [INFO] [_sm_handler.py::43] Current state: ready
[2025-07-07 12:06:20,048] [INFO] [_sm_handler.py::43] Current state: ready
[2025-07-07 12:06:20,050] [INFO] [_sm_handler.py::43] Current state: ready
[2025-07-07 12:06:20,058] [INFO] [_sm_handler.py::43] Current state: ready
[2025-07-07 12:06:20,066] [INFO] [_sm_handler.py::43] Current state: ready
[2025-07-07 12:06:20,068] [INFO] [_sm_handler.py::43] Current state: ready
[2025-07-07 12:06:20,070] [INFO] [_sm_handler.py::43] Current state: ready
[2025-07-07 12:06:20,080] [INFO] [_sm_handler.py::43] Current state: ready
[2025-07-07 12:06:20,087] [INFO] [_sm_handler.py::43] Current state: ready
[2025-07-07 12:06:20,089] [INFO] [_sm_handler.py::43] Current state: ready
[2025-07-07 12:06:20,101] [INFO] [_sm_handler.py::43] Current state: ready
[2025-07-07 12:06:20,103] [INFO] [_sm_handler.py::43] Current state: ready
[2025-07-07 12:06:20,111] [INFO] [_sm_handler.py::43] Current state: ready
[2025-07-07 12:06:20,119] [INFO] [_sm_handler.py::43] Current state: ready
[2025-07-07 12:06:20,121] [INFO] [_sm_handler.py::43] Current state: ready
[2025-07-07 12:06:20,123] [INFO] [_sm_handler.py::43] Current state: ready
[2025-07-07 12:06:20,133] [INFO] [_sm_handler.py::43] Current state: ready
[2025-07-07 12:06:20,140] [INFO] [_sm_handler.py::43] Current state: ready
[2025-07-07 12:06:20,142] [INFO] [_sm_handler.py::43] Current state: ready
[2025-07-07 12:06:20,154] [INFO] [_sm_handler.py::43] Current state: ready
[2025-07-07 12:06:20,156] [INFO] [_sm_handler.py::43] Current state: ready
[2025-07-07 12:06:20,164] [INFO] [_sm_handler.py::43] Current state: ready
[2025-07-07 12:06:20,172] [INFO] [_sm_handler.py::43] Current state: ready
[2025-07-07 12:06:20,174] [INFO] [_sm_handler.py::43] Current state: ready
[2025-07-07 12:06:20,176] [INFO] [_sm_handler.py::43] Current state: ready
[2025-07-07 12:06:20,186] [INFO] [_sm_handler.py::43] Current state: ready
[2025-07-07 12:06:20,192] [INFO] [_sm_handler.py::43] Current state: ready
[2025-07-07 12:06:20,194] [INFO] [_sm_handler.py::43] Current state: ready
[2025-07-07 12:06:20,207] [INFO] [_sm_handler.py::43] Current state: ready
[2025-07-07 12:06:20,209] [INFO] [_sm_handler.py::43] Current state: ready
[2025-07-07 12:06:20,217] [INFO] [_sm_handler.py::43] Current state: ready
[2025-07-07 12:06:20,225] [INFO] [_sm_handler.py::43] Current state: ready
[2025-07-07 12:06:20,227] [INFO] [_sm_handler.py::43] Current state: ready
[2025-07-07 12:06:20,229] [INFO] [_sm_handler.py::43] Current state: ready
[2025-07-07 12:06:20,238] [INFO] [_sm_handler.py::43] Current state: ready
[2025-07-07 12:06:20,244] [INFO] [_sm_handler.py::43] Current state: ready
[2025-07-07 12:06:20,246] [INFO] [_sm_handler.py::43] Current state: ready
[2025-07-07 12:06:20,259] [INFO] [_sm_handler.py::43] Current state: ready
[2025-07-07 12:06:20,261] [INFO] [_sm_handler.py::43] Current state: ready
[2025-07-07 12:06:20,270] [INFO] [_sm_handler.py::43] Current state: ready
[2025-07-07 12:06:20,278] [INFO] [_sm_handler.py::43] Current state: ready
[2025-07-07 12:06:20,280] [INFO] [_sm_handler.py::43] Current state: ready
[2025-07-07 12:06:20,282] [INFO] [_sm_handler.py::43] Current state: ready
[2025-07-07 12:06:20,291] [INFO] [_sm_handler.py::43] Current state: ready
[2025-07-07 12:06:20,297] [INFO] [_sm_handler.py::43] Current state: ready
[2025-07-07 12:06:20,299] [INFO] [_sm_handler.py::43] Current state: ready
[2025-07-07 12:06:20,312] [INFO] [_sm_handler.py::43] Current state: ready
[2025-07-07 12:06:20,314] [INFO] [_sm_handler.py::43] Current state: ready
[2025-07-07 12:06:20,323] [INFO] [_sm_handler.py::43] Current state: ready
[2025-07-07 12:06:20,331] [INFO] [_sm_handler.py::43] Current state: ready
[2025-07-07 12:06:20,333] [INFO] [_sm_handler.py::43] Current state: ready
[2025-07-07 12:06:20,335] [INFO] [_sm_handler.py::43] Current state: ready
[2025-07-07 12:06:20,344] [INFO] [_sm_handler.py::43] Current state: ready
[2025-07-07 12:06:20,349] [INFO] [_sm_handler.py::43] Current state: ready
[2025-07-07 12:06:20,351] [INFO] [_sm_handler.py::43] Current state: ready
[2025-07-07 12:06:20,365] [INFO] [_sm_handler.py::43] Current state: ready
[2025-07-07 12:06:20,367] [INFO] [_sm_handler.py::43] Current state: ready
[2025-07-07 12:06:20,376] [INFO] [_sm_handler.py::43] Current state: ready
[2025-07-07 12:06:20,384] [INFO] [_sm_handler.py::43] Current state: ready
[2025-07-07 12:06:20,386] [INFO] [_sm_handler.py::43] Current state: ready
[2025-07-07 12:06:20,388] [INFO] [_sm_handler.py::43] Current state: ready
[2025-07-07 12:06:20,397] [INFO] [_sm_handler.py::43] Current state: ready
[2025-07-07 12:06:20,401] [INFO] [_sm_handler.py::43] Current state: ready
[2025-07-07 12:06:20,403] [INFO] [_sm_handler.py::43] Current state: ready
[2025-07-07 12:06:20,417] [INFO] [_sm_handler.py::43] Current state: ready
[2025-07-07 12:06:20,419] [INFO] [_sm_handler.py::43] Current state: ready
[2025-07-07 12:06:20,428] [INFO] [_sm_handler.py::43] Current state: ready
[2025-07-07 12:06:20,436] [INFO] [_sm_handler.py::43] Current state: ready
[2025-07-07 12:06:20,438] [INFO] [_sm_handler.py::43] Current state: ready
[2025-07-07 12:06:20,440] [INFO] [_sm_handler.py::43] Current state: ready
[2025-07-07 12:06:20,450] [INFO] [_sm_handler.py::43] Current state: ready
[2025-07-07 12:06:20,454] [INFO] [_sm_handler.py::43] Current state: ready
[2025-07-07 12:06:20,456] [INFO] [_sm_handler.py::43] Current state: ready
[2025-07-07 12:06:20,470] [INFO] [_sm_handler.py::43] Current state: ready
[2025-07-07 12:06:20,472] [INFO] [_sm_handler.py::43] Current state: ready
[2025-07-07 12:06:20,481] [INFO] [_sm_handler.py::43] Current state: ready
[2025-07-07 12:06:20,489] [INFO] [_sm_handler.py::43] Current state: ready
[2025-07-07 12:06:20,491] [INFO] [_sm_handler.py::43] Current state: ready
[2025-07-07 12:06:20,493] [INFO] [_sm_handler.py::43] Current state: ready
[2025-07-07 12:06:20,503] [INFO] [_sm_handler.py::43] Current state: ready
[2025-07-07 12:06:20,507] [INFO] [_sm_handler.py::43] Current state: ready
[2025-07-07 12:06:20,509] [INFO] [_sm_handler.py::43] Current state: ready
[2025-07-07 12:06:20,523] [INFO] [_sm_handler.py::43] Current state: ready
[2025-07-07 12:06:20,525] [INFO] [_sm_handler.py::43] Current state: ready
[2025-07-07 12:06:20,534] [INFO] [_sm_handler.py::43] Current state: ready
[2025-07-07 12:06:20,542] [INFO] [_sm_handler.py::43] Current state: ready
[2025-07-07 12:06:20,544] [INFO] [_sm_handler.py::43] Current state: ready
[2025-07-07 12:06:20,546] [INFO] [_sm_handler.py::43] Current state: ready
[2025-07-07 12:06:20,556] [INFO] [_sm_handler.py::43] Current state: ready
[2025-07-07 12:06:20,560] [INFO] [_sm_handler.py::43] Current state: ready
[2025-07-07 12:06:20,562] [INFO] [_sm_handler.py::43] Current state: ready
[2025-07-07 12:06:20,576] [INFO] [_sm_handler.py::43] Current state: ready
[2025-07-07 12:06:20,578] [INFO] [_sm_handler.py::43] Current state: ready
[2025-07-07 12:06:20,587] [INFO] [_sm_handler.py::43] Current state: ready
[2025-07-07 12:06:20,594] [INFO] [_sm_handler.py::43] Current state: ready
[2025-07-07 12:06:20,596] [INFO] [_sm_handler.py::43] Current state: ready
[2025-07-07 12:06:20,598] [INFO] [_sm_handler.py::43] Current state: ready
[2025-07-07 12:06:20,609] [INFO] [_sm_handler.py::43] Current state: ready
[2025-07-07 12:06:20,613] [INFO] [_sm_handler.py::43] Current state: ready
[2025-07-07 12:06:20,615] [INFO] [_sm_handler.py::43] Current state: ready
[2025-07-07 12:06:20,629] [INFO] [_sm_handler.py::43] Current state: ready
[2025-07-07 12:06:20,631] [INFO] [_sm_handler.py::43] Current state: ready
[2025-07-07 12:06:20,640] [INFO] [_sm_handler.py::43] Current state: ready
[2025-07-07 12:06:20,647] [INFO] [_sm_handler.py::43] Current state: ready
[2025-07-07 12:06:20,649] [INFO] [_sm_handler.py::43] Current state: ready
[2025-07-07 12:06:20,651] [INFO] [_sm_handler.py::43] Current state: ready
[2025-07-07 12:06:20,662] [INFO] [_sm_handler.py::43] Current state: ready
[2025-07-07 12:06:20,665] [INFO] [_sm_handler.py::43] Current state: ready
[2025-07-07 12:06:20,667] [INFO] [_sm_handler.py::43] Current state: ready
[2025-07-07 12:06:20,681] [INFO] [_sm_handler.py::43] Current state: ready
[2025-07-07 12:06:20,683] [INFO] [_sm_handler.py::43] Current state: ready
[2025-07-07 12:06:20,692] [INFO] [_sm_handler.py::43] Current state: ready
[2025-07-07 12:06:20,699] [INFO] [_sm_handler.py::43] Current state: ready
[2025-07-07 12:06:20,701] [INFO] [_sm_handler.py::43] Current state: ready
[2025-07-07 12:06:20,703] [INFO] [_sm_handler.py::43] Current state: ready
[2025-07-07 12:06:20,714] [INFO] [_sm_handler.py::43] Current state: ready
[2025-07-07 12:06:20,717] [INFO] [_sm_handler.py::43] Current state: ready
[2025-07-07 12:06:20,719] [INFO] [_sm_handler.py::43] Current state: ready
[2025-07-07 12:06:20,734] [INFO] [_sm_handler.py::43] Current state: ready
[2025-07-07 12:06:20,736] [INFO] [_sm_handler.py::43] Current state: ready
[2025-07-07 12:06:20,745] [INFO] [_sm_handler.py::43] Current state: ready
[2025-07-07 12:06:20,752] [INFO] [_sm_handler.py::43] Current state: ready
[2025-07-07 12:06:20,754] [INFO] [_sm_handler.py::43] Current state: ready
[2025-07-07 12:06:20,756] [INFO] [_sm_handler.py::43] Current state: ready
[2025-07-07 12:06:20,767] [INFO] [_sm_handler.py::43] Current state: ready
[2025-07-07 12:06:20,770] [INFO] [_sm_handler.py::43] Current state: ready
[2025-07-07 12:06:20,772] [INFO] [_sm_handler.py::43] Current state: ready
[2025-07-07 12:06:20,787] [INFO] [_sm_handler.py::43] Current state: ready
[2025-07-07 12:06:20,789] [INFO] [_sm_handler.py::43] Current state: ready
[2025-07-07 12:06:20,798] [INFO] [_sm_handler.py::43] Current state: ready
[2025-07-07 12:06:20,805] [INFO] [_sm_handler.py::43] Current state: ready
[2025-07-07 12:06:20,807] [INFO] [_sm_handler.py::43] Current state: ready
[2025-07-07 12:06:20,809] [INFO] [_sm_handler.py::43] Current state: ready
[2025-07-07 12:06:20,820] [INFO] [_sm_handler.py::43] Current state: ready
[2025-07-07 12:06:20,822] [INFO] [_sm_handler.py::43] Current state: ready
[2025-07-07 12:06:20,824] [INFO] [_sm_handler.py::43] Current state: ready
[2025-07-07 12:06:20,840] [INFO] [_sm_handler.py::43] Current state: ready
[2025-07-07 12:06:20,842] [INFO] [_sm_handler.py::43] Current state: ready
[2025-07-07 12:06:20,851] [INFO] [_sm_handler.py::43] Current state: ready
[2025-07-07 12:06:20,858] [INFO] [_sm_handler.py::43] Current state: ready
[2025-07-07 12:06:20,860] [INFO] [_sm_handler.py::43] Current state: ready
[2025-07-07 12:06:20,862] [INFO] [_sm_handler.py::43] Current state: ready
[2025-07-07 12:06:20,873] [INFO] [_sm_handler.py::43] Current state: ready
[2025-07-07 12:06:20,875] [INFO] [_sm_handler.py::43] Current state: ready
[2025-07-07 12:06:20,876] [INFO] [_sm_handler.py::43] Current state: ready
[2025-07-07 12:06:20,892] [INFO] [_sm_handler.py::43] Current state: ready
[2025-07-07 12:06:20,894] [INFO] [_sm_handler.py::43] Current state: ready
[2025-07-07 12:06:20,903] [INFO] [_sm_handler.py::43] Current state: ready
[2025-07-07 12:06:20,910] [INFO] [_sm_handler.py::43] Current state: ready
[2025-07-07 12:06:20,912] [INFO] [_sm_handler.py::43] Current state: ready
[2025-07-07 12:06:20,914] [INFO] [_sm_handler.py::43] Current state: ready
[2025-07-07 12:06:20,925] [INFO] [_sm_handler.py::43] Current state: ready
[2025-07-07 12:06:20,927] [INFO] [_sm_handler.py::43] Current state: ready
[2025-07-07 12:06:20,929] [INFO] [_sm_handler.py::43] Current state: ready
[2025-07-07 12:06:20,945] [INFO] [_sm_handler.py::43] Current state: ready
[2025-07-07 12:06:20,947] [INFO] [_sm_handler.py::43] Current state: ready
[2025-07-07 12:06:20,956] [INFO] [_sm_handler.py::43] Current state: ready
[2025-07-07 12:06:20,963] [INFO] [_sm_handler.py::43] Current state: ready
[2025-07-07 12:06:20,965] [INFO] [_sm_handler.py::43] Current state: ready
[2025-07-07 12:06:20,967] [INFO] [_sm_handler.py::43] Current state: ready
[2025-07-07 12:06:20,978] [INFO] [_sm_handler.py::43] Current state: ready
[2025-07-07 12:06:20,980] [INFO] [_sm_handler.py::43] Current state: ready
[2025-07-07 12:06:20,982] [INFO] [_sm_handler.py::43] Current state: ready
[2025-07-07 12:06:20,998] [INFO] [_sm_handler.py::43] Current state: ready
[2025-07-07 12:06:21,000] [INFO] [_sm_handler.py::43] Current state: ready
[2025-07-07 12:06:21,009] [INFO] [_sm_handler.py::43] Current state: ready
[2025-07-07 12:06:21,016] [INFO] [_sm_handler.py::43] Current state: ready
[2025-07-07 12:06:21,018] [INFO] [_sm_handler.py::43] Current state: ready
[2025-07-07 12:06:21,020] [INFO] [_sm_handler.py::43] Current state: ready
[2025-07-07 12:06:21,031] [INFO] [_sm_handler.py::43] Current state: ready
[2025-07-07 12:06:21,032] [INFO] [_sm_handler.py::43] Current state: ready
[2025-07-07 12:06:21,034] [INFO] [_sm_handler.py::43] Current state: ready
[2025-07-07 12:06:21,050] [INFO] [_sm_handler.py::43] Current state: ready
[2025-07-07 12:06:21,052] [INFO] [_sm_handler.py::43] Current state: ready
[2025-07-07 12:06:21,061] [INFO] [_sm_handler.py::43] Current state: ready
[2025-07-07 12:06:21,068] [INFO] [_sm_handler.py::43] Current state: ready
[2025-07-07 12:06:21,070] [INFO] [_sm_handler.py::43] Current state: ready
[2025-07-07 12:06:21,072] [INFO] [_sm_handler.py::43] Current state: ready
[2025-07-07 12:06:21,083] [INFO] [_sm_handler.py::43] Current state: ready
[2025-07-07 12:06:21,085] [INFO] [_sm_handler.py::43] Current state: ready
[2025-07-07 12:06:21,087] [INFO] [_sm_handler.py::43] Current state: ready
[2025-07-07 12:06:21,103] [INFO] [_sm_handler.py::43] Current state: ready
[2025-07-07 12:06:21,105] [INFO] [_sm_handler.py::43] Current state: ready
[2025-07-07 12:06:21,114] [INFO] [_sm_handler.py::43] Current state: ready
[2025-07-07 12:06:21,121] [INFO] [_sm_handler.py::43] Current state: ready
[2025-07-07 12:06:21,123] [INFO] [_sm_handler.py::43] Current state: ready
[2025-07-07 12:06:21,125] [INFO] [_sm_handler.py::43] Current state: ready
[2025-07-07 12:06:21,136] [INFO] [_sm_handler.py::43] Current state: ready
[2025-07-07 12:06:21,138] [INFO] [_sm_handler.py::43] Current state: ready
[2025-07-07 12:06:21,140] [INFO] [_sm_handler.py::43] Current state: ready
[2025-07-07 12:06:21,155] [INFO] [_sm_handler.py::43] Current state: ready
[2025-07-07 12:06:21,157] [INFO] [_sm_handler.py::43] Current state: ready
[2025-07-07 12:06:21,166] [INFO] [_sm_handler.py::43] Current state: ready
[2025-07-07 12:06:21,173] [INFO] [_sm_handler.py::43] Current state: ready
[2025-07-07 12:06:21,175] [INFO] [_sm_handler.py::43] Current state: ready
[2025-07-07 12:06:21,177] [INFO] [_sm_handler.py::43] Current state: ready
[2025-07-07 12:06:21,180] [ERROR] [_edge_cluster_frontend_client.py::86] Error during execution: HTTPConnectionPool(host='172.21.0.1', port=1339): Read timed out. (read timeout=20)
[2025-07-07 12:06:21,180] [ERROR] [_device_runtime_state_machine.py::219] There was a request error. Detailed message: HTTPConnectionPool(host='172.21.0.1', port=1339): Read timed out. (read timeout=20)
[2025-07-07 12:06:21,188] [INFO] [_sm_handler.py::43] Current state: ready
[2025-07-07 12:06:21,190] [INFO] [_sm_handler.py::43] Current state: ready
[2025-07-07 12:06:21,192] [INFO] [_sm_handler.py::43] Current state: ready
[2025-07-07 12:06:21,208] [INFO] [_sm_handler.py::43] Current state: ready
[2025-07-07 12:06:21,210] [INFO] [_sm_handler.py::43] Current state: ready
[2025-07-07 12:06:21,218] [INFO] [_sm_handler.py::43] Current state: ready
[2025-07-07 12:06:21,225] [INFO] [_sm_handler.py::43] Current state: ready
[2025-07-07 12:06:21,227] [INFO] [_sm_handler.py::43] Current state: ready
[2025-07-07 12:06:21,229] [INFO] [_sm_handler.py::43] Current state: ready
[2025-07-07 12:06:21,231] [INFO] [_sm_handler.py::43] Current state: ready
[2025-07-07 12:06:21,241] [INFO] [_sm_handler.py::43] Current state: ready
[2025-07-07 12:06:21,244] [INFO] [_sm_handler.py::43] Current state: ready
[2025-07-07 12:06:21,246] [INFO] [_sm_handler.py::43] Current state: ready
[2025-07-07 12:06:21,261] [INFO] [_sm_handler.py::43] Current state: ready
[2025-07-07 12:06:21,263] [INFO] [_sm_handler.py::43] Current state: ready
[2025-07-07 12:06:21,271] [INFO] [_sm_handler.py::43] Current state: ready
[2025-07-07 12:06:21,278] [INFO] [_sm_handler.py::43] Current state: ready
[2025-07-07 12:06:21,280] [INFO] [_sm_handler.py::43] Current state: ready
[2025-07-07 12:06:21,282] [INFO] [_sm_handler.py::43] Current state: ready
[2025-07-07 12:06:21,294] [INFO] [_sm_handler.py::43] Current state: ready
[2025-07-07 12:06:21,296] [INFO] [_sm_handler.py::43] Current state: init
[2025-07-07 12:06:21,298] [INFO] [_sm_handler.py::43] Current state: ready
[2025-07-07 12:06:21,300] [INFO] [_sm_handler.py::43] Current state: ready
[2025-07-07 12:06:21,314] [INFO] [_sm_handler.py::43] Current state: ready
[2025-07-07 12:06:21,316] [INFO] [_sm_handler.py::43] Current state: ready
[2025-07-07 12:06:21,324] [INFO] [_sm_handler.py::43] Current state: ready
[2025-07-07 12:06:21,331] [INFO] [_sm_handler.py::43] Current state: ready
[2025-07-07 12:06:21,333] [INFO] [_sm_handler.py::43] Current state: ready
[2025-07-07 12:06:21,335] [INFO] [_sm_handler.py::43] Current state: ready
[2025-07-07 12:06:21,347] [INFO] [_sm_handler.py::43] Current state: ready
[2025-07-07 12:06:21,351] [INFO] [_sm_handler.py::43] Current state: ready
[2025-07-07 12:06:21,353] [INFO] [_sm_handler.py::43] Current state: ready
[2025-07-07 12:06:21,358] [INFO] [_sm_handler.py::43] Current state: send_init_request
[2025-07-07 12:06:21,367] [INFO] [_sm_handler.py::43] Current state: ready
[2025-07-07 12:06:21,369] [INFO] [_sm_handler.py::43] Current state: ready
[2025-07-07 12:06:21,377] [INFO] [_sm_handler.py::43] Current state: ready
[2025-07-07 12:06:21,384] [INFO] [_sm_handler.py::43] Current state: ready
[2025-07-07 12:06:21,386] [INFO] [_sm_handler.py::43] Current state: ready
[2025-07-07 12:06:21,387] [INFO] [_sm_handler.py::43] Current state: ready
[2025-07-07 12:06:21,399] [INFO] [_sm_handler.py::43] Current state: ready
[2025-07-07 12:06:21,403] [INFO] [_sm_handler.py::43] Current state: ready
[2025-07-07 12:06:21,405] [INFO] [_sm_handler.py::43] Current state: ready
[2025-07-07 12:06:21,420] [INFO] [_sm_handler.py::43] Current state: ready
[2025-07-07 12:06:21,421] [INFO] [_sm_handler.py::43] Current state: ready
[2025-07-07 12:06:21,423] [INFO] [_sm_handler.py::43] Current state: get_ecf_address
[2025-07-07 12:06:21,429] [INFO] [_sm_handler.py::43] Current state: ready
[2025-07-07 12:06:21,436] [INFO] [_sm_handler.py::43] Current state: ready
[2025-07-07 12:06:21,438] [INFO] [_sm_handler.py::43] Current state: ready
[2025-07-07 12:06:21,440] [INFO] [_sm_handler.py::43] Current state: ready
[2025-07-07 12:06:21,452] [INFO] [_sm_handler.py::43] Current state: ready
[2025-07-07 12:06:21,456] [INFO] [_sm_handler.py::43] Current state: ready
[2025-07-07 12:06:21,458] [INFO] [_sm_handler.py::43] Current state: ready
[2025-07-07 12:06:21,472] [INFO] [_sm_handler.py::43] Current state: ready
[2025-07-07 12:06:21,474] [INFO] [_sm_handler.py::43] Current state: ready
[2025-07-07 12:06:21,476] [INFO] [_sm_handler.py::43] Current state: ready
[2025-07-07 12:06:21,482] [INFO] [_sm_handler.py::43] Current state: ready
[2025-07-07 12:06:21,489] [INFO] [_sm_handler.py::43] Current state: ready
[2025-07-07 12:06:21,491] [INFO] [_sm_handler.py::43] Current state: ready
[2025-07-07 12:06:21,493] [INFO] [_sm_handler.py::43] Current state: ready
[2025-07-07 12:06:21,505] [INFO] [_sm_handler.py::43] Current state: ready
[2025-07-07 12:06:21,509] [INFO] [_sm_handler.py::43] Current state: ready
[2025-07-07 12:06:21,511] [INFO] [_sm_handler.py::43] Current state: ready
[2025-07-07 12:06:21,525] [INFO] [_sm_handler.py::43] Current state: ready
[2025-07-07 12:06:21,527] [INFO] [_sm_handler.py::43] Current state: ready
[2025-07-07 12:06:21,529] [INFO] [_sm_handler.py::43] Current state: ready
[2025-07-07 12:06:21,535] [INFO] [_sm_handler.py::43] Current state: ready
[2025-07-07 12:06:21,542] [INFO] [_sm_handler.py::43] Current state: ready
[2025-07-07 12:06:21,544] [INFO] [_sm_handler.py::43] Current state: ready
[2025-07-07 12:06:21,546] [INFO] [_sm_handler.py::43] Current state: ready
[2025-07-07 12:06:21,558] [INFO] [_sm_handler.py::43] Current state: ready
[2025-07-07 12:06:21,562] [INFO] [_sm_handler.py::43] Current state: ready
[2025-07-07 12:06:21,564] [INFO] [_sm_handler.py::43] Current state: ready
[2025-07-07 12:06:21,578] [INFO] [_sm_handler.py::43] Current state: ready
[2025-07-07 12:06:21,580] [INFO] [_sm_handler.py::43] Current state: ready
[2025-07-07 12:06:21,582] [INFO] [_sm_handler.py::43] Current state: ready
[2025-07-07 12:06:21,588] [INFO] [_sm_handler.py::43] Current state: ready
[2025-07-07 12:06:21,595] [INFO] [_sm_handler.py::43] Current state: ready
[2025-07-07 12:06:21,597] [INFO] [_sm_handler.py::43] Current state: ready
[2025-07-07 12:06:21,599] [INFO] [_sm_handler.py::43] Current state: ready
[2025-07-07 12:06:21,611] [INFO] [_sm_handler.py::43] Current state: ready
[2025-07-07 12:06:21,615] [INFO] [_sm_handler.py::43] Current state: ready
[2025-07-07 12:06:21,617] [INFO] [_sm_handler.py::43] Current state: ready
[2025-07-07 12:06:21,631] [INFO] [_sm_handler.py::43] Current state: ready
[2025-07-07 12:06:21,633] [INFO] [_sm_handler.py::43] Current state: ready
[2025-07-07 12:06:21,635] [INFO] [_sm_handler.py::43] Current state: ready
[2025-07-07 12:06:21,640] [INFO] [_sm_handler.py::43] Current state: ready
[2025-07-07 12:06:21,647] [INFO] [_sm_handler.py::43] Current state: ready
[2025-07-07 12:06:21,649] [INFO] [_sm_handler.py::43] Current state: ready
[2025-07-07 12:06:21,651] [INFO] [_sm_handler.py::43] Current state: ready
[2025-07-07 12:06:21,664] [INFO] [_sm_handler.py::43] Current state: ready
[2025-07-07 12:06:21,668] [INFO] [_sm_handler.py::43] Current state: ready
[2025-07-07 12:06:21,670] [INFO] [_sm_handler.py::43] Current state: ready
[2025-07-07 12:06:21,684] [INFO] [_sm_handler.py::43] Current state: ready
[2025-07-07 12:06:21,686] [INFO] [_sm_handler.py::43] Current state: ready
[2025-07-07 12:06:21,688] [INFO] [_sm_handler.py::43] Current state: ready
[2025-07-07 12:06:21,693] [INFO] [_sm_handler.py::43] Current state: ready
[2025-07-07 12:06:21,700] [INFO] [_sm_handler.py::43] Current state: ready
[2025-07-07 12:06:21,702] [INFO] [_sm_handler.py::43] Current state: ready
[2025-07-07 12:06:21,704] [INFO] [_sm_handler.py::43] Current state: ready
[2025-07-07 12:06:21,717] [INFO] [_sm_handler.py::43] Current state: ready
[2025-07-07 12:06:21,721] [INFO] [_sm_handler.py::43] Current state: ready
[2025-07-07 12:06:21,723] [INFO] [_sm_handler.py::43] Current state: ready
[2025-07-07 12:06:21,737] [INFO] [_sm_handler.py::43] Current state: ready
[2025-07-07 12:06:21,739] [INFO] [_sm_handler.py::43] Current state: ready
[2025-07-07 12:06:21,741] [INFO] [_sm_handler.py::43] Current state: ready
[2025-07-07 12:06:21,746] [INFO] [_sm_handler.py::43] Current state: ready
[2025-07-07 12:06:21,753] [INFO] [_sm_handler.py::43] Current state: ready
[2025-07-07 12:06:21,755] [INFO] [_sm_handler.py::43] Current state: ready
[2025-07-07 12:06:21,757] [INFO] [_sm_handler.py::43] Current state: ready
[2025-07-07 12:06:21,770] [INFO] [_sm_handler.py::43] Current state: ready
[2025-07-07 12:06:21,774] [INFO] [_sm_handler.py::43] Current state: ready
[2025-07-07 12:06:21,776] [INFO] [_sm_handler.py::43] Current state: ready
[2025-07-07 12:06:21,790] [INFO] [_sm_handler.py::43] Current state: ready
[2025-07-07 12:06:21,792] [INFO] [_sm_handler.py::43] Current state: ready
[2025-07-07 12:06:21,794] [INFO] [_sm_handler.py::43] Current state: ready
[2025-07-07 12:06:21,799] [INFO] [_sm_handler.py::43] Current state: ready
[2025-07-07 12:06:21,806] [INFO] [_sm_handler.py::43] Current state: ready
[2025-07-07 12:06:21,808] [INFO] [_sm_handler.py::43] Current state: ready
[2025-07-07 12:06:21,810] [INFO] [_sm_handler.py::43] Current state: ready
[2025-07-07 12:06:21,822] [INFO] [_sm_handler.py::43] Current state: ready
[2025-07-07 12:06:21,826] [INFO] [_sm_handler.py::43] Current state: ready
[2025-07-07 12:06:21,828] [INFO] [_sm_handler.py::43] Current state: ready
[2025-07-07 12:06:21,842] [INFO] [_sm_handler.py::43] Current state: ready
[2025-07-07 12:06:21,844] [INFO] [_sm_handler.py::43] Current state: ready
[2025-07-07 12:06:21,846] [INFO] [_sm_handler.py::43] Current state: ready
[2025-07-07 12:06:21,852] [INFO] [_sm_handler.py::43] Current state: ready
[2025-07-07 12:06:21,859] [INFO] [_sm_handler.py::43] Current state: ready
[2025-07-07 12:06:21,861] [INFO] [_sm_handler.py::43] Current state: ready
[2025-07-07 12:06:21,863] [INFO] [_sm_handler.py::43] Current state: ready
[2025-07-07 12:06:21,875] [INFO] [_sm_handler.py::43] Current state: ready
[2025-07-07 12:06:21,879] [INFO] [_sm_handler.py::43] Current state: ready
[2025-07-07 12:06:21,881] [INFO] [_sm_handler.py::43] Current state: ready
[2025-07-07 12:06:21,895] [INFO] [_sm_handler.py::43] Current state: ready
[2025-07-07 12:06:21,897] [INFO] [_sm_handler.py::43] Current state: ready
[2025-07-07 12:06:21,899] [INFO] [_sm_handler.py::43] Current state: ready
[2025-07-07 12:06:21,904] [INFO] [_sm_handler.py::43] Current state: ready
[2025-07-07 12:06:21,911] [INFO] [_sm_handler.py::43] Current state: ready
[2025-07-07 12:06:21,913] [INFO] [_sm_handler.py::43] Current state: ready
[2025-07-07 12:06:21,915] [INFO] [_sm_handler.py::43] Current state: ready
[2025-07-07 12:06:21,928] [INFO] [_sm_handler.py::43] Current state: ready
[2025-07-07 12:06:21,932] [INFO] [_sm_handler.py::43] Current state: ready
[2025-07-07 12:06:21,934] [INFO] [_sm_handler.py::43] Current state: ready
[2025-07-07 12:06:21,948] [INFO] [_sm_handler.py::43] Current state: ready
[2025-07-07 12:06:21,950] [INFO] [_sm_handler.py::43] Current state: ready
[2025-07-07 12:06:21,952] [INFO] [_sm_handler.py::43] Current state: ready
[2025-07-07 12:06:21,957] [INFO] [_sm_handler.py::43] Current state: ready
[2025-07-07 12:06:21,964] [INFO] [_sm_handler.py::43] Current state: ready
[2025-07-07 12:06:21,966] [INFO] [_sm_handler.py::43] Current state: ready
[2025-07-07 12:06:21,968] [INFO] [_sm_handler.py::43] Current state: ready
[2025-07-07 12:06:21,981] [INFO] [_sm_handler.py::43] Current state: ready
[2025-07-07 12:06:21,985] [INFO] [_sm_handler.py::43] Current state: ready
[2025-07-07 12:06:21,987] [INFO] [_sm_handler.py::43] Current state: ready
[2025-07-07 12:06:22,001] [INFO] [_sm_handler.py::43] Current state: ready
[2025-07-07 12:06:22,003] [INFO] [_sm_handler.py::43] Current state: ready
[2025-07-07 12:06:22,005] [INFO] [_sm_handler.py::43] Current state: ready
[2025-07-07 12:06:22,010] [INFO] [_sm_handler.py::43] Current state: ready
[2025-07-07 12:06:22,017] [INFO] [_sm_handler.py::43] Current state: ready
[2025-07-07 12:06:22,019] [INFO] [_sm_handler.py::43] Current state: ready
[2025-07-07 12:06:22,021] [INFO] [_sm_handler.py::43] Current state: ready
[2025-07-07 12:06:22,034] [INFO] [_sm_handler.py::43] Current state: ready
[2025-07-07 12:06:22,038] [INFO] [_sm_handler.py::43] Current state: ready
[2025-07-07 12:06:22,040] [INFO] [_sm_handler.py::43] Current state: ready
[2025-07-07 12:06:22,053] [INFO] [_sm_handler.py::43] Current state: ready
[2025-07-07 12:06:22,055] [INFO] [_sm_handler.py::43] Current state: ready
[2025-07-07 12:06:22,057] [INFO] [_sm_handler.py::43] Current state: ready
[2025-07-07 12:06:22,062] [INFO] [_sm_handler.py::43] Current state: ready
[2025-07-07 12:06:22,069] [INFO] [_sm_handler.py::43] Current state: ready
[2025-07-07 12:06:22,071] [INFO] [_sm_handler.py::43] Current state: ready
[2025-07-07 12:06:22,073] [INFO] [_sm_handler.py::43] Current state: ready
[2025-07-07 12:06:22,086] [INFO] [_sm_handler.py::43] Current state: ready
[2025-07-07 12:06:22,091] [INFO] [_sm_handler.py::43] Current state: ready
[2025-07-07 12:06:22,093] [INFO] [_sm_handler.py::43] Current state: ready
[2025-07-07 12:06:22,106] [INFO] [_sm_handler.py::43] Current state: ready
[2025-07-07 12:06:22,108] [INFO] [_sm_handler.py::43] Current state: ready
[2025-07-07 12:06:22,110] [INFO] [_sm_handler.py::43] Current state: ready
[2025-07-07 12:06:22,115] [INFO] [_sm_handler.py::43] Current state: ready
[2025-07-07 12:06:22,122] [INFO] [_sm_handler.py::43] Current state: ready
[2025-07-07 12:06:22,124] [INFO] [_sm_handler.py::43] Current state: ready
[2025-07-07 12:06:22,126] [INFO] [_sm_handler.py::43] Current state: ready
[2025-07-07 12:06:22,139] [INFO] [_sm_handler.py::43] Current state: ready
[2025-07-07 12:06:22,144] [INFO] [_sm_handler.py::43] Current state: ready
[2025-07-07 12:06:22,146] [INFO] [_sm_handler.py::43] Current state: ready
[2025-07-07 12:06:22,159] [INFO] [_sm_handler.py::43] Current state: ready
[2025-07-07 12:06:22,161] [INFO] [_sm_handler.py::43] Current state: ready
[2025-07-07 12:06:22,163] [INFO] [_sm_handler.py::43] Current state: ready
[2025-07-07 12:06:22,168] [INFO] [_sm_handler.py::43] Current state: ready
[2025-07-07 12:06:22,175] [INFO] [_sm_handler.py::43] Current state: ready
[2025-07-07 12:06:22,177] [INFO] [_sm_handler.py::43] Current state: ready
[2025-07-07 12:06:22,178] [INFO] [_sm_handler.py::43] Current state: ready
[2025-07-07 12:06:22,192] [INFO] [_sm_handler.py::43] Current state: ready
[2025-07-07 12:06:22,197] [INFO] [_sm_handler.py::43] Current state: ready
[2025-07-07 12:06:22,199] [INFO] [_sm_handler.py::43] Current state: ready
[2025-07-07 12:06:22,212] [INFO] [_sm_handler.py::43] Current state: ready
[2025-07-07 12:06:22,214] [INFO] [_sm_handler.py::43] Current state: ready
[2025-07-07 12:06:22,216] [INFO] [_sm_handler.py::43] Current state: ready
[2025-07-07 12:06:22,221] [INFO] [_sm_handler.py::43] Current state: ready
[2025-07-07 12:06:22,227] [INFO] [_sm_handler.py::43] Current state: ready
[2025-07-07 12:06:22,229] [INFO] [_sm_handler.py::43] Current state: ready
[2025-07-07 12:06:22,231] [INFO] [_sm_handler.py::43] Current state: ready
[2025-07-07 12:06:22,245] [INFO] [_sm_handler.py::43] Current state: ready
[2025-07-07 12:06:22,249] [INFO] [_sm_handler.py::43] Current state: ready
[2025-07-07 12:06:22,251] [INFO] [_sm_handler.py::43] Current state: ready
[2025-07-07 12:06:22,265] [INFO] [_sm_handler.py::43] Current state: ready
[2025-07-07 12:06:22,267] [INFO] [_sm_handler.py::43] Current state: ready
[2025-07-07 12:06:22,269] [INFO] [_sm_handler.py::43] Current state: ready
[2025-07-07 12:06:22,274] [INFO] [_sm_handler.py::43] Current state: ready
[2025-07-07 12:06:22,280] [INFO] [_sm_handler.py::43] Current state: ready
[2025-07-07 12:06:22,282] [INFO] [_sm_handler.py::43] Current state: ready
[2025-07-07 12:06:22,284] [INFO] [_sm_handler.py::43] Current state: ready
[2025-07-07 12:06:22,298] [INFO] [_sm_handler.py::43] Current state: ready
[2025-07-07 12:06:22,302] [INFO] [_sm_handler.py::43] Current state: ready
[2025-07-07 12:06:22,304] [INFO] [_sm_handler.py::43] Current state: ready
[2025-07-07 12:06:22,318] [INFO] [_sm_handler.py::43] Current state: ready
[2025-07-07 12:06:22,320] [INFO] [_sm_handler.py::43] Current state: ready
[2025-07-07 12:06:22,322] [INFO] [_sm_handler.py::43] Current state: ready
[2025-07-07 12:06:22,327] [INFO] [_sm_handler.py::43] Current state: ready
[2025-07-07 12:06:22,333] [INFO] [_sm_handler.py::43] Current state: ready
[2025-07-07 12:06:22,335] [INFO] [_sm_handler.py::43] Current state: ready
[2025-07-07 12:06:22,337] [INFO] [_sm_handler.py::43] Current state: ready
[2025-07-07 12:06:22,351] [INFO] [_sm_handler.py::43] Current state: ready
[2025-07-07 12:06:22,355] [INFO] [_sm_handler.py::43] Current state: ready
[2025-07-07 12:06:22,357] [INFO] [_sm_handler.py::43] Current state: ready
[2025-07-07 12:06:22,371] [INFO] [_sm_handler.py::43] Current state: ready
[2025-07-07 12:06:22,373] [INFO] [_sm_handler.py::43] Current state: ready
[2025-07-07 12:06:22,375] [INFO] [_sm_handler.py::43] Current state: ready
[2025-07-07 12:06:22,380] [INFO] [_sm_handler.py::43] Current state: ready
[2025-07-07 12:06:22,386] [INFO] [_sm_handler.py::43] Current state: ready
[2025-07-07 12:06:22,388] [INFO] [_sm_handler.py::43] Current state: ready
[2025-07-07 12:06:22,390] [INFO] [_sm_handler.py::43] Current state: ready
[2025-07-07 12:06:22,404] [INFO] [_sm_handler.py::43] Current state: ready
[2025-07-07 12:06:22,408] [INFO] [_sm_handler.py::43] Current state: ready
[2025-07-07 12:06:22,410] [INFO] [_sm_handler.py::43] Current state: ready
[2025-07-07 12:06:22,424] [INFO] [_sm_handler.py::43] Current state: ready
[2025-07-07 12:06:22,426] [INFO] [_sm_handler.py::43] Current state: ready
[2025-07-07 12:06:22,428] [INFO] [_sm_handler.py::43] Current state: ready
[2025-07-07 12:06:22,433] [INFO] [_sm_handler.py::43] Current state: ready
[2025-07-07 12:06:22,439] [INFO] [_sm_handler.py::43] Current state: ready
[2025-07-07 12:06:22,440] [INFO] [_sm_handler.py::43] Current state: ready
[2025-07-07 12:06:22,442] [INFO] [_sm_handler.py::43] Current state: ready
[2025-07-07 12:06:22,456] [INFO] [_sm_handler.py::43] Current state: ready
[2025-07-07 12:06:22,460] [INFO] [_sm_handler.py::43] Current state: ready
[2025-07-07 12:06:22,462] [INFO] [_sm_handler.py::43] Current state: ready
[2025-07-07 12:06:22,476] [INFO] [_sm_handler.py::43] Current state: ready
[2025-07-07 12:06:22,478] [INFO] [_sm_handler.py::43] Current state: ready
[2025-07-07 12:06:22,480] [INFO] [_sm_handler.py::43] Current state: ready
[2025-07-07 12:06:22,485] [INFO] [_sm_handler.py::43] Current state: ready
[2025-07-07 12:06:22,491] [INFO] [_sm_handler.py::43] Current state: ready
[2025-07-07 12:06:22,493] [INFO] [_sm_handler.py::43] Current state: ready
[2025-07-07 12:06:22,495] [INFO] [_sm_handler.py::43] Current state: ready
[2025-07-07 12:06:22,509] [INFO] [_sm_handler.py::43] Current state: ready
[2025-07-07 12:06:22,513] [INFO] [_sm_handler.py::43] Current state: ready
[2025-07-07 12:06:22,515] [INFO] [_sm_handler.py::43] Current state: ready
[2025-07-07 12:06:22,529] [INFO] [_sm_handler.py::43] Current state: ready
[2025-07-07 12:06:22,531] [INFO] [_sm_handler.py::43] Current state: ready
[2025-07-07 12:06:22,533] [INFO] [_sm_handler.py::43] Current state: ready
[2025-07-07 12:06:22,538] [INFO] [_sm_handler.py::43] Current state: ready
[2025-07-07 12:06:22,544] [INFO] [_sm_handler.py::43] Current state: ready
[2025-07-07 12:06:22,546] [INFO] [_sm_handler.py::43] Current state: ready
[2025-07-07 12:06:22,548] [INFO] [_sm_handler.py::43] Current state: ready
[2025-07-07 12:06:22,562] [INFO] [_sm_handler.py::43] Current state: ready
[2025-07-07 12:06:22,566] [INFO] [_sm_handler.py::43] Current state: ready
[2025-07-07 12:06:22,568] [INFO] [_sm_handler.py::43] Current state: ready
[2025-07-07 12:06:22,582] [INFO] [_sm_handler.py::43] Current state: ready
[2025-07-07 12:06:22,584] [INFO] [_sm_handler.py::43] Current state: ready
[2025-07-07 12:06:22,586] [INFO] [_sm_handler.py::43] Current state: ready
[2025-07-07 12:06:22,591] [INFO] [_sm_handler.py::43] Current state: ready
[2025-07-07 12:06:22,597] [INFO] [_sm_handler.py::43] Current state: ready
[2025-07-07 12:06:22,599] [INFO] [_sm_handler.py::43] Current state: ready
[2025-07-07 12:06:22,601] [INFO] [_sm_handler.py::43] Current state: ready
[2025-07-07 12:06:22,615] [INFO] [_sm_handler.py::43] Current state: ready
[2025-07-07 12:06:22,619] [INFO] [_sm_handler.py::43] Current state: ready
[2025-07-07 12:06:22,621] [INFO] [_sm_handler.py::43] Current state: ready
[2025-07-07 12:06:22,635] [INFO] [_sm_handler.py::43] Current state: ready
[2025-07-07 12:06:22,637] [INFO] [_sm_handler.py::43] Current state: ready
[2025-07-07 12:06:22,639] [INFO] [_sm_handler.py::43] Current state: ready
[2025-07-07 12:06:22,643] [INFO] [_sm_handler.py::43] Current state: ready
[2025-07-07 12:06:22,649] [INFO] [_sm_handler.py::43] Current state: ready
[2025-07-07 12:06:22,651] [INFO] [_sm_handler.py::43] Current state: ready
[2025-07-07 12:06:22,653] [INFO] [_sm_handler.py::43] Current state: ready
[2025-07-07 12:06:22,668] [INFO] [_sm_handler.py::43] Current state: ready
[2025-07-07 12:06:22,672] [INFO] [_sm_handler.py::43] Current state: ready
[2025-07-07 12:06:22,674] [INFO] [_sm_handler.py::43] Current state: ready
[2025-07-07 12:06:22,688] [INFO] [_sm_handler.py::43] Current state: ready
[2025-07-07 12:06:22,690] [INFO] [_sm_handler.py::43] Current state: ready
[2025-07-07 12:06:22,692] [INFO] [_sm_handler.py::43] Current state: ready
[2025-07-07 12:06:22,696] [INFO] [_sm_handler.py::43] Current state: ready
[2025-07-07 12:06:22,702] [INFO] [_sm_handler.py::43] Current state: ready
[2025-07-07 12:06:22,704] [INFO] [_sm_handler.py::43] Current state: ready
[2025-07-07 12:06:22,706] [INFO] [_sm_handler.py::43] Current state: ready
[2025-07-07 12:06:22,721] [INFO] [_sm_handler.py::43] Current state: ready
[2025-07-07 12:06:22,725] [INFO] [_sm_handler.py::43] Current state: ready
[2025-07-07 12:06:22,727] [INFO] [_sm_handler.py::43] Current state: ready
[2025-07-07 12:06:22,741] [INFO] [_sm_handler.py::43] Current state: ready
[2025-07-07 12:06:22,743] [INFO] [_sm_handler.py::43] Current state: ready
[2025-07-07 12:06:22,744] [INFO] [_sm_handler.py::43] Current state: ready
[2025-07-07 12:06:22,748] [INFO] [_sm_handler.py::43] Current state: ready
[2025-07-07 12:06:22,754] [INFO] [_sm_handler.py::43] Current state: ready
[2025-07-07 12:06:22,756] [INFO] [_sm_handler.py::43] Current state: ready
[2025-07-07 12:06:22,758] [INFO] [_sm_handler.py::43] Current state: ready
[2025-07-07 12:06:22,773] [INFO] [_sm_handler.py::43] Current state: ready
[2025-07-07 12:06:22,777] [INFO] [_sm_handler.py::43] Current state: ready
[2025-07-07 12:06:22,779] [INFO] [_sm_handler.py::43] Current state: ready
[2025-07-07 12:06:22,793] [INFO] [_sm_handler.py::43] Current state: ready
[2025-07-07 12:06:22,795] [INFO] [_sm_handler.py::43] Current state: ready
[2025-07-07 12:06:22,797] [INFO] [_sm_handler.py::43] Current state: ready
[2025-07-07 12:06:22,801] [INFO] [_sm_handler.py::43] Current state: ready
[2025-07-07 12:06:22,807] [INFO] [_sm_handler.py::43] Current state: ready
[2025-07-07 12:06:22,809] [INFO] [_sm_handler.py::43] Current state: ready
[2025-07-07 12:06:22,811] [INFO] [_sm_handler.py::43] Current state: ready
[2025-07-07 12:06:22,826] [INFO] [_sm_handler.py::43] Current state: ready
[2025-07-07 12:06:22,830] [INFO] [_sm_handler.py::43] Current state: ready
[2025-07-07 12:06:22,832] [INFO] [_sm_handler.py::43] Current state: ready
[2025-07-07 12:06:22,846] [INFO] [_sm_handler.py::43] Current state: ready
[2025-07-07 12:06:22,848] [INFO] [_sm_handler.py::43] Current state: ready
[2025-07-07 12:06:22,850] [INFO] [_sm_handler.py::43] Current state: ready
[2025-07-07 12:06:22,854] [INFO] [_sm_handler.py::43] Current state: ready
[2025-07-07 12:06:22,860] [INFO] [_sm_handler.py::43] Current state: ready
[2025-07-07 12:06:22,862] [INFO] [_sm_handler.py::43] Current state: ready
[2025-07-07 12:06:22,864] [INFO] [_sm_handler.py::43] Current state: ready
[2025-07-07 12:06:22,879] [INFO] [_sm_handler.py::43] Current state: ready
[2025-07-07 12:06:22,883] [INFO] [_sm_handler.py::43] Current state: ready
[2025-07-07 12:06:22,885] [INFO] [_sm_handler.py::43] Current state: ready
[2025-07-07 12:06:22,899] [INFO] [_sm_handler.py::43] Current state: ready
[2025-07-07 12:06:22,901] [INFO] [_sm_handler.py::43] Current state: ready
[2025-07-07 12:06:22,903] [INFO] [_sm_handler.py::43] Current state: ready
[2025-07-07 12:06:22,907] [INFO] [_sm_handler.py::43] Current state: ready
[2025-07-07 12:06:22,913] [INFO] [_sm_handler.py::43] Current state: ready
[2025-07-07 12:06:22,915] [INFO] [_sm_handler.py::43] Current state: ready
[2025-07-07 12:06:22,917] [INFO] [_sm_handler.py::43] Current state: ready
[2025-07-07 12:06:22,932] [INFO] [_sm_handler.py::43] Current state: ready
[2025-07-07 12:06:22,936] [INFO] [_sm_handler.py::43] Current state: ready
[2025-07-07 12:06:22,938] [INFO] [_sm_handler.py::43] Current state: ready
[2025-07-07 12:06:22,952] [INFO] [_sm_handler.py::43] Current state: ready
[2025-07-07 12:06:22,954] [INFO] [_sm_handler.py::43] Current state: ready
[2025-07-07 12:06:22,956] [INFO] [_sm_handler.py::43] Current state: ready
[2025-07-07 12:06:22,960] [INFO] [_sm_handler.py::43] Current state: ready
[2025-07-07 12:06:22,966] [INFO] [_sm_handler.py::43] Current state: ready
[2025-07-07 12:06:22,968] [INFO] [_sm_handler.py::43] Current state: ready
[2025-07-07 12:06:22,970] [INFO] [_sm_handler.py::43] Current state: ready
[2025-07-07 12:06:22,985] [INFO] [_sm_handler.py::43] Current state: ready
[2025-07-07 12:06:22,989] [INFO] [_sm_handler.py::43] Current state: ready
[2025-07-07 12:06:22,991] [INFO] [_sm_handler.py::43] Current state: ready
[2025-07-07 12:06:23,005] [INFO] [_sm_handler.py::43] Current state: ready
[2025-07-07 12:06:23,007] [INFO] [_sm_handler.py::43] Current state: ready
[2025-07-07 12:06:23,009] [INFO] [_sm_handler.py::43] Current state: ready
[2025-07-07 12:06:23,013] [INFO] [_sm_handler.py::43] Current state: ready
[2025-07-07 12:06:23,019] [INFO] [_sm_handler.py::43] Current state: ready
[2025-07-07 12:06:23,021] [INFO] [_sm_handler.py::43] Current state: ready
[2025-07-07 12:06:23,023] [INFO] [_sm_handler.py::43] Current state: ready
[2025-07-07 12:06:23,037] [INFO] [_sm_handler.py::43] Current state: ready
[2025-07-07 12:06:23,042] [INFO] [_sm_handler.py::43] Current state: ready
[2025-07-07 12:06:23,044] [INFO] [_sm_handler.py::43] Current state: ready
[2025-07-07 12:06:23,058] [INFO] [_sm_handler.py::43] Current state: ready
[2025-07-07 12:06:23,060] [INFO] [_sm_handler.py::43] Current state: ready
[2025-07-07 12:06:23,062] [INFO] [_sm_handler.py::43] Current state: ready
[2025-07-07 12:06:23,065] [INFO] [_sm_handler.py::43] Current state: ready
[2025-07-07 12:06:23,072] [INFO] [_sm_handler.py::43] Current state: ready
[2025-07-07 12:06:23,074] [INFO] [_sm_handler.py::43] Current state: ready
[2025-07-07 12:06:23,076] [INFO] [_sm_handler.py::43] Current state: ready
[2025-07-07 12:06:23,090] [INFO] [_sm_handler.py::43] Current state: ready
[2025-07-07 12:06:23,094] [INFO] [_sm_handler.py::43] Current state: ready
[2025-07-07 12:06:23,096] [INFO] [_sm_handler.py::43] Current state: ready
[2025-07-07 12:06:23,111] [INFO] [_sm_handler.py::43] Current state: ready
[2025-07-07 12:06:23,113] [INFO] [_sm_handler.py::43] Current state: ready
[2025-07-07 12:06:23,115] [INFO] [_sm_handler.py::43] Current state: ready
[2025-07-07 12:06:23,117] [INFO] [_sm_handler.py::43] Current state: ready
[2025-07-07 12:06:23,125] [INFO] [_sm_handler.py::43] Current state: ready
[2025-07-07 12:06:23,127] [INFO] [_sm_handler.py::43] Current state: ready
[2025-07-07 12:06:23,129] [INFO] [_sm_handler.py::43] Current state: ready
[2025-07-07 12:06:23,143] [INFO] [_sm_handler.py::43] Current state: ready
[2025-07-07 12:06:23,147] [INFO] [_sm_handler.py::43] Current state: ready
[2025-07-07 12:06:23,149] [INFO] [_sm_handler.py::43] Current state: ready
[2025-07-07 12:06:23,164] [INFO] [_sm_handler.py::43] Current state: ready
[2025-07-07 12:06:23,166] [INFO] [_sm_handler.py::43] Current state: ready
[2025-07-07 12:06:23,168] [INFO] [_sm_handler.py::43] Current state: ready
[2025-07-07 12:06:23,170] [INFO] [_sm_handler.py::43] Current state: ready
[2025-07-07 12:06:23,178] [INFO] [_sm_handler.py::43] Current state: ready
[2025-07-07 12:06:23,180] [INFO] [_sm_handler.py::43] Current state: ready
[2025-07-07 12:06:23,182] [INFO] [_sm_handler.py::43] Current state: ready
[2025-07-07 12:06:23,195] [INFO] [_sm_handler.py::43] Current state: ready
[2025-07-07 12:06:23,200] [INFO] [_sm_handler.py::43] Current state: ready
[2025-07-07 12:06:23,201] [INFO] [_sm_handler.py::43] Current state: ready
[2025-07-07 12:06:23,216] [INFO] [_sm_handler.py::43] Current state: ready
[2025-07-07 12:06:23,218] [INFO] [_sm_handler.py::43] Current state: ready
[2025-07-07 12:06:23,220] [INFO] [_sm_handler.py::43] Current state: ready
[2025-07-07 12:06:23,222] [INFO] [_sm_handler.py::43] Current state: ready
[2025-07-07 12:06:23,230] [INFO] [_sm_handler.py::43] Current state: ready
[2025-07-07 12:06:23,232] [INFO] [_sm_handler.py::43] Current state: ready
[2025-07-07 12:06:23,234] [INFO] [_sm_handler.py::43] Current state: ready
[2025-07-07 12:06:23,248] [INFO] [_sm_handler.py::43] Current state: ready
[2025-07-07 12:06:23,252] [INFO] [_sm_handler.py::43] Current state: ready
[2025-07-07 12:06:23,254] [INFO] [_sm_handler.py::43] Current state: ready
[2025-07-07 12:06:23,269] [INFO] [_sm_handler.py::43] Current state: ready
[2025-07-07 12:06:23,271] [INFO] [_sm_handler.py::43] Current state: ready
[2025-07-07 12:06:23,273] [INFO] [_sm_handler.py::43] Current state: ready
[2025-07-07 12:06:23,274] [INFO] [_sm_handler.py::43] Current state: ready
[2025-07-07 12:06:23,282] [INFO] [_sm_handler.py::43] Current state: ready
[2025-07-07 12:06:23,284] [INFO] [_sm_handler.py::43] Current state: ready
[2025-07-07 12:06:23,286] [INFO] [_sm_handler.py::43] Current state: ready
[2025-07-07 12:06:23,300] [INFO] [_sm_handler.py::43] Current state: ready
[2025-07-07 12:06:23,304] [INFO] [_sm_handler.py::43] Current state: ready
[2025-07-07 12:06:23,306] [INFO] [_sm_handler.py::43] Current state: ready
[2025-07-07 12:06:23,321] [INFO] [_sm_handler.py::43] Current state: ready
[2025-07-07 12:06:23,323] [INFO] [_sm_handler.py::43] Current state: ready
[2025-07-07 12:06:23,325] [INFO] [_sm_handler.py::43] Current state: ready
[2025-07-07 12:06:23,327] [INFO] [_sm_handler.py::43] Current state: ready
[2025-07-07 12:06:23,335] [INFO] [_sm_handler.py::43] Current state: ready
[2025-07-07 12:06:23,337] [INFO] [_sm_handler.py::43] Current state: ready
[2025-07-07 12:06:23,339] [INFO] [_sm_handler.py::43] Current state: ready
[2025-07-07 12:06:23,353] [INFO] [_sm_handler.py::43] Current state: ready
[2025-07-07 12:06:23,357] [INFO] [_sm_handler.py::43] Current state: ready
[2025-07-07 12:06:23,359] [INFO] [_sm_handler.py::43] Current state: ready
[2025-07-07 12:06:23,374] [INFO] [_sm_handler.py::43] Current state: ready
[2025-07-07 12:06:23,376] [INFO] [_sm_handler.py::43] Current state: ready
[2025-07-07 12:06:23,378] [INFO] [_sm_handler.py::43] Current state: ready
[2025-07-07 12:06:23,380] [INFO] [_sm_handler.py::43] Current state: ready
[2025-07-07 12:06:23,388] [INFO] [_sm_handler.py::43] Current state: ready
[2025-07-07 12:06:23,389] [INFO] [_sm_handler.py::43] Current state: ready
[2025-07-07 12:06:23,391] [INFO] [_sm_handler.py::43] Current state: ready
[2025-07-07 12:06:23,405] [INFO] [_sm_handler.py::43] Current state: ready
[2025-07-07 12:06:23,409] [INFO] [_sm_handler.py::43] Current state: ready
[2025-07-07 12:06:23,411] [INFO] [_sm_handler.py::43] Current state: ready
[2025-07-07 12:06:23,426] [INFO] [_sm_handler.py::43] Current state: ready
[2025-07-07 12:06:23,428] [INFO] [_sm_handler.py::43] Current state: ready
[2025-07-07 12:06:23,430] [INFO] [_sm_handler.py::43] Current state: ready
[2025-07-07 12:06:23,432] [INFO] [_sm_handler.py::43] Current state: ready
[2025-07-07 12:06:23,440] [INFO] [_sm_handler.py::43] Current state: ready
[2025-07-07 12:06:23,442] [INFO] [_sm_handler.py::43] Current state: ready
[2025-07-07 12:06:23,444] [INFO] [_sm_handler.py::43] Current state: ready
[2025-07-07 12:06:23,458] [INFO] [_sm_handler.py::43] Current state: ready
[2025-07-07 12:06:23,462] [INFO] [_sm_handler.py::43] Current state: ready
[2025-07-07 12:06:23,464] [INFO] [_sm_handler.py::43] Current state: ready
[2025-07-07 12:06:23,479] [INFO] [_sm_handler.py::43] Current state: ready
[2025-07-07 12:06:23,481] [INFO] [_sm_handler.py::43] Current state: ready
[2025-07-07 12:06:23,483] [INFO] [_sm_handler.py::43] Current state: ready
[2025-07-07 12:06:23,485] [INFO] [_sm_handler.py::43] Current state: ready
[2025-07-07 12:06:23,493] [INFO] [_sm_handler.py::43] Current state: ready
[2025-07-07 12:06:23,495] [INFO] [_sm_handler.py::43] Current state: ready
[2025-07-07 12:06:23,497] [INFO] [_sm_handler.py::43] Current state: ready
[2025-07-07 12:06:23,511] [INFO] [_sm_handler.py::43] Current state: ready
[2025-07-07 12:06:23,515] [INFO] [_sm_handler.py::43] Current state: ready
[2025-07-07 12:06:23,517] [INFO] [_sm_handler.py::43] Current state: ready
[2025-07-07 12:06:23,532] [INFO] [_sm_handler.py::43] Current state: ready
[2025-07-07 12:06:23,534] [INFO] [_sm_handler.py::43] Current state: ready
[2025-07-07 12:06:23,536] [INFO] [_sm_handler.py::43] Current state: ready
[2025-07-07 12:06:23,538] [INFO] [_sm_handler.py::43] Current state: ready
[2025-07-07 12:06:23,546] [INFO] [_sm_handler.py::43] Current state: ready
[2025-07-07 12:06:23,548] [INFO] [_sm_handler.py::43] Current state: ready
[2025-07-07 12:06:23,549] [INFO] [_sm_handler.py::43] Current state: ready
[2025-07-07 12:06:23,563] [INFO] [_sm_handler.py::43] Current state: ready
[2025-07-07 12:06:23,567] [INFO] [_sm_handler.py::43] Current state: ready
[2025-07-07 12:06:23,569] [INFO] [_sm_handler.py::43] Current state: ready
[2025-07-07 12:06:23,584] [INFO] [_sm_handler.py::43] Current state: ready
[2025-07-07 12:06:23,586] [INFO] [_sm_handler.py::43] Current state: ready
[2025-07-07 12:06:23,588] [INFO] [_sm_handler.py::43] Current state: ready
[2025-07-07 12:06:23,590] [INFO] [_sm_handler.py::43] Current state: ready
[2025-07-07 12:06:23,598] [INFO] [_sm_handler.py::43] Current state: ready
[2025-07-07 12:06:23,600] [INFO] [_sm_handler.py::43] Current state: ready
[2025-07-07 12:06:23,602] [INFO] [_sm_handler.py::43] Current state: ready
[2025-07-07 12:06:23,616] [INFO] [_sm_handler.py::43] Current state: ready
[2025-07-07 12:06:23,620] [INFO] [_sm_handler.py::43] Current state: ready
[2025-07-07 12:06:23,622] [INFO] [_sm_handler.py::43] Current state: ready
[2025-07-07 12:06:23,637] [INFO] [_sm_handler.py::43] Current state: ready
[2025-07-07 12:06:23,639] [INFO] [_sm_handler.py::43] Current state: ready
[2025-07-07 12:06:23,641] [INFO] [_sm_handler.py::43] Current state: ready
[2025-07-07 12:06:23,643] [INFO] [_sm_handler.py::43] Current state: ready
[2025-07-07 12:06:23,651] [INFO] [_sm_handler.py::43] Current state: ready
[2025-07-07 12:06:23,652] [INFO] [_sm_handler.py::43] Current state: ready
[2025-07-07 12:06:23,654] [INFO] [_sm_handler.py::43] Current state: ready
[2025-07-07 12:06:23,668] [INFO] [_sm_handler.py::43] Current state: ready
[2025-07-07 12:06:23,672] [INFO] [_sm_handler.py::43] Current state: ready
[2025-07-07 12:06:23,674] [INFO] [_sm_handler.py::43] Current state: ready
[2025-07-07 12:06:23,689] [INFO] [_sm_handler.py::43] Current state: ready
[2025-07-07 12:06:23,691] [INFO] [_sm_handler.py::43] Current state: ready
[2025-07-07 12:06:23,693] [INFO] [_sm_handler.py::43] Current state: ready
[2025-07-07 12:06:23,695] [INFO] [_sm_handler.py::43] Current state: ready
[2025-07-07 12:06:23,703] [INFO] [_sm_handler.py::43] Current state: ready
[2025-07-07 12:06:23,705] [INFO] [_sm_handler.py::43] Current state: ready
[2025-07-07 12:06:23,707] [INFO] [_sm_handler.py::43] Current state: ready
[2025-07-07 12:06:23,721] [INFO] [_sm_handler.py::43] Current state: ready
[2025-07-07 12:06:23,725] [INFO] [_sm_handler.py::43] Current state: ready
[2025-07-07 12:06:23,727] [INFO] [_sm_handler.py::43] Current state: ready
[2025-07-07 12:06:23,742] [INFO] [_sm_handler.py::43] Current state: ready
[2025-07-07 12:06:23,744] [INFO] [_sm_handler.py::43] Current state: ready
[2025-07-07 12:06:23,746] [INFO] [_sm_handler.py::43] Current state: ready
[2025-07-07 12:06:23,748] [INFO] [_sm_handler.py::43] Current state: ready
[2025-07-07 12:06:23,756] [INFO] [_sm_handler.py::43] Current state: ready
[2025-07-07 12:06:23,758] [INFO] [_sm_handler.py::43] Current state: ready
[2025-07-07 12:06:23,760] [INFO] [_sm_handler.py::43] Current state: ready
[2025-07-07 12:06:23,774] [INFO] [_sm_handler.py::43] Current state: ready
[2025-07-07 12:06:23,778] [INFO] [_sm_handler.py::43] Current state: ready
[2025-07-07 12:06:23,780] [INFO] [_sm_handler.py::43] Current state: ready
[2025-07-07 12:06:23,795] [INFO] [_sm_handler.py::43] Current state: ready
[2025-07-07 12:06:23,797] [INFO] [_sm_handler.py::43] Current state: ready
[2025-07-07 12:06:23,799] [INFO] [_sm_handler.py::43] Current state: ready
[2025-07-07 12:06:23,800] [INFO] [_sm_handler.py::43] Current state: ready
[2025-07-07 12:06:23,808] [INFO] [_sm_handler.py::43] Current state: ready
[2025-07-07 12:06:23,810] [INFO] [_sm_handler.py::43] Current state: ready
[2025-07-07 12:06:23,812] [INFO] [_sm_handler.py::43] Current state: ready
[2025-07-07 12:06:23,826] [INFO] [_sm_handler.py::43] Current state: ready
[2025-07-07 12:06:23,830] [INFO] [_sm_handler.py::43] Current state: ready
[2025-07-07 12:06:23,832] [INFO] [_sm_handler.py::43] Current state: ready
[2025-07-07 12:06:23,847] [INFO] [_sm_handler.py::43] Current state: ready
[2025-07-07 12:06:23,849] [INFO] [_sm_handler.py::43] Current state: ready
[2025-07-07 12:06:23,851] [INFO] [_sm_handler.py::43] Current state: ready
[2025-07-07 12:06:23,853] [INFO] [_sm_handler.py::43] Current state: ready
[2025-07-07 12:06:23,861] [INFO] [_sm_handler.py::43] Current state: ready
[2025-07-07 12:06:23,863] [INFO] [_sm_handler.py::43] Current state: ready
[2025-07-07 12:06:23,865] [INFO] [_sm_handler.py::43] Current state: ready
[2025-07-07 12:06:23,879] [INFO] [_sm_handler.py::43] Current state: ready
[2025-07-07 12:06:23,883] [INFO] [_sm_handler.py::43] Current state: ready
[2025-07-07 12:06:23,885] [INFO] [_sm_handler.py::43] Current state: ready
[2025-07-07 12:06:23,900] [INFO] [_sm_handler.py::43] Current state: ready
[2025-07-07 12:06:23,902] [INFO] [_sm_handler.py::43] Current state: ready
[2025-07-07 12:06:23,904] [INFO] [_sm_handler.py::43] Current state: ready
[2025-07-07 12:06:23,906] [INFO] [_sm_handler.py::43] Current state: ready
[2025-07-07 12:06:23,914] [INFO] [_sm_handler.py::43] Current state: ready
[2025-07-07 12:06:23,916] [INFO] [_sm_handler.py::43] Current state: ready
[2025-07-07 12:06:23,918] [INFO] [_sm_handler.py::43] Current state: ready
[2025-07-07 12:06:23,932] [INFO] [_sm_handler.py::43] Current state: ready
[2025-07-07 12:06:23,936] [INFO] [_sm_handler.py::43] Current state: ready
[2025-07-07 12:06:23,938] [INFO] [_sm_handler.py::43] Current state: ready
[2025-07-07 12:06:23,953] [INFO] [_sm_handler.py::43] Current state: ready
[2025-07-07 12:06:23,955] [INFO] [_sm_handler.py::43] Current state: ready
[2025-07-07 12:06:23,957] [INFO] [_sm_handler.py::43] Current state: ready
[2025-07-07 12:06:23,959] [INFO] [_sm_handler.py::43] Current state: ready
[2025-07-07 12:06:23,966] [INFO] [_sm_handler.py::43] Current state: ready
[2025-07-07 12:06:23,968] [INFO] [_sm_handler.py::43] Current state: ready
[2025-07-07 12:06:23,970] [INFO] [_sm_handler.py::43] Current state: ready
[2025-07-07 12:06:23,984] [INFO] [_sm_handler.py::43] Current state: ready
[2025-07-07 12:06:23,988] [INFO] [_sm_handler.py::43] Current state: ready
[2025-07-07 12:06:23,990] [INFO] [_sm_handler.py::43] Current state: ready
[2025-07-07 12:06:24,005] [INFO] [_sm_handler.py::43] Current state: ready
[2025-07-07 12:06:24,007] [INFO] [_sm_handler.py::43] Current state: ready
[2025-07-07 12:06:24,009] [INFO] [_sm_handler.py::43] Current state: ready
[2025-07-07 12:06:24,011] [INFO] [_sm_handler.py::43] Current state: ready
[2025-07-07 12:06:24,019] [INFO] [_sm_handler.py::43] Current state: ready
[2025-07-07 12:06:24,021] [INFO] [_sm_handler.py::43] Current state: ready
[2025-07-07 12:06:24,023] [INFO] [_sm_handler.py::43] Current state: ready
[2025-07-07 12:06:24,037] [INFO] [_sm_handler.py::43] Current state: ready
[2025-07-07 12:06:24,041] [INFO] [_sm_handler.py::43] Current state: ready
[2025-07-07 12:06:24,043] [INFO] [_sm_handler.py::43] Current state: ready
[2025-07-07 12:06:24,058] [INFO] [_sm_handler.py::43] Current state: ready
[2025-07-07 12:06:24,060] [INFO] [_sm_handler.py::43] Current state: ready
[2025-07-07 12:06:24,062] [INFO] [_sm_handler.py::43] Current state: ready
[2025-07-07 12:06:24,064] [INFO] [_sm_handler.py::43] Current state: ready
[2025-07-07 12:06:24,072] [INFO] [_sm_handler.py::43] Current state: ready
[2025-07-07 12:06:24,074] [INFO] [_sm_handler.py::43] Current state: ready
[2025-07-07 12:06:24,076] [INFO] [_sm_handler.py::43] Current state: ready
[2025-07-07 12:06:24,090] [INFO] [_sm_handler.py::43] Current state: ready
[2025-07-07 12:06:24,094] [INFO] [_sm_handler.py::43] Current state: ready
[2025-07-07 12:06:24,096] [INFO] [_sm_handler.py::43] Current state: ready
[2025-07-07 12:06:24,111] [INFO] [_sm_handler.py::43] Current state: ready
[2025-07-07 12:06:24,113] [INFO] [_sm_handler.py::43] Current state: ready
[2025-07-07 12:06:24,115] [INFO] [_sm_handler.py::43] Current state: ready
[2025-07-07 12:06:24,117] [INFO] [_sm_handler.py::43] Current state: ready
[2025-07-07 12:06:24,125] [INFO] [_sm_handler.py::43] Current state: ready
[2025-07-07 12:06:24,127] [INFO] [_sm_handler.py::43] Current state: ready
[2025-07-07 12:06:24,128] [INFO] [_sm_handler.py::43] Current state: ready
[2025-07-07 12:06:24,142] [INFO] [_sm_handler.py::43] Current state: ready
[2025-07-07 12:06:24,146] [INFO] [_sm_handler.py::43] Current state: ready
[2025-07-07 12:06:24,148] [INFO] [_sm_handler.py::43] Current state: ready
[2025-07-07 12:06:24,163] [INFO] [_sm_handler.py::43] Current state: ready
[2025-07-07 12:06:24,165] [INFO] [_sm_handler.py::43] Current state: ready
[2025-07-07 12:06:24,167] [INFO] [_sm_handler.py::43] Current state: ready
[2025-07-07 12:06:24,169] [INFO] [_sm_handler.py::43] Current state: ready
[2025-07-07 12:06:24,177] [INFO] [_sm_handler.py::43] Current state: ready
[2025-07-07 12:06:24,179] [INFO] [_sm_handler.py::43] Current state: ready
[2025-07-07 12:06:24,181] [INFO] [_sm_handler.py::43] Current state: ready
[2025-07-07 12:06:24,195] [INFO] [_sm_handler.py::43] Current state: ready
[2025-07-07 12:06:24,199] [INFO] [_sm_handler.py::43] Current state: ready
[2025-07-07 12:06:24,201] [INFO] [_sm_handler.py::43] Current state: ready
[2025-07-07 12:06:24,216] [INFO] [_sm_handler.py::43] Current state: ready
[2025-07-07 12:06:24,218] [INFO] [_sm_handler.py::43] Current state: ready
[2025-07-07 12:06:24,220] [INFO] [_sm_handler.py::43] Current state: ready
[2025-07-07 12:06:24,221] [INFO] [_sm_handler.py::43] Current state: ready
[2025-07-07 12:06:24,229] [INFO] [_sm_handler.py::43] Current state: ready
[2025-07-07 12:06:24,231] [INFO] [_sm_handler.py::43] Current state: ready
[2025-07-07 12:06:24,233] [INFO] [_sm_handler.py::43] Current state: ready
[2025-07-07 12:06:24,247] [INFO] [_sm_handler.py::43] Current state: ready
[2025-07-07 12:06:24,251] [INFO] [_sm_handler.py::43] Current state: ready
[2025-07-07 12:06:24,253] [INFO] [_sm_handler.py::43] Current state: ready
[2025-07-07 12:06:24,268] [INFO] [_sm_handler.py::43] Current state: ready
[2025-07-07 12:06:24,270] [INFO] [_sm_handler.py::43] Current state: ready
[2025-07-07 12:06:24,272] [INFO] [_sm_handler.py::43] Current state: ready
[2025-07-07 12:06:24,274] [INFO] [_sm_handler.py::43] Current state: ready
[2025-07-07 12:06:24,282] [INFO] [_sm_handler.py::43] Current state: ready
[2025-07-07 12:06:24,284] [INFO] [_sm_handler.py::43] Current state: ready
[2025-07-07 12:06:24,286] [INFO] [_sm_handler.py::43] Current state: ready
[2025-07-07 12:06:24,300] [INFO] [_sm_handler.py::43] Current state: ready
[2025-07-07 12:06:24,304] [INFO] [_sm_handler.py::43] Current state: ready
[2025-07-07 12:06:24,306] [INFO] [_sm_handler.py::43] Current state: ready
[2025-07-07 12:06:24,321] [INFO] [_sm_handler.py::43] Current state: ready
[2025-07-07 12:06:24,323] [INFO] [_sm_handler.py::43] Current state: ready
[2025-07-07 12:06:24,325] [INFO] [_sm_handler.py::43] Current state: ready
[2025-07-07 12:06:24,327] [INFO] [_sm_handler.py::43] Current state: ready
[2025-07-07 12:06:24,335] [INFO] [_sm_handler.py::43] Current state: ready
[2025-07-07 12:06:24,337] [INFO] [_sm_handler.py::43] Current state: ready
[2025-07-07 12:06:24,339] [INFO] [_sm_handler.py::43] Current state: ready
[2025-07-07 12:06:24,353] [INFO] [_sm_handler.py::43] Current state: ready
[2025-07-07 12:06:24,357] [INFO] [_sm_handler.py::43] Current state: ready
[2025-07-07 12:06:24,359] [INFO] [_sm_handler.py::43] Current state: ready
[2025-07-07 12:06:24,374] [INFO] [_sm_handler.py::43] Current state: ready
[2025-07-07 12:06:24,376] [INFO] [_sm_handler.py::43] Current state: ready
[2025-07-07 12:06:24,378] [INFO] [_sm_handler.py::43] Current state: ready
[2025-07-07 12:06:24,380] [INFO] [_sm_handler.py::43] Current state: ready
[2025-07-07 12:06:24,388] [INFO] [_sm_handler.py::43] Current state: ready
[2025-07-07 12:06:24,389] [INFO] [_sm_handler.py::43] Current state: ready
[2025-07-07 12:06:24,391] [INFO] [_sm_handler.py::43] Current state: ready
[2025-07-07 12:06:24,405] [INFO] [_sm_handler.py::43] Current state: ready
[2025-07-07 12:06:24,409] [INFO] [_sm_handler.py::43] Current state: ready
[2025-07-07 12:06:24,411] [INFO] [_sm_handler.py::43] Current state: ready
[2025-07-07 12:06:24,426] [INFO] [_sm_handler.py::43] Current state: ready
[2025-07-07 12:06:24,428] [INFO] [_sm_handler.py::43] Current state: ready
[2025-07-07 12:06:24,430] [INFO] [_sm_handler.py::43] Current state: ready
[2025-07-07 12:06:24,432] [INFO] [_sm_handler.py::43] Current state: ready
[2025-07-07 12:06:24,440] [INFO] [_sm_handler.py::43] Current state: ready
[2025-07-07 12:06:24,442] [INFO] [_sm_handler.py::43] Current state: ready
[2025-07-07 12:06:24,444] [INFO] [_sm_handler.py::43] Current state: ready
[2025-07-07 12:06:24,458] [INFO] [_sm_handler.py::43] Current state: ready
[2025-07-07 12:06:24,462] [INFO] [_sm_handler.py::43] Current state: ready
[2025-07-07 12:06:24,464] [INFO] [_sm_handler.py::43] Current state: ready
[2025-07-07 12:06:24,479] [INFO] [_sm_handler.py::43] Current state: ready
[2025-07-07 12:06:24,481] [INFO] [_sm_handler.py::43] Current state: ready
[2025-07-07 12:06:24,483] [INFO] [_sm_handler.py::43] Current state: ready
[2025-07-07 12:06:24,485] [INFO] [_sm_handler.py::43] Current state: ready
[2025-07-07 12:06:24,493] [INFO] [_sm_handler.py::43] Current state: ready
[2025-07-07 12:06:24,495] [INFO] [_sm_handler.py::43] Current state: ready
[2025-07-07 12:06:24,497] [INFO] [_sm_handler.py::43] Current state: ready
[2025-07-07 12:06:24,511] [INFO] [_sm_handler.py::43] Current state: ready
[2025-07-07 12:06:24,515] [INFO] [_sm_handler.py::43] Current state: ready
[2025-07-07 12:06:24,516] [INFO] [_sm_handler.py::43] Current state: ready
[2025-07-07 12:06:24,531] [INFO] [_sm_handler.py::43] Current state: ready
[2025-07-07 12:06:24,533] [INFO] [_sm_handler.py::43] Current state: ready
[2025-07-07 12:06:24,535] [INFO] [_sm_handler.py::43] Current state: ready
[2025-07-07 12:06:24,537] [INFO] [_sm_handler.py::43] Current state: ready
[2025-07-07 12:06:24,545] [INFO] [_sm_handler.py::43] Current state: ready
[2025-07-07 12:06:24,547] [INFO] [_sm_handler.py::43] Current state: ready
[2025-07-07 12:06:24,549] [INFO] [_sm_handler.py::43] Current state: ready
[2025-07-07 12:06:24,563] [INFO] [_sm_handler.py::43] Current state: ready
[2025-07-07 12:06:24,567] [INFO] [_sm_handler.py::43] Current state: ready
[2025-07-07 12:06:24,569] [INFO] [_sm_handler.py::43] Current state: ready
[2025-07-07 12:06:24,584] [INFO] [_sm_handler.py::43] Current state: ready
[2025-07-07 12:06:24,586] [INFO] [_sm_handler.py::43] Current state: ready
[2025-07-07 12:06:24,588] [INFO] [_sm_handler.py::43] Current state: ready
[2025-07-07 12:06:24,590] [INFO] [_sm_handler.py::43] Current state: ready
[2025-07-07 12:06:24,598] [INFO] [_sm_handler.py::43] Current state: ready
[2025-07-07 12:06:24,600] [INFO] [_sm_handler.py::43] Current state: ready
[2025-07-07 12:06:24,602] [INFO] [_sm_handler.py::43] Current state: ready
[2025-07-07 12:06:24,616] [INFO] [_sm_handler.py::43] Current state: ready
[2025-07-07 12:06:24,620] [INFO] [_sm_handler.py::43] Current state: ready
[2025-07-07 12:06:24,622] [INFO] [_sm_handler.py::43] Current state: ready
[2025-07-07 12:06:24,637] [INFO] [_sm_handler.py::43] Current state: ready
[2025-07-07 12:06:24,639] [INFO] [_sm_handler.py::43] Current state: ready
[2025-07-07 12:06:24,641] [INFO] [_sm_handler.py::43] Current state: ready
[2025-07-07 12:06:24,643] [INFO] [_sm_handler.py::43] Current state: ready
[2025-07-07 12:06:24,651] [INFO] [_sm_handler.py::43] Current state: ready
[2025-07-07 12:06:24,653] [INFO] [_sm_handler.py::43] Current state: ready
[2025-07-07 12:06:24,654] [INFO] [_sm_handler.py::43] Current state: ready
[2025-07-07 12:06:24,668] [INFO] [_sm_handler.py::43] Current state: ready
[2025-07-07 12:06:24,672] [INFO] [_sm_handler.py::43] Current state: ready
[2025-07-07 12:06:24,674] [INFO] [_sm_handler.py::43] Current state: ready
[2025-07-07 12:06:24,689] [INFO] [_sm_handler.py::43] Current state: ready
[2025-07-07 12:06:24,691] [INFO] [_sm_handler.py::43] Current state: ready
[2025-07-07 12:06:24,693] [INFO] [_sm_handler.py::43] Current state: ready
[2025-07-07 12:06:24,695] [INFO] [_sm_handler.py::43] Current state: ready
[2025-07-07 12:06:24,703] [INFO] [_sm_handler.py::43] Current state: ready
[2025-07-07 12:06:24,705] [INFO] [_sm_handler.py::43] Current state: ready
[2025-07-07 12:06:24,707] [INFO] [_sm_handler.py::43] Current state: ready
[2025-07-07 12:06:24,721] [INFO] [_sm_handler.py::43] Current state: ready
[2025-07-07 12:06:24,725] [INFO] [_sm_handler.py::43] Current state: ready
[2025-07-07 12:06:24,727] [INFO] [_sm_handler.py::43] Current state: ready
[2025-07-07 12:06:24,742] [INFO] [_sm_handler.py::43] Current state: ready
[2025-07-07 12:06:24,744] [INFO] [_sm_handler.py::43] Current state: ready
[2025-07-07 12:06:24,746] [INFO] [_sm_handler.py::43] Current state: ready
[2025-07-07 12:06:24,748] [INFO] [_sm_handler.py::43] Current state: ready
[2025-07-07 12:06:24,755] [INFO] [_sm_handler.py::43] Current state: ready
[2025-07-07 12:06:24,757] [INFO] [_sm_handler.py::43] Current state: ready
[2025-07-07 12:06:24,759] [INFO] [_sm_handler.py::43] Current state: ready
[2025-07-07 12:06:24,773] [INFO] [_sm_handler.py::43] Current state: ready
[2025-07-07 12:06:24,777] [INFO] [_sm_handler.py::43] Current state: ready
[2025-07-07 12:06:24,779] [INFO] [_sm_handler.py::43] Current state: ready
[2025-07-07 12:06:24,794] [INFO] [_sm_handler.py::43] Current state: ready
[2025-07-07 12:06:24,796] [INFO] [_sm_handler.py::43] Current state: ready
[2025-07-07 12:06:24,798] [INFO] [_sm_handler.py::43] Current state: ready
[2025-07-07 12:06:24,800] [INFO] [_sm_handler.py::43] Current state: ready
[2025-07-07 12:06:24,808] [INFO] [_sm_handler.py::43] Current state: ready
[2025-07-07 12:06:24,810] [INFO] [_sm_handler.py::43] Current state: ready
[2025-07-07 12:06:24,812] [INFO] [_sm_handler.py::43] Current state: ready
[2025-07-07 12:06:24,826] [INFO] [_sm_handler.py::43] Current state: ready
[2025-07-07 12:06:24,830] [INFO] [_sm_handler.py::43] Current state: ready
[2025-07-07 12:06:24,832] [INFO] [_sm_handler.py::43] Current state: ready
[2025-07-07 12:06:24,847] [INFO] [_sm_handler.py::43] Current state: ready
[2025-07-07 12:06:24,849] [INFO] [_sm_handler.py::43] Current state: ready
[2025-07-07 12:06:24,851] [INFO] [_sm_handler.py::43] Current state: ready
[2025-07-07 12:06:24,853] [INFO] [_sm_handler.py::43] Current state: ready
[2025-07-07 12:06:24,861] [INFO] [_sm_handler.py::43] Current state: ready
[2025-07-07 12:06:24,863] [INFO] [_sm_handler.py::43] Current state: ready
[2025-07-07 12:06:24,864] [INFO] [_sm_handler.py::43] Current state: ready
[2025-07-07 12:06:24,878] [INFO] [_sm_handler.py::43] Current state: ready
[2025-07-07 12:06:24,882] [INFO] [_sm_handler.py::43] Current state: ready
[2025-07-07 12:06:24,884] [INFO] [_sm_handler.py::43] Current state: ready
[2025-07-07 12:06:24,899] [INFO] [_sm_handler.py::43] Current state: ready
[2025-07-07 12:06:24,901] [INFO] [_sm_handler.py::43] Current state: ready
[2025-07-07 12:06:24,903] [INFO] [_sm_handler.py::43] Current state: ready
[2025-07-07 12:06:24,905] [INFO] [_sm_handler.py::43] Current state: ready
[2025-07-07 12:06:24,913] [INFO] [_sm_handler.py::43] Current state: ready
[2025-07-07 12:06:24,915] [INFO] [_sm_handler.py::43] Current state: ready
[2025-07-07 12:06:24,917] [INFO] [_sm_handler.py::43] Current state: ready
[2025-07-07 12:06:24,931] [INFO] [_sm_handler.py::43] Current state: ready
[2025-07-07 12:06:24,935] [INFO] [_sm_handler.py::43] Current state: ready
[2025-07-07 12:06:24,937] [INFO] [_sm_handler.py::43] Current state: ready
[2025-07-07 12:06:24,952] [INFO] [_sm_handler.py::43] Current state: ready
[2025-07-07 12:06:24,954] [INFO] [_sm_handler.py::43] Current state: ready
[2025-07-07 12:06:24,956] [INFO] [_sm_handler.py::43] Current state: ready
[2025-07-07 12:06:24,958] [INFO] [_sm_handler.py::43] Current state: ready
[2025-07-07 12:06:24,966] [INFO] [_sm_handler.py::43] Current state: ready
[2025-07-07 12:06:24,968] [INFO] [_sm_handler.py::43] Current state: ready
[2025-07-07 12:06:24,970] [INFO] [_sm_handler.py::43] Current state: ready
[2025-07-07 12:06:24,984] [INFO] [_sm_handler.py::43] Current state: ready
[2025-07-07 12:06:24,988] [INFO] [_sm_handler.py::43] Current state: ready
[2025-07-07 12:06:24,990] [INFO] [_sm_handler.py::43] Current state: ready
[2025-07-07 12:06:25,005] [INFO] [_sm_handler.py::43] Current state: ready
[2025-07-07 12:06:25,007] [INFO] [_sm_handler.py::43] Current state: ready
[2025-07-07 12:06:25,009] [INFO] [_sm_handler.py::43] Current state: ready
[2025-07-07 12:06:25,011] [INFO] [_sm_handler.py::43] Current state: ready
[2025-07-07 12:06:25,019] [INFO] [_sm_handler.py::43] Current state: ready
[2025-07-07 12:06:25,021] [INFO] [_sm_handler.py::43] Current state: ready
[2025-07-07 12:06:25,023] [INFO] [_sm_handler.py::43] Current state: ready
[2025-07-07 12:06:25,037] [INFO] [_sm_handler.py::43] Current state: ready
[2025-07-07 12:06:25,041] [INFO] [_sm_handler.py::43] Current state: ready
[2025-07-07 12:06:25,043] [INFO] [_sm_handler.py::43] Current state: ready
[2025-07-07 12:06:25,058] [INFO] [_sm_handler.py::43] Current state: ready
[2025-07-07 12:06:25,059] [INFO] [_sm_handler.py::43] Current state: ready
[2025-07-07 12:06:25,061] [INFO] [_sm_handler.py::43] Current state: ready
[2025-07-07 12:06:25,063] [INFO] [_sm_handler.py::43] Current state: ready
[2025-07-07 12:06:25,071] [INFO] [_sm_handler.py::43] Current state: ready
[2025-07-07 12:06:25,073] [INFO] [_sm_handler.py::43] Current state: ready
[2025-07-07 12:06:25,075] [INFO] [_sm_handler.py::43] Current state: ready
[2025-07-07 12:06:25,089] [INFO] [_sm_handler.py::43] Current state: ready
[2025-07-07 12:06:25,093] [INFO] [_sm_handler.py::43] Current state: ready
[2025-07-07 12:06:25,095] [INFO] [_sm_handler.py::43] Current state: ready
[2025-07-07 12:06:25,110] [INFO] [_sm_handler.py::43] Current state: ready
[2025-07-07 12:06:25,112] [INFO] [_sm_handler.py::43] Current state: ready
[2025-07-07 12:06:25,114] [INFO] [_sm_handler.py::43] Current state: ready
[2025-07-07 12:06:25,116] [INFO] [_sm_handler.py::43] Current state: ready
[2025-07-07 12:06:25,124] [INFO] [_sm_handler.py::43] Current state: ready
[2025-07-07 12:06:25,126] [INFO] [_sm_handler.py::43] Current state: ready
[2025-07-07 12:06:25,128] [INFO] [_sm_handler.py::43] Current state: ready
[2025-07-07 12:06:25,142] [INFO] [_sm_handler.py::43] Current state: ready
[2025-07-07 12:06:25,146] [INFO] [_sm_handler.py::43] Current state: ready
[2025-07-07 12:06:25,148] [INFO] [_sm_handler.py::43] Current state: ready
[2025-07-07 12:06:25,163] [INFO] [_sm_handler.py::43] Current state: ready
[2025-07-07 12:06:25,165] [INFO] [_sm_handler.py::43] Current state: ready
[2025-07-07 12:06:25,167] [INFO] [_sm_handler.py::43] Current state: ready
[2025-07-07 12:06:25,169] [INFO] [_sm_handler.py::43] Current state: ready
[2025-07-07 12:06:25,177] [INFO] [_sm_handler.py::43] Current state: ready
[2025-07-07 12:06:25,179] [INFO] [_sm_handler.py::43] Current state: ready
[2025-07-07 12:06:25,181] [INFO] [_sm_handler.py::43] Current state: ready
[2025-07-07 12:06:25,195] [INFO] [_sm_handler.py::43] Current state: ready
[2025-07-07 12:06:25,199] [INFO] [_sm_handler.py::43] Current state: ready
[2025-07-07 12:06:25,201] [INFO] [_sm_handler.py::43] Current state: ready
[2025-07-07 12:06:25,216] [INFO] [_sm_handler.py::43] Current state: ready
[2025-07-07 12:06:25,218] [INFO] [_sm_handler.py::43] Current state: ready
[2025-07-07 12:06:25,220] [INFO] [_sm_handler.py::43] Current state: ready
[2025-07-07 12:06:25,222] [INFO] [_sm_handler.py::43] Current state: ready
[2025-07-07 12:06:25,230] [INFO] [_sm_handler.py::43] Current state: ready
[2025-07-07 12:06:25,232] [INFO] [_sm_handler.py::43] Current state: ready
[2025-07-07 12:06:25,234] [INFO] [_sm_handler.py::43] Current state: ready
[2025-07-07 12:06:25,248] [INFO] [_sm_handler.py::43] Current state: ready
[2025-07-07 12:06:25,252] [INFO] [_sm_handler.py::43] Current state: ready
[2025-07-07 12:06:25,254] [INFO] [_sm_handler.py::43] Current state: ready
[2025-07-07 12:06:25,269] [INFO] [_sm_handler.py::43] Current state: ready
[2025-07-07 12:06:25,271] [INFO] [_sm_handler.py::43] Current state: ready
[2025-07-07 12:06:25,273] [INFO] [_sm_handler.py::43] Current state: ready
[2025-07-07 12:06:25,275] [INFO] [_sm_handler.py::43] Current state: ready
[2025-07-07 12:06:25,283] [INFO] [_sm_handler.py::43] Current state: ready
[2025-07-07 12:06:25,285] [INFO] [_sm_handler.py::43] Current state: ready
[2025-07-07 12:06:25,287] [INFO] [_sm_handler.py::43] Current state: ready
[2025-07-07 12:06:25,301] [INFO] [_sm_handler.py::43] Current state: ready
[2025-07-07 12:06:25,305] [INFO] [_sm_handler.py::43] Current state: ready
[2025-07-07 12:06:25,307] [INFO] [_sm_handler.py::43] Current state: ready
[2025-07-07 12:06:25,322] [INFO] [_sm_handler.py::43] Current state: ready
[2025-07-07 12:06:25,324] [INFO] [_sm_handler.py::43] Current state: ready
[2025-07-07 12:06:25,326] [INFO] [_sm_handler.py::43] Current state: ready
[2025-07-07 12:06:25,328] [INFO] [_sm_handler.py::43] Current state: ready
[2025-07-07 12:06:25,336] [INFO] [_sm_handler.py::43] Current state: ready
[2025-07-07 12:06:25,338] [INFO] [_sm_handler.py::43] Current state: ready
[2025-07-07 12:06:25,340] [INFO] [_sm_handler.py::43] Current state: ready
[2025-07-07 12:06:25,354] [INFO] [_sm_handler.py::43] Current state: ready
[2025-07-07 12:06:25,358] [INFO] [_sm_handler.py::43] Current state: ready
[2025-07-07 12:06:25,360] [INFO] [_sm_handler.py::43] Current state: ready
[2025-07-07 12:06:25,375] [INFO] [_sm_handler.py::43] Current state: ready
[2025-07-07 12:06:25,377] [INFO] [_sm_handler.py::43] Current state: ready
[2025-07-07 12:06:25,379] [INFO] [_sm_handler.py::43] Current state: ready
[2025-07-07 12:06:25,381] [INFO] [_sm_handler.py::43] Current state: ready
[2025-07-07 12:06:25,389] [INFO] [_sm_handler.py::43] Current state: ready
[2025-07-07 12:06:25,391] [INFO] [_sm_handler.py::43] Current state: ready
[2025-07-07 12:06:25,393] [INFO] [_sm_handler.py::43] Current state: ready
[2025-07-07 12:06:25,407] [INFO] [_sm_handler.py::43] Current state: ready
[2025-07-07 12:06:25,411] [INFO] [_sm_handler.py::43] Current state: ready
[2025-07-07 12:06:25,413] [INFO] [_sm_handler.py::43] Current state: ready
[2025-07-07 12:06:25,428] [INFO] [_sm_handler.py::43] Current state: ready
[2025-07-07 12:06:25,430] [INFO] [_sm_handler.py::43] Current state: ready
[2025-07-07 12:06:25,432] [INFO] [_sm_handler.py::43] Current state: ready
[2025-07-07 12:06:25,434] [INFO] [_sm_handler.py::43] Current state: ready
[2025-07-07 12:06:25,442] [INFO] [_sm_handler.py::43] Current state: ready
[2025-07-07 12:06:25,444] [INFO] [_sm_handler.py::43] Current state: ready
[2025-07-07 12:06:25,446] [INFO] [_sm_handler.py::43] Current state: ready
[2025-07-07 12:06:25,460] [INFO] [_sm_handler.py::43] Current state: ready
[2025-07-07 12:06:25,464] [INFO] [_sm_handler.py::43] Current state: ready
[2025-07-07 12:06:25,466] [INFO] [_sm_handler.py::43] Current state: ready
[2025-07-07 12:06:25,481] [INFO] [_sm_handler.py::43] Current state: ready
[2025-07-07 12:06:25,483] [INFO] [_sm_handler.py::43] Current state: ready
[2025-07-07 12:06:25,485] [INFO] [_sm_handler.py::43] Current state: ready
[2025-07-07 12:06:25,487] [INFO] [_sm_handler.py::43] Current state: ready
[2025-07-07 12:06:25,495] [INFO] [_sm_handler.py::43] Current state: ready
[2025-07-07 12:06:25,497] [INFO] [_sm_handler.py::43] Current state: ready
[2025-07-07 12:06:25,499] [INFO] [_sm_handler.py::43] Current state: ready
[2025-07-07 12:06:25,513] [INFO] [_sm_handler.py::43] Current state: ready
[2025-07-07 12:06:25,517] [INFO] [_sm_handler.py::43] Current state: ready
[2025-07-07 12:06:25,519] [INFO] [_sm_handler.py::43] Current state: ready
[2025-07-07 12:06:25,534] [INFO] [_sm_handler.py::43] Current state: ready
[2025-07-07 12:06:25,535] [INFO] [_sm_handler.py::43] Current state: ready
[2025-07-07 12:06:25,537] [INFO] [_sm_handler.py::43] Current state: ready
[2025-07-07 12:06:25,539] [INFO] [_sm_handler.py::43] Current state: ready
[2025-07-07 12:06:25,547] [INFO] [_sm_handler.py::43] Current state: ready
[2025-07-07 12:06:25,549] [INFO] [_sm_handler.py::43] Current state: ready
[2025-07-07 12:06:25,551] [INFO] [_sm_handler.py::43] Current state: ready
[2025-07-07 12:06:25,565] [INFO] [_sm_handler.py::43] Current state: ready
[2025-07-07 12:06:25,569] [INFO] [_sm_handler.py::43] Current state: ready
[2025-07-07 12:06:25,571] [INFO] [_sm_handler.py::43] Current state: ready
[2025-07-07 12:06:25,586] [INFO] [_sm_handler.py::43] Current state: ready
[2025-07-07 12:06:25,588] [INFO] [_sm_handler.py::43] Current state: ready
[2025-07-07 12:06:25,590] [INFO] [_sm_handler.py::43] Current state: ready
[2025-07-07 12:06:25,592] [INFO] [_sm_handler.py::43] Current state: ready
[2025-07-07 12:06:25,600] [INFO] [_sm_handler.py::43] Current state: ready
[2025-07-07 12:06:25,602] [INFO] [_sm_handler.py::43] Current state: ready
[2025-07-07 12:06:25,604] [INFO] [_sm_handler.py::43] Current state: ready
[2025-07-07 12:06:25,618] [INFO] [_sm_handler.py::43] Current state: ready
[2025-07-07 12:06:25,622] [INFO] [_sm_handler.py::43] Current state: ready
[2025-07-07 12:06:25,624] [INFO] [_sm_handler.py::43] Current state: ready
[2025-07-07 12:06:25,639] [INFO] [_sm_handler.py::43] Current state: ready
[2025-07-07 12:06:25,641] [INFO] [_sm_handler.py::43] Current state: ready
[2025-07-07 12:06:25,643] [INFO] [_sm_handler.py::43] Current state: ready
[2025-07-07 12:06:25,645] [INFO] [_sm_handler.py::43] Current state: ready
[2025-07-07 12:06:25,653] [INFO] [_sm_handler.py::43] Current state: ready
[2025-07-07 12:06:25,654] [INFO] [_sm_handler.py::43] Current state: ready
[2025-07-07 12:06:25,656] [INFO] [_sm_handler.py::43] Current state: ready
[2025-07-07 12:06:25,670] [INFO] [_sm_handler.py::43] Current state: ready
[2025-07-07 12:06:25,674] [INFO] [_sm_handler.py::43] Current state: ready
[2025-07-07 12:06:25,676] [INFO] [_sm_handler.py::43] Current state: ready
[2025-07-07 12:06:25,691] [INFO] [_sm_handler.py::43] Current state: ready
[2025-07-07 12:06:25,693] [INFO] [_sm_handler.py::43] Current state: ready
[2025-07-07 12:06:25,695] [INFO] [_sm_handler.py::43] Current state: ready
[2025-07-07 12:06:25,697] [INFO] [_sm_handler.py::43] Current state: ready
[2025-07-07 12:06:25,705] [INFO] [_sm_handler.py::43] Current state: ready
[2025-07-07 12:06:25,707] [INFO] [_sm_handler.py::43] Current state: ready
[2025-07-07 12:06:25,709] [INFO] [_sm_handler.py::43] Current state: ready
[2025-07-07 12:06:25,723] [INFO] [_sm_handler.py::43] Current state: ready
[2025-07-07 12:06:25,727] [INFO] [_sm_handler.py::43] Current state: ready
[2025-07-07 12:06:25,729] [INFO] [_sm_handler.py::43] Current state: ready
[2025-07-07 12:06:25,743] [INFO] [_sm_handler.py::43] Current state: ready
[2025-07-07 12:06:25,745] [INFO] [_sm_handler.py::43] Current state: ready
[2025-07-07 12:06:25,747] [INFO] [_sm_handler.py::43] Current state: ready
[2025-07-07 12:06:25,749] [INFO] [_sm_handler.py::43] Current state: ready
[2025-07-07 12:06:25,757] [INFO] [_sm_handler.py::43] Current state: ready
[2025-07-07 12:06:25,759] [INFO] [_sm_handler.py::43] Current state: ready
[2025-07-07 12:06:25,761] [INFO] [_sm_handler.py::43] Current state: ready
[2025-07-07 12:06:25,775] [INFO] [_sm_handler.py::43] Current state: ready
[2025-07-07 12:06:25,779] [INFO] [_sm_handler.py::43] Current state: ready
[2025-07-07 12:06:25,781] [INFO] [_sm_handler.py::43] Current state: ready
[2025-07-07 12:06:25,796] [INFO] [_sm_handler.py::43] Current state: ready
[2025-07-07 12:06:25,798] [INFO] [_sm_handler.py::43] Current state: ready
[2025-07-07 12:06:25,800] [INFO] [_sm_handler.py::43] Current state: ready
[2025-07-07 12:06:25,802] [INFO] [_sm_handler.py::43] Current state: ready
[2025-07-07 12:06:25,810] [INFO] [_sm_handler.py::43] Current state: ready
[2025-07-07 12:06:25,812] [INFO] [_sm_handler.py::43] Current state: ready
[2025-07-07 12:06:25,813] [INFO] [_sm_handler.py::43] Current state: ready
[2025-07-07 12:06:25,827] [INFO] [_sm_handler.py::43] Current state: ready
[2025-07-07 12:06:25,831] [INFO] [_sm_handler.py::43] Current state: ready
[2025-07-07 12:06:25,833] [INFO] [_sm_handler.py::43] Current state: ready
[2025-07-07 12:06:25,848] [INFO] [_sm_handler.py::43] Current state: ready
[2025-07-07 12:06:25,850] [INFO] [_sm_handler.py::43] Current state: ready
[2025-07-07 12:06:25,852] [INFO] [_sm_handler.py::43] Current state: ready
[2025-07-07 12:06:25,854] [INFO] [_sm_handler.py::43] Current state: ready
[2025-07-07 12:06:25,862] [INFO] [_sm_handler.py::43] Current state: ready
[2025-07-07 12:06:25,864] [INFO] [_sm_handler.py::43] Current state: ready
[2025-07-07 12:06:25,866] [INFO] [_sm_handler.py::43] Current state: ready
[2025-07-07 12:06:25,880] [INFO] [_sm_handler.py::43] Current state: ready
[2025-07-07 12:06:25,884] [INFO] [_sm_handler.py::43] Current state: ready
[2025-07-07 12:06:25,886] [INFO] [_sm_handler.py::43] Current state: ready
[2025-07-07 12:06:25,901] [INFO] [_sm_handler.py::43] Current state: ready
[2025-07-07 12:06:25,903] [INFO] [_sm_handler.py::43] Current state: ready
[2025-07-07 12:06:25,905] [INFO] [_sm_handler.py::43] Current state: ready
[2025-07-07 12:06:25,907] [INFO] [_sm_handler.py::43] Current state: ready
[2025-07-07 12:06:25,915] [INFO] [_sm_handler.py::43] Current state: ready
[2025-07-07 12:06:25,917] [INFO] [_sm_handler.py::43] Current state: ready
[2025-07-07 12:06:25,919] [INFO] [_sm_handler.py::43] Current state: ready
[2025-07-07 12:06:25,933] [INFO] [_sm_handler.py::43] Current state: ready
[2025-07-07 12:06:25,937] [INFO] [_sm_handler.py::43] Current state: ready
[2025-07-07 12:06:25,939] [INFO] [_sm_handler.py::43] Current state: ready
[2025-07-07 12:06:25,954] [INFO] [_sm_handler.py::43] Current state: ready
[2025-07-07 12:06:25,956] [INFO] [_sm_handler.py::43] Current state: ready
[2025-07-07 12:06:25,958] [INFO] [_sm_handler.py::43] Current state: ready
[2025-07-07 12:06:25,960] [INFO] [_sm_handler.py::43] Current state: ready
[2025-07-07 12:06:25,968] [INFO] [_sm_handler.py::43] Current state: ready
[2025-07-07 12:06:25,969] [INFO] [_sm_handler.py::43] Current state: ready
[2025-07-07 12:06:25,971] [INFO] [_sm_handler.py::43] Current state: ready
[2025-07-07 12:06:25,985] [INFO] [_sm_handler.py::43] Current state: ready
[2025-07-07 12:06:25,989] [INFO] [_sm_handler.py::43] Current state: ready
[2025-07-07 12:06:25,991] [INFO] [_sm_handler.py::43] Current state: ready
[2025-07-07 12:06:26,006] [INFO] [_sm_handler.py::43] Current state: ready
[2025-07-07 12:06:26,008] [INFO] [_sm_handler.py::43] Current state: ready
[2025-07-07 12:06:26,010] [INFO] [_sm_handler.py::43] Current state: ready
[2025-07-07 12:06:26,012] [INFO] [_sm_handler.py::43] Current state: ready
[2025-07-07 12:06:26,020] [INFO] [_sm_handler.py::43] Current state: ready
[2025-07-07 12:06:26,022] [INFO] [_sm_handler.py::43] Current state: ready
[2025-07-07 12:06:26,024] [INFO] [_sm_handler.py::43] Current state: ready
[2025-07-07 12:06:26,038] [INFO] [_sm_handler.py::43] Current state: ready
[2025-07-07 12:06:26,042] [INFO] [_sm_handler.py::43] Current state: ready
[2025-07-07 12:06:26,044] [INFO] [_sm_handler.py::43] Current state: ready
[2025-07-07 12:06:26,058] [INFO] [_sm_handler.py::43] Current state: ready
[2025-07-07 12:06:26,060] [INFO] [_sm_handler.py::43] Current state: ready
[2025-07-07 12:06:26,062] [INFO] [_sm_handler.py::43] Current state: ready
[2025-07-07 12:06:26,064] [INFO] [_sm_handler.py::43] Current state: ready
[2025-07-07 12:06:26,072] [INFO] [_sm_handler.py::43] Current state: ready
[2025-07-07 12:06:26,074] [INFO] [_sm_handler.py::43] Current state: ready
[2025-07-07 12:06:26,076] [INFO] [_sm_handler.py::43] Current state: ready
[2025-07-07 12:06:26,091] [INFO] [_sm_handler.py::43] Current state: ready
[2025-07-07 12:06:26,095] [INFO] [_sm_handler.py::43] Current state: ready
[2025-07-07 12:06:26,097] [INFO] [_sm_handler.py::43] Current state: ready
[2025-07-07 12:06:26,111] [INFO] [_sm_handler.py::43] Current state: ready
[2025-07-07 12:06:26,113] [INFO] [_sm_handler.py::43] Current state: ready
[2025-07-07 12:06:26,115] [INFO] [_sm_handler.py::43] Current state: ready
[2025-07-07 12:06:26,117] [INFO] [_sm_handler.py::43] Current state: ready
[2025-07-07 12:06:26,125] [INFO] [_sm_handler.py::43] Current state: ready
[2025-07-07 12:06:26,127] [INFO] [_sm_handler.py::43] Current state: ready
[2025-07-07 12:06:26,129] [INFO] [_sm_handler.py::43] Current state: ready
[2025-07-07 12:06:26,144] [INFO] [_sm_handler.py::43] Current state: ready
[2025-07-07 12:06:26,148] [INFO] [_sm_handler.py::43] Current state: ready
[2025-07-07 12:06:26,150] [INFO] [_sm_handler.py::43] Current state: ready
[2025-07-07 12:06:26,164] [INFO] [_sm_handler.py::43] Current state: ready
[2025-07-07 12:06:26,166] [INFO] [_sm_handler.py::43] Current state: ready
[2025-07-07 12:06:26,168] [INFO] [_sm_handler.py::43] Current state: ready
[2025-07-07 12:06:26,170] [INFO] [_sm_handler.py::43] Current state: ready
[2025-07-07 12:06:26,178] [INFO] [_sm_handler.py::43] Current state: ready
[2025-07-07 12:06:26,179] [INFO] [_sm_handler.py::43] Current state: ready
[2025-07-07 12:06:26,181] [INFO] [_sm_handler.py::43] Current state: ready
[2025-07-07 12:06:26,196] [INFO] [_sm_handler.py::43] Current state: ready
[2025-07-07 12:06:26,200] [INFO] [_sm_handler.py::43] Current state: ready
[2025-07-07 12:06:26,202] [INFO] [_sm_handler.py::43] Current state: ready
[2025-07-07 12:06:26,216] [INFO] [_sm_handler.py::43] Current state: ready
[2025-07-07 12:06:26,218] [INFO] [_sm_handler.py::43] Current state: ready
[2025-07-07 12:06:26,220] [INFO] [_sm_handler.py::43] Current state: ready
[2025-07-07 12:06:26,222] [INFO] [_sm_handler.py::43] Current state: ready
[2025-07-07 12:06:26,230] [INFO] [_sm_handler.py::43] Current state: ready
[2025-07-07 12:06:26,232] [INFO] [_sm_handler.py::43] Current state: ready
[2025-07-07 12:06:26,234] [INFO] [_sm_handler.py::43] Current state: ready
[2025-07-07 12:06:26,249] [INFO] [_sm_handler.py::43] Current state: ready
[2025-07-07 12:06:26,253] [INFO] [_sm_handler.py::43] Current state: ready
[2025-07-07 12:06:26,255] [INFO] [_sm_handler.py::43] Current state: ready
[2025-07-07 12:06:26,268] [INFO] [_sm_handler.py::43] Current state: ready
[2025-07-07 12:06:26,270] [INFO] [_sm_handler.py::43] Current state: ready
[2025-07-07 12:06:26,272] [INFO] [_sm_handler.py::43] Current state: ready
[2025-07-07 12:06:26,274] [INFO] [_sm_handler.py::43] Current state: ready
[2025-07-07 12:06:26,282] [INFO] [_sm_handler.py::43] Current state: ready
[2025-07-07 12:06:26,284] [INFO] [_sm_handler.py::43] Current state: ready
[2025-07-07 12:06:26,286] [INFO] [_sm_handler.py::43] Current state: ready
[2025-07-07 12:06:26,301] [INFO] [_sm_handler.py::43] Current state: ready
[2025-07-07 12:06:26,305] [INFO] [_sm_handler.py::43] Current state: ready
[2025-07-07 12:06:26,307] [INFO] [_sm_handler.py::43] Current state: ready
[2025-07-07 12:06:26,321] [INFO] [_sm_handler.py::43] Current state: ready
[2025-07-07 12:06:26,323] [INFO] [_sm_handler.py::43] Current state: ready
[2025-07-07 12:06:26,325] [INFO] [_sm_handler.py::43] Current state: ready
[2025-07-07 12:06:26,327] [INFO] [_sm_handler.py::43] Current state: ready
[2025-07-07 12:06:26,335] [INFO] [_sm_handler.py::43] Current state: ready
[2025-07-07 12:06:26,336] [INFO] [_sm_handler.py::43] Current state: ready
[2025-07-07 12:06:26,338] [INFO] [_sm_handler.py::43] Current state: ready
[2025-07-07 12:06:26,353] [INFO] [_sm_handler.py::43] Current state: ready
[2025-07-07 12:06:26,357] [INFO] [_sm_handler.py::43] Current state: ready
[2025-07-07 12:06:26,359] [INFO] [_sm_handler.py::43] Current state: ready
[2025-07-07 12:06:26,373] [INFO] [_sm_handler.py::43] Current state: ready
[2025-07-07 12:06:26,375] [INFO] [_sm_handler.py::43] Current state: ready
[2025-07-07 12:06:26,377] [INFO] [_sm_handler.py::43] Current state: ready
[2025-07-07 12:06:26,379] [INFO] [_sm_handler.py::43] Current state: ready
[2025-07-07 12:06:26,387] [INFO] [_sm_handler.py::43] Current state: ready
[2025-07-07 12:06:26,389] [INFO] [_sm_handler.py::43] Current state: ready
[2025-07-07 12:06:26,391] [INFO] [_sm_handler.py::43] Current state: ready
[2025-07-07 12:06:26,406] [INFO] [_sm_handler.py::43] Current state: ready
[2025-07-07 12:06:26,410] [INFO] [_sm_handler.py::43] Current state: ready
[2025-07-07 12:06:26,412] [INFO] [_sm_handler.py::43] Current state: ready
[2025-07-07 12:06:26,426] [INFO] [_sm_handler.py::43] Current state: ready
[2025-07-07 12:06:26,428] [INFO] [_sm_handler.py::43] Current state: ready
[2025-07-07 12:06:26,430] [INFO] [_sm_handler.py::43] Current state: ready
[2025-07-07 12:06:26,432] [INFO] [_sm_handler.py::43] Current state: ready
[2025-07-07 12:06:26,440] [INFO] [_sm_handler.py::43] Current state: ready
[2025-07-07 12:06:26,442] [INFO] [_sm_handler.py::43] Current state: ready
[2025-07-07 12:06:26,443] [INFO] [_sm_handler.py::43] Current state: ready
[2025-07-07 12:06:26,458] [INFO] [_sm_handler.py::43] Current state: ready
[2025-07-07 12:06:26,462] [INFO] [_sm_handler.py::43] Current state: ready
[2025-07-07 12:06:26,464] [INFO] [_sm_handler.py::43] Current state: ready
[2025-07-07 12:06:26,478] [INFO] [_sm_handler.py::43] Current state: ready
[2025-07-07 12:06:26,480] [INFO] [_sm_handler.py::43] Current state: ready
[2025-07-07 12:06:26,482] [INFO] [_sm_handler.py::43] Current state: ready
[2025-07-07 12:06:26,484] [INFO] [_sm_handler.py::43] Current state: ready
[2025-07-07 12:06:26,492] [INFO] [_sm_handler.py::43] Current state: ready
[2025-07-07 12:06:26,494] [INFO] [_sm_handler.py::43] Current state: ready
[2025-07-07 12:06:26,496] [INFO] [_sm_handler.py::43] Current state: ready
[2025-07-07 12:06:26,511] [INFO] [_sm_handler.py::43] Current state: ready
[2025-07-07 12:06:26,515] [INFO] [_sm_handler.py::43] Current state: ready
[2025-07-07 12:06:26,517] [INFO] [_sm_handler.py::43] Current state: ready
[2025-07-07 12:06:26,531] [INFO] [_sm_handler.py::43] Current state: ready
[2025-07-07 12:06:26,533] [INFO] [_sm_handler.py::43] Current state: ready
[2025-07-07 12:06:26,535] [INFO] [_sm_handler.py::43] Current state: ready
[2025-07-07 12:06:26,537] [INFO] [_sm_handler.py::43] Current state: ready
[2025-07-07 12:06:26,545] [INFO] [_sm_handler.py::43] Current state: ready
[2025-07-07 12:06:26,547] [INFO] [_sm_handler.py::43] Current state: ready
[2025-07-07 12:06:26,549] [INFO] [_sm_handler.py::43] Current state: ready
[2025-07-07 12:06:26,564] [INFO] [_sm_handler.py::43] Current state: ready
[2025-07-07 12:06:26,568] [INFO] [_sm_handler.py::43] Current state: ready
[2025-07-07 12:06:26,571] [INFO] [_sm_handler.py::43] Current state: ready
[2025-07-07 12:06:26,583] [INFO] [_sm_handler.py::43] Current state: ready
[2025-07-07 12:06:26,586] [INFO] [_sm_handler.py::43] Current state: ready
[2025-07-07 12:06:26,590] [INFO] [_sm_handler.py::43] Current state: ready
[2025-07-07 12:06:26,594] [INFO] [_sm_handler.py::43] Current state: ready
[2025-07-07 12:06:26,598] [INFO] [_sm_handler.py::43] Current state: ready
[2025-07-07 12:06:26,602] [INFO] [_sm_handler.py::43] Current state: ready
[2025-07-07 12:06:26,607] [INFO] [_sm_handler.py::43] Current state: ready
[2025-07-07 12:06:26,617] [INFO] [_sm_handler.py::43] Current state: ready
[2025-07-07 12:06:26,621] [INFO] [_sm_handler.py::43] Current state: ready
[2025-07-07 12:06:26,626] [INFO] [_sm_handler.py::43] Current state: ready
[2025-07-07 12:06:26,636] [INFO] [_sm_handler.py::43] Current state: ready
[2025-07-07 12:06:26,641] [INFO] [_sm_handler.py::43] Current state: ready
[2025-07-07 12:06:26,645] [INFO] [_sm_handler.py::43] Current state: ready
[2025-07-07 12:06:26,649] [INFO] [_sm_handler.py::43] Current state: ready
[2025-07-07 12:06:26,653] [INFO] [_sm_handler.py::43] Current state: ready
[2025-07-07 12:06:26,657] [INFO] [_sm_handler.py::43] Current state: ready
[2025-07-07 12:06:26,661] [INFO] [_sm_handler.py::43] Current state: ready
[2025-07-07 12:06:26,671] [INFO] [_sm_handler.py::43] Current state: ready
[2025-07-07 12:06:26,675] [INFO] [_sm_handler.py::43] Current state: ready
[2025-07-07 12:06:26,680] [INFO] [_sm_handler.py::43] Current state: ready
[2025-07-07 12:06:26,690] [INFO] [_sm_handler.py::43] Current state: ready
[2025-07-07 12:06:26,695] [INFO] [_sm_handler.py::43] Current state: ready
[2025-07-07 12:06:26,699] [INFO] [_sm_handler.py::43] Current state: ready
[2025-07-07 12:06:26,702] [INFO] [_sm_handler.py::43] Current state: ready
[2025-07-07 12:06:26,705] [INFO] [_sm_handler.py::43] Current state: ready
[2025-07-07 12:06:26,710] [INFO] [_sm_handler.py::43] Current state: ready
[2025-07-07 12:06:26,714] [INFO] [_sm_handler.py::43] Current state: ready
[2025-07-07 12:06:26,724] [INFO] [_sm_handler.py::43] Current state: ready
[2025-07-07 12:06:26,728] [INFO] [_sm_handler.py::43] Current state: ready
[2025-07-07 12:06:26,732] [INFO] [_sm_handler.py::43] Current state: ready
[2025-07-07 12:06:26,742] [INFO] [_sm_handler.py::43] Current state: ready
[2025-07-07 12:06:26,747] [INFO] [_sm_handler.py::43] Current state: ready
[2025-07-07 12:06:26,751] [INFO] [_sm_handler.py::43] Current state: ready
[2025-07-07 12:06:26,754] [INFO] [_sm_handler.py::43] Current state: ready
[2025-07-07 12:06:26,757] [INFO] [_sm_handler.py::43] Current state: ready
[2025-07-07 12:06:26,762] [INFO] [_sm_handler.py::43] Current state: ready
[2025-07-07 12:06:26,766] [INFO] [_sm_handler.py::43] Current state: ready
[2025-07-07 12:06:26,776] [INFO] [_sm_handler.py::43] Current state: ready
[2025-07-07 12:06:26,780] [INFO] [_sm_handler.py::43] Current state: ready
[2025-07-07 12:06:26,784] [INFO] [_sm_handler.py::43] Current state: ready
[2025-07-07 12:06:26,795] [INFO] [_sm_handler.py::43] Current state: ready
[2025-07-07 12:06:26,800] [INFO] [_sm_handler.py::43] Current state: ready
[2025-07-07 12:06:26,804] [INFO] [_sm_handler.py::43] Current state: ready
[2025-07-07 12:06:26,807] [INFO] [_sm_handler.py::43] Current state: ready
[2025-07-07 12:06:26,810] [INFO] [_sm_handler.py::43] Current state: ready
[2025-07-07 12:06:26,814] [INFO] [_sm_handler.py::43] Current state: ready
[2025-07-07 12:06:26,818] [INFO] [_sm_handler.py::43] Current state: ready
[2025-07-07 12:06:26,829] [INFO] [_sm_handler.py::43] Current state: ready
[2025-07-07 12:06:26,833] [INFO] [_sm_handler.py::43] Current state: ready
[2025-07-07 12:06:26,837] [INFO] [_sm_handler.py::43] Current state: ready
[2025-07-07 12:06:26,848] [INFO] [_sm_handler.py::43] Current state: ready
[2025-07-07 12:06:26,853] [INFO] [_sm_handler.py::43] Current state: ready
[2025-07-07 12:06:26,857] [INFO] [_sm_handler.py::43] Current state: ready
[2025-07-07 12:06:26,859] [INFO] [_sm_handler.py::43] Current state: ready
[2025-07-07 12:06:26,861] [INFO] [_sm_handler.py::43] Current state: ready
[2025-07-07 12:06:26,867] [INFO] [_sm_handler.py::43] Current state: ready
[2025-07-07 12:06:26,871] [INFO] [_sm_handler.py::43] Current state: ready
[2025-07-07 12:06:26,881] [INFO] [_sm_handler.py::43] Current state: ready
[2025-07-07 12:06:26,885] [INFO] [_sm_handler.py::43] Current state: ready
[2025-07-07 12:06:26,889] [INFO] [_sm_handler.py::43] Current state: ready
[2025-07-07 12:06:26,901] [INFO] [_sm_handler.py::43] Current state: ready
[2025-07-07 12:06:26,906] [INFO] [_sm_handler.py::43] Current state: ready
[2025-07-07 12:06:26,910] [INFO] [_sm_handler.py::43] Current state: ready
[2025-07-07 12:06:26,911] [INFO] [_sm_handler.py::43] Current state: ready
[2025-07-07 12:06:26,913] [INFO] [_sm_handler.py::43] Current state: ready
[2025-07-07 12:06:26,920] [INFO] [_sm_handler.py::43] Current state: ready
[2025-07-07 12:06:26,924] [INFO] [_sm_handler.py::43] Current state: ready
[2025-07-07 12:06:26,934] [INFO] [_sm_handler.py::43] Current state: ready
[2025-07-07 12:06:26,938] [INFO] [_sm_handler.py::43] Current state: ready
[2025-07-07 12:06:26,942] [INFO] [_sm_handler.py::43] Current state: ready
[2025-07-07 12:06:26,953] [INFO] [_sm_handler.py::43] Current state: ready
[2025-07-07 12:06:26,958] [INFO] [_sm_handler.py::43] Current state: ready
[2025-07-07 12:06:26,962] [INFO] [_sm_handler.py::43] Current state: ready
[2025-07-07 12:06:26,964] [INFO] [_sm_handler.py::43] Current state: ready
[2025-07-07 12:06:26,966] [INFO] [_sm_handler.py::43] Current state: ready
[2025-07-07 12:06:26,973] [INFO] [_sm_handler.py::43] Current state: ready
[2025-07-07 12:06:26,976] [INFO] [_sm_handler.py::43] Current state: ready
[2025-07-07 12:06:26,987] [INFO] [_sm_handler.py::43] Current state: ready
[2025-07-07 12:06:26,991] [INFO] [_sm_handler.py::43] Current state: ready
[2025-07-07 12:06:26,995] [INFO] [_sm_handler.py::43] Current state: ready
[2025-07-07 12:06:27,006] [INFO] [_sm_handler.py::43] Current state: ready
[2025-07-07 12:06:27,011] [INFO] [_sm_handler.py::43] Current state: ready
[2025-07-07 12:06:27,015] [INFO] [_sm_handler.py::43] Current state: ready
[2025-07-07 12:06:27,017] [INFO] [_sm_handler.py::43] Current state: ready
[2025-07-07 12:06:27,019] [INFO] [_sm_handler.py::43] Current state: ready
[2025-07-07 12:06:27,026] [INFO] [_sm_handler.py::43] Current state: ready
[2025-07-07 12:06:27,028] [INFO] [_sm_handler.py::43] Current state: ready
[2025-07-07 12:06:27,039] [INFO] [_sm_handler.py::43] Current state: ready
[2025-07-07 12:06:27,044] [INFO] [_sm_handler.py::43] Current state: ready
[2025-07-07 12:06:27,047] [INFO] [_sm_handler.py::43] Current state: ready
[2025-07-07 12:06:27,059] [INFO] [_sm_handler.py::43] Current state: ready
[2025-07-07 12:06:27,064] [INFO] [_sm_handler.py::43] Current state: ready
[2025-07-07 12:06:27,068] [INFO] [_sm_handler.py::43] Current state: ready
[2025-07-07 12:06:27,070] [INFO] [_sm_handler.py::43] Current state: ready
[2025-07-07 12:06:27,072] [INFO] [_sm_handler.py::43] Current state: ready
[2025-07-07 12:06:27,079] [INFO] [_sm_handler.py::43] Current state: ready
[2025-07-07 12:06:27,081] [INFO] [_sm_handler.py::43] Current state: ready
[2025-07-07 12:06:27,092] [INFO] [_sm_handler.py::43] Current state: ready
[2025-07-07 12:06:27,097] [INFO] [_sm_handler.py::43] Current state: ready
[2025-07-07 12:06:27,099] [INFO] [_sm_handler.py::43] Current state: ready
[2025-07-07 12:06:27,112] [INFO] [_sm_handler.py::43] Current state: ready
[2025-07-07 12:06:27,117] [INFO] [_sm_handler.py::43] Current state: ready
[2025-07-07 12:06:27,121] [INFO] [_sm_handler.py::43] Current state: ready
[2025-07-07 12:06:27,123] [INFO] [_sm_handler.py::43] Current state: ready
[2025-07-07 12:06:27,125] [INFO] [_sm_handler.py::43] Current state: ready
[2025-07-07 12:06:27,132] [INFO] [_sm_handler.py::43] Current state: ready
[2025-07-07 12:06:27,134] [INFO] [_sm_handler.py::43] Current state: ready
[2025-07-07 12:06:27,145] [INFO] [_sm_handler.py::43] Current state: ready
[2025-07-07 12:06:27,149] [INFO] [_sm_handler.py::43] Current state: ready
[2025-07-07 12:06:27,153] [INFO] [_sm_handler.py::43] Current state: ready
[2025-07-07 12:06:27,164] [INFO] [_sm_handler.py::43] Current state: ready
[2025-07-07 12:06:27,169] [INFO] [_sm_handler.py::43] Current state: ready
[2025-07-07 12:06:27,173] [INFO] [_sm_handler.py::43] Current state: ready
[2025-07-07 12:06:27,176] [INFO] [_sm_handler.py::43] Current state: ready
[2025-07-07 12:06:27,181] [INFO] [_sm_handler.py::43] Current state: ready
[2025-07-07 12:06:27,185] [INFO] [_sm_handler.py::43] Current state: ready
[2025-07-07 12:06:27,190] [INFO] [_sm_handler.py::43] Current state: ready
[2025-07-07 12:06:27,199] [INFO] [_sm_handler.py::43] Current state: ready
[2025-07-07 12:06:27,204] [INFO] [_sm_handler.py::43] Current state: ready
[2025-07-07 12:06:27,207] [INFO] [_sm_handler.py::43] Current state: ready
[2025-07-07 12:06:27,217] [INFO] [_sm_handler.py::43] Current state: ready
[2025-07-07 12:06:27,223] [INFO] [_sm_handler.py::43] Current state: ready
[2025-07-07 12:06:27,227] [INFO] [_sm_handler.py::43] Current state: ready
[2025-07-07 12:06:27,232] [INFO] [_sm_handler.py::43] Current state: ready
[2025-07-07 12:06:27,236] [INFO] [_sm_handler.py::43] Current state: ready
[2025-07-07 12:06:27,240] [INFO] [_sm_handler.py::43] Current state: ready
[2025-07-07 12:06:27,244] [INFO] [_sm_handler.py::43] Current state: ready
[2025-07-07 12:06:27,253] [INFO] [_sm_handler.py::43] Current state: ready
[2025-07-07 12:06:27,258] [INFO] [_sm_handler.py::43] Current state: ready
[2025-07-07 12:06:27,261] [INFO] [_sm_handler.py::43] Current state: ready
[2025-07-07 12:06:27,271] [INFO] [_sm_handler.py::43] Current state: ready
[2025-07-07 12:06:27,278] [INFO] [_sm_handler.py::43] Current state: ready
[2025-07-07 12:06:27,281] [INFO] [_sm_handler.py::43] Current state: ready
[2025-07-07 12:06:27,285] [INFO] [_sm_handler.py::43] Current state: ready
[2025-07-07 12:06:27,289] [INFO] [_sm_handler.py::43] Current state: ready
[2025-07-07 12:06:27,293] [INFO] [_sm_handler.py::43] Current state: ready
[2025-07-07 12:06:27,297] [INFO] [_sm_handler.py::43] Current state: ready
[2025-07-07 12:06:27,305] [INFO] [_sm_handler.py::43] Current state: ready
[2025-07-07 12:06:27,311] [INFO] [_sm_handler.py::43] Current state: ready
[2025-07-07 12:06:27,314] [INFO] [_sm_handler.py::43] Current state: ready
[2025-07-07 12:06:27,324] [INFO] [_sm_handler.py::43] Current state: ready
[2025-07-07 12:06:27,330] [INFO] [_sm_handler.py::43] Current state: ready
[2025-07-07 12:06:27,333] [INFO] [_sm_handler.py::43] Current state: ready
[2025-07-07 12:06:27,337] [INFO] [_sm_handler.py::43] Current state: ready
[2025-07-07 12:06:27,342] [INFO] [_sm_handler.py::43] Current state: ready
[2025-07-07 12:06:27,345] [INFO] [_sm_handler.py::43] Current state: ready
[2025-07-07 12:06:27,349] [INFO] [_sm_handler.py::43] Current state: ready
[2025-07-07 12:06:27,357] [INFO] [_sm_handler.py::43] Current state: ready
[2025-07-07 12:06:27,364] [INFO] [_sm_handler.py::43] Current state: ready
[2025-07-07 12:06:27,367] [INFO] [_sm_handler.py::43] Current state: ready
[2025-07-07 12:06:27,377] [INFO] [_sm_handler.py::43] Current state: ready
[2025-07-07 12:06:27,383] [INFO] [_sm_handler.py::43] Current state: ready
[2025-07-07 12:06:27,385] [INFO] [_sm_handler.py::43] Current state: ready
[2025-07-07 12:06:27,391] [INFO] [_sm_handler.py::43] Current state: ready
[2025-07-07 12:06:27,394] [INFO] [_sm_handler.py::43] Current state: ready
[2025-07-07 12:06:27,397] [INFO] [_sm_handler.py::43] Current state: ready
[2025-07-07 12:06:27,402] [INFO] [_sm_handler.py::43] Current state: ready
[2025-07-07 12:06:27,410] [INFO] [_sm_handler.py::43] Current state: ready
[2025-07-07 12:06:27,417] [INFO] [_sm_handler.py::43] Current state: ready
[2025-07-07 12:06:27,419] [INFO] [_sm_handler.py::43] Current state: ready
[2025-07-07 12:06:27,430] [INFO] [_sm_handler.py::43] Current state: ready
[2025-07-07 12:06:27,435] [INFO] [_sm_handler.py::43] Current state: ready
[2025-07-07 12:06:27,437] [INFO] [_sm_handler.py::43] Current state: ready
[2025-07-07 12:06:27,444] [INFO] [_sm_handler.py::43] Current state: ready
[2025-07-07 12:06:27,446] [INFO] [_sm_handler.py::43] Current state: ready
[2025-07-07 12:06:27,450] [INFO] [_sm_handler.py::43] Current state: ready
[2025-07-07 12:06:27,455] [INFO] [_sm_handler.py::43] Current state: ready
[2025-07-07 12:06:27,463] [INFO] [_sm_handler.py::43] Current state: ready
[2025-07-07 12:06:27,470] [INFO] [_sm_handler.py::43] Current state: ready
[2025-07-07 12:06:27,472] [INFO] [_sm_handler.py::43] Current state: ready
[2025-07-07 12:06:27,483] [INFO] [_sm_handler.py::43] Current state: ready
[2025-07-07 12:06:27,488] [INFO] [_sm_handler.py::43] Current state: ready
[2025-07-07 12:06:27,490] [INFO] [_sm_handler.py::43] Current state: ready
[2025-07-07 12:06:27,497] [INFO] [_sm_handler.py::43] Current state: ready
[2025-07-07 12:06:27,499] [INFO] [_sm_handler.py::43] Current state: ready
[2025-07-07 12:06:27,503] [INFO] [_sm_handler.py::43] Current state: ready
[2025-07-07 12:06:27,508] [INFO] [_sm_handler.py::43] Current state: ready
[2025-07-07 12:06:27,516] [INFO] [_sm_handler.py::43] Current state: ready
[2025-07-07 12:06:27,522] [INFO] [_sm_handler.py::43] Current state: ready
[2025-07-07 12:06:27,524] [INFO] [_sm_handler.py::43] Current state: ready
[2025-07-07 12:06:27,535] [INFO] [_sm_handler.py::43] Current state: ready
[2025-07-07 12:06:27,541] [INFO] [_sm_handler.py::43] Current state: ready
[2025-07-07 12:06:27,543] [INFO] [_sm_handler.py::43] Current state: ready
[2025-07-07 12:06:27,550] [INFO] [_sm_handler.py::43] Current state: ready
[2025-07-07 12:06:27,552] [INFO] [_sm_handler.py::43] Current state: ready
[2025-07-07 12:06:27,556] [INFO] [_sm_handler.py::43] Current state: ready
[2025-07-07 12:06:27,561] [INFO] [_sm_handler.py::43] Current state: ready
[2025-07-07 12:06:27,569] [INFO] [_sm_handler.py::43] Current state: ready
[2025-07-07 12:06:27,575] [INFO] [_sm_handler.py::43] Current state: ready
[2025-07-07 12:06:27,577] [INFO] [_sm_handler.py::43] Current state: ready
[2025-07-07 12:06:27,588] [INFO] [_sm_handler.py::43] Current state: ready
[2025-07-07 12:06:27,593] [INFO] [_sm_handler.py::43] Current state: ready
[2025-07-07 12:06:27,595] [INFO] [_sm_handler.py::43] Current state: ready
[2025-07-07 12:06:27,602] [INFO] [_sm_handler.py::43] Current state: ready
[2025-07-07 12:06:27,605] [INFO] [_sm_handler.py::43] Current state: ready
[2025-07-07 12:06:27,609] [INFO] [_sm_handler.py::43] Current state: ready
[2025-07-07 12:06:27,614] [INFO] [_sm_handler.py::43] Current state: ready
[2025-07-07 12:06:27,622] [INFO] [_sm_handler.py::43] Current state: ready
[2025-07-07 12:06:27,628] [INFO] [_sm_handler.py::43] Current state: ready
[2025-07-07 12:06:27,630] [INFO] [_sm_handler.py::43] Current state: ready
[2025-07-07 12:06:27,641] [INFO] [_sm_handler.py::43] Current state: ready
[2025-07-07 12:06:27,646] [INFO] [_sm_handler.py::43] Current state: ready
[2025-07-07 12:06:27,648] [INFO] [_sm_handler.py::43] Current state: ready
[2025-07-07 12:06:27,656] [INFO] [_sm_handler.py::43] Current state: ready
[2025-07-07 12:06:27,657] [INFO] [_sm_handler.py::43] Current state: ready
[2025-07-07 12:06:27,661] [INFO] [_sm_handler.py::43] Current state: ready
[2025-07-07 12:06:27,666] [INFO] [_sm_handler.py::43] Current state: ready
[2025-07-07 12:06:27,675] [INFO] [_sm_handler.py::43] Current state: ready
[2025-07-07 12:06:27,681] [INFO] [_sm_handler.py::43] Current state: ready
[2025-07-07 12:06:27,683] [INFO] [_sm_handler.py::43] Current state: ready
[2025-07-07 12:06:27,694] [INFO] [_sm_handler.py::43] Current state: ready
[2025-07-07 12:06:27,699] [INFO] [_sm_handler.py::43] Current state: ready
[2025-07-07 12:06:27,701] [INFO] [_sm_handler.py::43] Current state: ready
[2025-07-07 12:06:27,708] [INFO] [_sm_handler.py::43] Current state: ready
[2025-07-07 12:06:27,710] [INFO] [_sm_handler.py::43] Current state: ready
[2025-07-07 12:06:27,714] [INFO] [_sm_handler.py::43] Current state: ready
[2025-07-07 12:06:27,719] [INFO] [_sm_handler.py::43] Current state: ready
[2025-07-07 12:06:27,727] [INFO] [_sm_handler.py::43] Current state: ready
[2025-07-07 12:06:27,733] [INFO] [_sm_handler.py::43] Current state: ready
[2025-07-07 12:06:27,740] [INFO] [_sm_handler.py::43] Current state: ready
[2025-07-07 12:06:27,746] [INFO] [_sm_handler.py::43] Current state: ready
[2025-07-07 12:06:27,752] [INFO] [_sm_handler.py::43] Current state: ready
[2025-07-07 12:06:27,758] [INFO] [_sm_handler.py::43] Current state: ready
[2025-07-07 12:06:27,764] [INFO] [_sm_handler.py::43] Current state: ready
[2025-07-07 12:06:27,771] [INFO] [_sm_handler.py::43] Current state: ready
[2025-07-07 12:06:27,777] [INFO] [_sm_handler.py::43] Current state: ready
[2025-07-07 12:06:27,784] [INFO] [_sm_handler.py::43] Current state: ready
[2025-07-07 12:06:27,789] [INFO] [_sm_handler.py::43] Current state: ready
[2025-07-07 12:06:27,796] [INFO] [_sm_handler.py::43] Current state: ready
[2025-07-07 12:06:27,801] [INFO] [_sm_handler.py::43] Current state: ready
[2025-07-07 12:06:27,808] [INFO] [_sm_handler.py::43] Current state: ready
[2025-07-07 12:06:27,810] [INFO] [_sm_handler.py::43] Current state: ready
[2025-07-07 12:06:27,815] [INFO] [_sm_handler.py::43] Current state: ready
[2025-07-07 12:06:27,821] [INFO] [_sm_handler.py::43] Current state: ready
[2025-07-07 12:06:27,828] [INFO] [_sm_handler.py::43] Current state: ready
[2025-07-07 12:06:27,833] [INFO] [_sm_handler.py::43] Current state: ready
[2025-07-07 12:06:27,839] [INFO] [_sm_handler.py::43] Current state: ready
[2025-07-07 12:06:27,846] [INFO] [_sm_handler.py::43] Current state: ready
[2025-07-07 12:06:27,851] [INFO] [_sm_handler.py::43] Current state: ready
[2025-07-07 12:06:27,859] [INFO] [_sm_handler.py::43] Current state: ready
[2025-07-07 12:06:27,861] [INFO] [_sm_handler.py::43] Current state: ready
[2025-07-07 12:06:27,863] [INFO] [_sm_handler.py::43] Current state: ready
[2025-07-07 12:06:27,868] [INFO] [_sm_handler.py::43] Current state: ready
[2025-07-07 12:06:27,874] [INFO] [_sm_handler.py::43] Current state: ready
[2025-07-07 12:06:27,881] [INFO] [_sm_handler.py::43] Current state: ready
[2025-07-07 12:06:27,885] [INFO] [_sm_handler.py::43] Current state: ready
[2025-07-07 12:06:27,892] [INFO] [_sm_handler.py::43] Current state: ready
[2025-07-07 12:06:27,899] [INFO] [_sm_handler.py::43] Current state: ready
[2025-07-07 12:06:27,904] [INFO] [_sm_handler.py::43] Current state: ready
[2025-07-07 12:06:27,911] [INFO] [_sm_handler.py::43] Current state: ready
[2025-07-07 12:06:27,913] [INFO] [_sm_handler.py::43] Current state: ready
[2025-07-07 12:06:27,915] [INFO] [_sm_handler.py::43] Current state: ready
[2025-07-07 12:06:27,920] [INFO] [_sm_handler.py::43] Current state: ready
[2025-07-07 12:06:27,926] [INFO] [_sm_handler.py::43] Current state: ready
[2025-07-07 12:06:27,933] [INFO] [_sm_handler.py::43] Current state: ready
[2025-07-07 12:06:27,938] [INFO] [_sm_handler.py::43] Current state: ready
[2025-07-07 12:06:27,944] [INFO] [_sm_handler.py::43] Current state: ready
[2025-07-07 12:06:27,951] [INFO] [_sm_handler.py::43] Current state: ready
[2025-07-07 12:06:27,956] [INFO] [_sm_handler.py::43] Current state: ready
[2025-07-07 12:06:27,963] [INFO] [_sm_handler.py::43] Current state: ready
[2025-07-07 12:06:27,965] [INFO] [_sm_handler.py::43] Current state: ready
[2025-07-07 12:06:27,967] [INFO] [_sm_handler.py::43] Current state: ready
[2025-07-07 12:06:27,972] [INFO] [_sm_handler.py::43] Current state: ready
[2025-07-07 12:06:27,978] [INFO] [_sm_handler.py::43] Current state: ready
[2025-07-07 12:06:27,986] [INFO] [_sm_handler.py::43] Current state: ready
[2025-07-07 12:06:27,991] [INFO] [_sm_handler.py::43] Current state: ready
[2025-07-07 12:06:27,996] [INFO] [_sm_handler.py::43] Current state: ready
[2025-07-07 12:06:28,003] [INFO] [_sm_handler.py::43] Current state: ready
[2025-07-07 12:06:28,008] [INFO] [_sm_handler.py::43] Current state: ready
[2025-07-07 12:06:28,015] [INFO] [_sm_handler.py::43] Current state: ready
[2025-07-07 12:06:28,018] [INFO] [_sm_handler.py::43] Current state: ready
[2025-07-07 12:06:28,019] [INFO] [_sm_handler.py::43] Current state: ready
[2025-07-07 12:06:28,024] [INFO] [_sm_handler.py::43] Current state: ready
[2025-07-07 12:06:28,031] [INFO] [_sm_handler.py::43] Current state: ready
[2025-07-07 12:06:28,038] [INFO] [_sm_handler.py::43] Current state: ready
[2025-07-07 12:06:28,043] [INFO] [_sm_handler.py::43] Current state: ready
[2025-07-07 12:06:28,048] [INFO] [_sm_handler.py::43] Current state: ready
[2025-07-07 12:06:28,056] [INFO] [_sm_handler.py::43] Current state: ready
[2025-07-07 12:06:28,061] [INFO] [_sm_handler.py::43] Current state: ready
[2025-07-07 12:06:28,068] [INFO] [_sm_handler.py::43] Current state: ready
[2025-07-07 12:06:28,070] [INFO] [_sm_handler.py::43] Current state: ready
[2025-07-07 12:06:28,072] [INFO] [_sm_handler.py::43] Current state: ready
[2025-07-07 12:06:28,077] [INFO] [_sm_handler.py::43] Current state: ready
[2025-07-07 12:06:28,083] [INFO] [_sm_handler.py::43] Current state: ready
[2025-07-07 12:06:28,091] [INFO] [_sm_handler.py::43] Current state: ready
[2025-07-07 12:06:28,096] [INFO] [_sm_handler.py::43] Current state: ready
[2025-07-07 12:06:28,101] [INFO] [_sm_handler.py::43] Current state: ready
[2025-07-07 12:06:28,108] [INFO] [_sm_handler.py::43] Current state: ready
[2025-07-07 12:06:28,114] [INFO] [_sm_handler.py::43] Current state: ready
[2025-07-07 12:06:28,120] [INFO] [_sm_handler.py::43] Current state: ready
[2025-07-07 12:06:28,122] [INFO] [_sm_handler.py::43] Current state: ready
[2025-07-07 12:06:28,124] [INFO] [_sm_handler.py::43] Current state: ready
[2025-07-07 12:06:28,129] [INFO] [_sm_handler.py::43] Current state: ready
[2025-07-07 12:06:28,136] [INFO] [_sm_handler.py::43] Current state: ready
[2025-07-07 12:06:28,143] [INFO] [_sm_handler.py::43] Current state: ready
[2025-07-07 12:06:28,148] [INFO] [_sm_handler.py::43] Current state: ready
[2025-07-07 12:06:28,153] [INFO] [_sm_handler.py::43] Current state: ready
[2025-07-07 12:06:28,160] [INFO] [_sm_handler.py::43] Current state: ready
[2025-07-07 12:06:28,166] [INFO] [_sm_handler.py::43] Current state: ready
[2025-07-07 12:06:28,172] [INFO] [_sm_handler.py::43] Current state: ready
[2025-07-07 12:06:28,175] [INFO] [_sm_handler.py::43] Current state: ready
[2025-07-07 12:06:28,176] [INFO] [_sm_handler.py::43] Current state: ready
[2025-07-07 12:06:28,182] [INFO] [_sm_handler.py::43] Current state: ready
[2025-07-07 12:06:28,189] [INFO] [_sm_handler.py::43] Current state: ready
[2025-07-07 12:06:28,196] [INFO] [_sm_handler.py::43] Current state: ready
[2025-07-07 12:06:28,201] [INFO] [_sm_handler.py::43] Current state: ready
[2025-07-07 12:06:28,206] [INFO] [_sm_handler.py::43] Current state: ready
[2025-07-07 12:06:28,213] [INFO] [_sm_handler.py::43] Current state: ready
[2025-07-07 12:06:28,219] [INFO] [_sm_handler.py::43] Current state: ready
[2025-07-07 12:06:28,225] [INFO] [_sm_handler.py::43] Current state: ready
[2025-07-07 12:06:28,227] [INFO] [_sm_handler.py::43] Current state: ready
[2025-07-07 12:06:28,229] [INFO] [_sm_handler.py::43] Current state: ready
[2025-07-07 12:06:28,235] [INFO] [_sm_handler.py::43] Current state: ready
[2025-07-07 12:06:28,242] [INFO] [_sm_handler.py::43] Current state: ready
[2025-07-07 12:06:28,249] [INFO] [_sm_handler.py::43] Current state: ready
[2025-07-07 12:06:28,254] [INFO] [_sm_handler.py::43] Current state: ready
[2025-07-07 12:06:28,259] [INFO] [_sm_handler.py::43] Current state: ready
[2025-07-07 12:06:28,266] [INFO] [_sm_handler.py::43] Current state: ready
[2025-07-07 12:06:28,272] [INFO] [_sm_handler.py::43] Current state: ready
[2025-07-07 12:06:28,278] [INFO] [_sm_handler.py::43] Current state: ready
[2025-07-07 12:06:28,280] [INFO] [_sm_handler.py::43] Current state: ready
[2025-07-07 12:06:28,282] [INFO] [_sm_handler.py::43] Current state: ready
[2025-07-07 12:06:28,288] [INFO] [_sm_handler.py::43] Current state: ready
[2025-07-07 12:06:28,294] [INFO] [_sm_handler.py::43] Current state: ready
[2025-07-07 12:06:28,302] [INFO] [_sm_handler.py::43] Current state: ready
[2025-07-07 12:06:28,307] [INFO] [_sm_handler.py::43] Current state: ready
[2025-07-07 12:06:28,312] [INFO] [_sm_handler.py::43] Current state: ready
[2025-07-07 12:06:28,319] [INFO] [_sm_handler.py::43] Current state: ready
[2025-07-07 12:06:28,325] [INFO] [_sm_handler.py::43] Current state: ready
[2025-07-07 12:06:28,331] [INFO] [_sm_handler.py::43] Current state: ready
[2025-07-07 12:06:28,333] [INFO] [_sm_handler.py::43] Current state: ready
[2025-07-07 12:06:28,335] [INFO] [_sm_handler.py::43] Current state: ready
[2025-07-07 12:06:28,341] [INFO] [_sm_handler.py::43] Current state: ready
[2025-07-07 12:06:28,347] [INFO] [_sm_handler.py::43] Current state: ready
[2025-07-07 12:06:28,354] [INFO] [_sm_handler.py::43] Current state: ready
[2025-07-07 12:06:28,359] [INFO] [_sm_handler.py::43] Current state: ready
[2025-07-07 12:06:28,364] [INFO] [_sm_handler.py::43] Current state: ready
[2025-07-07 12:06:28,372] [INFO] [_sm_handler.py::43] Current state: ready
[2025-07-07 12:06:28,378] [INFO] [_sm_handler.py::43] Current state: ready
[2025-07-07 12:06:28,383] [INFO] [_sm_handler.py::43] Current state: ready
[2025-07-07 12:06:28,386] [INFO] [_sm_handler.py::43] Current state: ready
[2025-07-07 12:06:28,387] [INFO] [_sm_handler.py::43] Current state: ready
[2025-07-07 12:06:28,394] [INFO] [_sm_handler.py::43] Current state: ready
[2025-07-07 12:06:28,400] [INFO] [_sm_handler.py::43] Current state: ready
[2025-07-07 12:06:28,406] [INFO] [_sm_handler.py::43] Current state: ready
[2025-07-07 12:06:28,411] [INFO] [_sm_handler.py::43] Current state: ready
[2025-07-07 12:06:28,417] [INFO] [_sm_handler.py::43] Current state: ready
[2025-07-07 12:06:28,425] [INFO] [_sm_handler.py::43] Current state: ready
[2025-07-07 12:06:28,431] [INFO] [_sm_handler.py::43] Current state: ready
[2025-07-07 12:06:28,437] [INFO] [_sm_handler.py::43] Current state: ready
[2025-07-07 12:06:28,439] [INFO] [_sm_handler.py::43] Current state: ready
[2025-07-07 12:06:28,441] [INFO] [_sm_handler.py::43] Current state: ready
[2025-07-07 12:06:28,448] [INFO] [_sm_handler.py::43] Current state: ready
[2025-07-07 12:06:28,453] [INFO] [_sm_handler.py::43] Current state: ready
[2025-07-07 12:06:28,459] [INFO] [_sm_handler.py::43] Current state: ready
[2025-07-07 12:06:28,464] [INFO] [_sm_handler.py::43] Current state: ready
[2025-07-07 12:06:28,470] [INFO] [_sm_handler.py::43] Current state: ready
[2025-07-07 12:06:28,478] [INFO] [_sm_handler.py::43] Current state: ready
[2025-07-07 12:06:28,484] [INFO] [_sm_handler.py::43] Current state: ready
[2025-07-07 12:06:28,490] [INFO] [_sm_handler.py::43] Current state: ready
[2025-07-07 12:06:28,492] [INFO] [_sm_handler.py::43] Current state: ready
[2025-07-07 12:06:28,493] [INFO] [_sm_handler.py::43] Current state: ready
[2025-07-07 12:06:28,500] [INFO] [_sm_handler.py::43] Current state: ready
[2025-07-07 12:06:28,506] [INFO] [_sm_handler.py::43] Current state: ready
[2025-07-07 12:06:28,512] [INFO] [_sm_handler.py::43] Current state: ready
[2025-07-07 12:06:28,517] [INFO] [_sm_handler.py::43] Current state: ready
[2025-07-07 12:06:28,523] [INFO] [_sm_handler.py::43] Current state: ready
[2025-07-07 12:06:28,531] [INFO] [_sm_handler.py::43] Current state: ready
[2025-07-07 12:06:28,537] [INFO] [_sm_handler.py::43] Current state: ready
[2025-07-07 12:06:28,542] [INFO] [_sm_handler.py::43] Current state: ready
[2025-07-07 12:06:28,544] [INFO] [_sm_handler.py::43] Current state: ready
[2025-07-07 12:06:28,546] [INFO] [_sm_handler.py::43] Current state: ready
[2025-07-07 12:06:28,553] [INFO] [_sm_handler.py::43] Current state: ready
[2025-07-07 12:06:28,558] [INFO] [_sm_handler.py::43] Current state: ready
[2025-07-07 12:06:28,565] [INFO] [_sm_handler.py::43] Current state: ready
[2025-07-07 12:06:28,570] [INFO] [_sm_handler.py::43] Current state: ready
[2025-07-07 12:06:28,576] [INFO] [_sm_handler.py::43] Current state: ready
[2025-07-07 12:06:28,584] [INFO] [_sm_handler.py::43] Current state: ready
[2025-07-07 12:06:28,590] [INFO] [_sm_handler.py::43] Current state: ready
[2025-07-07 12:06:28,595] [INFO] [_sm_handler.py::43] Current state: ready
[2025-07-07 12:06:28,597] [INFO] [_sm_handler.py::43] Current state: ready
[2025-07-07 12:06:28,599] [INFO] [_sm_handler.py::43] Current state: ready
[2025-07-07 12:06:28,606] [INFO] [_sm_handler.py::43] Current state: ready
[2025-07-07 12:06:28,611] [INFO] [_sm_handler.py::43] Current state: ready
[2025-07-07 12:06:28,617] [INFO] [_sm_handler.py::43] Current state: ready
[2025-07-07 12:06:28,623] [INFO] [_sm_handler.py::43] Current state: ready
[2025-07-07 12:06:28,629] [INFO] [_sm_handler.py::43] Current state: ready
[2025-07-07 12:06:28,637] [INFO] [_sm_handler.py::43] Current state: ready
[2025-07-07 12:06:28,643] [INFO] [_sm_handler.py::43] Current state: ready
[2025-07-07 12:06:28,648] [INFO] [_sm_handler.py::43] Current state: ready
[2025-07-07 12:06:28,650] [INFO] [_sm_handler.py::43] Current state: ready
[2025-07-07 12:06:28,652] [INFO] [_sm_handler.py::43] Current state: ready
[2025-07-07 12:06:28,659] [INFO] [_sm_handler.py::43] Current state: ready
[2025-07-07 12:06:28,664] [INFO] [_sm_handler.py::43] Current state: ready
[2025-07-07 12:06:28,671] [INFO] [_sm_handler.py::43] Current state: ready
[2025-07-07 12:06:28,675] [INFO] [_sm_handler.py::43] Current state: ready
[2025-07-07 12:06:28,681] [INFO] [_sm_handler.py::43] Current state: ready
[2025-07-07 12:06:28,689] [INFO] [_sm_handler.py::43] Current state: ready
[2025-07-07 12:06:28,696] [INFO] [_sm_handler.py::43] Current state: ready
[2025-07-07 12:06:28,701] [INFO] [_sm_handler.py::43] Current state: ready
[2025-07-07 12:06:28,703] [INFO] [_sm_handler.py::43] Current state: ready
[2025-07-07 12:06:28,705] [INFO] [_sm_handler.py::43] Current state: ready
[2025-07-07 12:06:28,712] [INFO] [_sm_handler.py::43] Current state: ready
[2025-07-07 12:06:28,717] [INFO] [_sm_handler.py::43] Current state: ready
[2025-07-07 12:06:28,723] [INFO] [_sm_handler.py::43] Current state: ready
[2025-07-07 12:06:28,728] [INFO] [_sm_handler.py::43] Current state: ready
[2025-07-07 12:06:28,734] [INFO] [_sm_handler.py::43] Current state: ready
[2025-07-07 12:06:28,742] [INFO] [_sm_handler.py::43] Current state: ready
[2025-07-07 12:06:28,749] [INFO] [_sm_handler.py::43] Current state: ready
[2025-07-07 12:06:28,754] [INFO] [_sm_handler.py::43] Current state: ready
[2025-07-07 12:06:28,756] [INFO] [_sm_handler.py::43] Current state: ready
[2025-07-07 12:06:28,758] [INFO] [_sm_handler.py::43] Current state: ready
[2025-07-07 12:06:28,765] [INFO] [_sm_handler.py::43] Current state: ready
[2025-07-07 12:06:28,770] [INFO] [_sm_handler.py::43] Current state: ready
[2025-07-07 12:06:28,776] [INFO] [_sm_handler.py::43] Current state: ready
[2025-07-07 12:06:28,780] [INFO] [_sm_handler.py::43] Current state: ready
[2025-07-07 12:06:28,786] [INFO] [_sm_handler.py::43] Current state: ready
[2025-07-07 12:06:28,794] [INFO] [_sm_handler.py::43] Current state: ready
[2025-07-07 12:06:28,802] [INFO] [_sm_handler.py::43] Current state: ready
[2025-07-07 12:06:28,807] [INFO] [_sm_handler.py::43] Current state: ready
[2025-07-07 12:06:28,809] [INFO] [_sm_handler.py::43] Current state: ready
[2025-07-07 12:06:28,811] [INFO] [_sm_handler.py::43] Current state: ready
[2025-07-07 12:06:28,818] [INFO] [_sm_handler.py::43] Current state: ready
[2025-07-07 12:06:28,823] [INFO] [_sm_handler.py::43] Current state: ready
[2025-07-07 12:06:28,829] [INFO] [_sm_handler.py::43] Current state: ready
[2025-07-07 12:06:28,833] [INFO] [_sm_handler.py::43] Current state: ready
[2025-07-07 12:06:28,839] [INFO] [_sm_handler.py::43] Current state: ready
[2025-07-07 12:06:28,847] [INFO] [_sm_handler.py::43] Current state: ready
[2025-07-07 12:06:28,855] [INFO] [_sm_handler.py::43] Current state: ready
[2025-07-07 12:06:28,860] [INFO] [_sm_handler.py::43] Current state: ready
[2025-07-07 12:06:28,862] [INFO] [_sm_handler.py::43] Current state: ready
[2025-07-07 12:06:28,864] [INFO] [_sm_handler.py::43] Current state: ready
[2025-07-07 12:06:28,871] [INFO] [_sm_handler.py::43] Current state: ready
[2025-07-07 12:06:28,876] [INFO] [_sm_handler.py::43] Current state: ready
[2025-07-07 12:06:28,882] [INFO] [_sm_handler.py::43] Current state: ready
[2025-07-07 12:06:28,886] [INFO] [_sm_handler.py::43] Current state: ready
[2025-07-07 12:06:28,892] [INFO] [_sm_handler.py::43] Current state: ready
[2025-07-07 12:06:28,900] [INFO] [_sm_handler.py::43] Current state: ready
[2025-07-07 12:06:28,907] [INFO] [_sm_handler.py::43] Current state: ready
[2025-07-07 12:06:28,912] [INFO] [_sm_handler.py::43] Current state: ready
[2025-07-07 12:06:28,914] [INFO] [_sm_handler.py::43] Current state: ready
[2025-07-07 12:06:28,916] [INFO] [_sm_handler.py::43] Current state: ready
[2025-07-07 12:06:28,923] [INFO] [_sm_handler.py::43] Current state: ready
[2025-07-07 12:06:28,928] [INFO] [_sm_handler.py::43] Current state: ready
[2025-07-07 12:06:28,935] [INFO] [_sm_handler.py::43] Current state: ready
[2025-07-07 12:06:28,939] [INFO] [_sm_handler.py::43] Current state: ready
[2025-07-07 12:06:28,945] [INFO] [_sm_handler.py::43] Current state: ready
[2025-07-07 12:06:28,953] [INFO] [_sm_handler.py::43] Current state: ready
[2025-07-07 12:06:28,960] [INFO] [_sm_handler.py::43] Current state: ready
[2025-07-07 12:06:28,965] [INFO] [_sm_handler.py::43] Current state: ready
[2025-07-07 12:06:28,967] [INFO] [_sm_handler.py::43] Current state: ready
[2025-07-07 12:06:28,969] [INFO] [_sm_handler.py::43] Current state: ready
[2025-07-07 12:06:28,976] [INFO] [_sm_handler.py::43] Current state: ready
[2025-07-07 12:06:28,981] [INFO] [_sm_handler.py::43] Current state: ready
[2025-07-07 12:06:28,987] [INFO] [_sm_handler.py::43] Current state: ready
[2025-07-07 12:06:28,992] [INFO] [_sm_handler.py::43] Current state: ready
[2025-07-07 12:06:28,998] [INFO] [_sm_handler.py::43] Current state: ready
[2025-07-07 12:06:29,006] [INFO] [_sm_handler.py::43] Current state: ready
[2025-07-07 12:06:29,013] [INFO] [_sm_handler.py::43] Current state: ready
[2025-07-07 12:06:29,018] [INFO] [_sm_handler.py::43] Current state: ready
[2025-07-07 12:06:29,020] [INFO] [_sm_handler.py::43] Current state: ready
[2025-07-07 12:06:29,022] [INFO] [_sm_handler.py::43] Current state: ready
[2025-07-07 12:06:29,029] [INFO] [_sm_handler.py::43] Current state: ready
[2025-07-07 12:06:29,034] [INFO] [_sm_handler.py::43] Current state: ready
[2025-07-07 12:06:29,040] [INFO] [_sm_handler.py::43] Current state: ready
[2025-07-07 12:06:29,044] [INFO] [_sm_handler.py::43] Current state: ready
[2025-07-07 12:06:29,050] [INFO] [_sm_handler.py::43] Current state: ready
[2025-07-07 12:06:29,058] [INFO] [_sm_handler.py::43] Current state: ready
[2025-07-07 12:06:29,066] [INFO] [_sm_handler.py::43] Current state: ready
[2025-07-07 12:06:29,071] [INFO] [_sm_handler.py::43] Current state: ready
[2025-07-07 12:06:29,073] [INFO] [_sm_handler.py::43] Current state: ready
[2025-07-07 12:06:29,075] [INFO] [_sm_handler.py::43] Current state: ready
[2025-07-07 12:06:29,082] [INFO] [_sm_handler.py::43] Current state: ready
[2025-07-07 12:06:29,087] [INFO] [_sm_handler.py::43] Current state: ready
[2025-07-07 12:06:29,093] [INFO] [_sm_handler.py::43] Current state: ready
[2025-07-07 12:06:29,097] [INFO] [_sm_handler.py::43] Current state: ready
[2025-07-07 12:06:29,103] [INFO] [_sm_handler.py::43] Current state: ready
[2025-07-07 12:06:29,111] [INFO] [_sm_handler.py::43] Current state: ready
[2025-07-07 12:06:29,118] [INFO] [_sm_handler.py::43] Current state: ready
[2025-07-07 12:06:29,124] [INFO] [_sm_handler.py::43] Current state: ready
[2025-07-07 12:06:29,126] [INFO] [_sm_handler.py::43] Current state: ready
[2025-07-07 12:06:29,128] [INFO] [_sm_handler.py::43] Current state: ready
[2025-07-07 12:06:29,135] [INFO] [_sm_handler.py::43] Current state: ready
[2025-07-07 12:06:29,140] [INFO] [_sm_handler.py::43] Current state: ready
[2025-07-07 12:06:29,146] [INFO] [_sm_handler.py::43] Current state: ready
[2025-07-07 12:06:29,150] [INFO] [_sm_handler.py::43] Current state: ready
[2025-07-07 12:06:29,156] [INFO] [_sm_handler.py::43] Current state: ready
[2025-07-07 12:06:29,163] [INFO] [_sm_handler.py::43] Current state: ready
[2025-07-07 12:06:29,171] [INFO] [_sm_handler.py::43] Current state: ready
[2025-07-07 12:06:29,176] [INFO] [_sm_handler.py::43] Current state: ready
[2025-07-07 12:06:29,178] [INFO] [_sm_handler.py::43] Current state: ready
[2025-07-07 12:06:29,180] [INFO] [_sm_handler.py::43] Current state: ready
[2025-07-07 12:06:29,188] [INFO] [_sm_handler.py::43] Current state: ready
[2025-07-07 12:06:29,193] [INFO] [_sm_handler.py::43] Current state: ready
[2025-07-07 12:06:29,199] [INFO] [_sm_handler.py::43] Current state: ready
[2025-07-07 12:06:29,203] [INFO] [_sm_handler.py::43] Current state: ready
[2025-07-07 12:06:29,209] [INFO] [_sm_handler.py::43] Current state: ready
[2025-07-07 12:06:29,216] [INFO] [_sm_handler.py::43] Current state: ready
[2025-07-07 12:06:29,223] [INFO] [_sm_handler.py::43] Current state: ready
[2025-07-07 12:06:29,229] [INFO] [_sm_handler.py::43] Current state: ready
[2025-07-07 12:06:29,231] [INFO] [_sm_handler.py::43] Current state: ready
[2025-07-07 12:06:29,233] [INFO] [_sm_handler.py::43] Current state: ready
[2025-07-07 12:06:29,241] [INFO] [_sm_handler.py::43] Current state: ready
[2025-07-07 12:06:29,245] [INFO] [_sm_handler.py::43] Current state: ready
[2025-07-07 12:06:29,251] [INFO] [_sm_handler.py::43] Current state: ready
[2025-07-07 12:06:29,255] [INFO] [_sm_handler.py::43] Current state: ready
[2025-07-07 12:06:29,261] [INFO] [_sm_handler.py::43] Current state: ready
[2025-07-07 12:06:29,269] [INFO] [_sm_handler.py::43] Current state: ready
[2025-07-07 12:06:29,276] [INFO] [_sm_handler.py::43] Current state: ready
[2025-07-07 12:06:29,281] [INFO] [_sm_handler.py::43] Current state: ready
[2025-07-07 12:06:29,283] [INFO] [_sm_handler.py::43] Current state: ready
[2025-07-07 12:06:29,285] [INFO] [_sm_handler.py::43] Current state: ready
[2025-07-07 12:06:29,294] [INFO] [_sm_handler.py::43] Current state: ready
[2025-07-07 12:06:29,298] [INFO] [_sm_handler.py::43] Current state: ready
[2025-07-07 12:06:29,304] [INFO] [_sm_handler.py::43] Current state: ready
[2025-07-07 12:06:29,308] [INFO] [_sm_handler.py::43] Current state: ready
[2025-07-07 12:06:29,314] [INFO] [_sm_handler.py::43] Current state: ready
[2025-07-07 12:06:29,322] [INFO] [_sm_handler.py::43] Current state: ready
[2025-07-07 12:06:29,329] [INFO] [_sm_handler.py::43] Current state: ready
[2025-07-07 12:06:29,334] [INFO] [_sm_handler.py::43] Current state: ready
[2025-07-07 12:06:29,336] [INFO] [_sm_handler.py::43] Current state: ready
[2025-07-07 12:06:29,338] [INFO] [_sm_handler.py::43] Current state: ready
[2025-07-07 12:06:29,347] [INFO] [_sm_handler.py::43] Current state: ready
[2025-07-07 12:06:29,351] [INFO] [_sm_handler.py::43] Current state: ready
[2025-07-07 12:06:29,357] [INFO] [_sm_handler.py::43] Current state: ready
[2025-07-07 12:06:29,361] [INFO] [_sm_handler.py::43] Current state: ready
[2025-07-07 12:06:29,367] [INFO] [_sm_handler.py::43] Current state: ready
[2025-07-07 12:06:29,374] [INFO] [_sm_handler.py::43] Current state: ready
[2025-07-07 12:06:29,382] [INFO] [_sm_handler.py::43] Current state: ready
[2025-07-07 12:06:29,387] [INFO] [_sm_handler.py::43] Current state: ready
[2025-07-07 12:06:29,389] [INFO] [_sm_handler.py::43] Current state: ready
[2025-07-07 12:06:29,391] [INFO] [_sm_handler.py::43] Current state: ready
[2025-07-07 12:06:29,400] [INFO] [_sm_handler.py::43] Current state: ready
[2025-07-07 12:06:29,404] [INFO] [_sm_handler.py::43] Current state: ready
[2025-07-07 12:06:29,409] [INFO] [_sm_handler.py::43] Current state: ready
[2025-07-07 12:06:29,413] [INFO] [_sm_handler.py::43] Current state: ready
[2025-07-07 12:06:29,419] [INFO] [_sm_handler.py::43] Current state: ready
[2025-07-07 12:06:29,427] [INFO] [_sm_handler.py::43] Current state: ready
[2025-07-07 12:06:29,434] [INFO] [_sm_handler.py::43] Current state: ready
[2025-07-07 12:06:29,439] [INFO] [_sm_handler.py::43] Current state: ready
[2025-07-07 12:06:29,441] [INFO] [_sm_handler.py::43] Current state: ready
[2025-07-07 12:06:29,443] [INFO] [_sm_handler.py::43] Current state: ready
[2025-07-07 12:06:29,453] [INFO] [_sm_handler.py::43] Current state: ready
[2025-07-07 12:06:29,457] [INFO] [_sm_handler.py::43] Current state: ready
[2025-07-07 12:06:29,462] [INFO] [_sm_handler.py::43] Current state: ready
[2025-07-07 12:06:29,466] [INFO] [_sm_handler.py::43] Current state: ready
[2025-07-07 12:06:29,473] [INFO] [_sm_handler.py::43] Current state: ready
[2025-07-07 12:06:29,480] [INFO] [_sm_handler.py::43] Current state: ready
[2025-07-07 12:06:29,487] [INFO] [_sm_handler.py::43] Current state: ready
[2025-07-07 12:06:29,492] [INFO] [_sm_handler.py::43] Current state: ready
[2025-07-07 12:06:29,494] [INFO] [_sm_handler.py::43] Current state: ready
[2025-07-07 12:06:29,496] [INFO] [_sm_handler.py::43] Current state: ready
[2025-07-07 12:06:29,506] [INFO] [_sm_handler.py::43] Current state: ready
[2025-07-07 12:06:29,510] [INFO] [_sm_handler.py::43] Current state: ready
[2025-07-07 12:06:29,515] [INFO] [_sm_handler.py::43] Current state: ready
[2025-07-07 12:06:29,519] [INFO] [_sm_handler.py::43] Current state: ready
[2025-07-07 12:06:29,526] [INFO] [_sm_handler.py::43] Current state: ready
[2025-07-07 12:06:29,533] [INFO] [_sm_handler.py::43] Current state: ready
[2025-07-07 12:06:29,540] [INFO] [_sm_handler.py::43] Current state: ready
[2025-07-07 12:06:29,545] [INFO] [_sm_handler.py::43] Current state: ready
[2025-07-07 12:06:29,547] [INFO] [_sm_handler.py::43] Current state: ready
[2025-07-07 12:06:29,549] [INFO] [_sm_handler.py::43] Current state: ready
[2025-07-07 12:06:29,559] [INFO] [_sm_handler.py::43] Current state: ready
[2025-07-07 12:06:29,563] [INFO] [_sm_handler.py::43] Current state: ready
[2025-07-07 12:06:29,568] [INFO] [_sm_handler.py::43] Current state: ready
[2025-07-07 12:06:29,572] [INFO] [_sm_handler.py::43] Current state: ready
[2025-07-07 12:06:29,578] [INFO] [_sm_handler.py::43] Current state: ready
[2025-07-07 12:06:29,586] [INFO] [_sm_handler.py::43] Current state: ready
[2025-07-07 12:06:29,593] [INFO] [_sm_handler.py::43] Current state: ready
[2025-07-07 12:06:29,598] [INFO] [_sm_handler.py::43] Current state: ready
[2025-07-07 12:06:29,600] [INFO] [_sm_handler.py::43] Current state: ready
[2025-07-07 12:06:29,602] [INFO] [_sm_handler.py::43] Current state: ready
[2025-07-07 12:06:29,612] [INFO] [_sm_handler.py::43] Current state: ready
[2025-07-07 12:06:29,616] [INFO] [_sm_handler.py::43] Current state: ready
[2025-07-07 12:06:29,621] [INFO] [_sm_handler.py::43] Current state: ready
[2025-07-07 12:06:29,625] [INFO] [_sm_handler.py::43] Current state: ready
[2025-07-07 12:06:29,631] [INFO] [_sm_handler.py::43] Current state: ready
[2025-07-07 12:06:29,639] [INFO] [_sm_handler.py::43] Current state: ready
[2025-07-07 12:06:29,646] [INFO] [_sm_handler.py::43] Current state: ready
[2025-07-07 12:06:29,651] [INFO] [_sm_handler.py::43] Current state: ready
[2025-07-07 12:06:29,653] [INFO] [_sm_handler.py::43] Current state: ready
[2025-07-07 12:06:29,655] [INFO] [_sm_handler.py::43] Current state: ready
[2025-07-07 12:06:29,665] [INFO] [_sm_handler.py::43] Current state: ready
[2025-07-07 12:06:29,669] [INFO] [_sm_handler.py::43] Current state: ready
[2025-07-07 12:06:29,674] [INFO] [_sm_handler.py::43] Current state: ready
[2025-07-07 12:06:29,678] [INFO] [_sm_handler.py::43] Current state: ready
[2025-07-07 12:06:29,684] [INFO] [_sm_handler.py::43] Current state: ready
[2025-07-07 12:06:29,692] [INFO] [_sm_handler.py::43] Current state: ready
[2025-07-07 12:06:29,699] [INFO] [_sm_handler.py::43] Current state: ready
[2025-07-07 12:06:29,704] [INFO] [_sm_handler.py::43] Current state: ready
[2025-07-07 12:06:29,706] [INFO] [_sm_handler.py::43] Current state: ready
[2025-07-07 12:06:29,708] [INFO] [_sm_handler.py::43] Current state: ready
[2025-07-07 12:06:29,718] [INFO] [_sm_handler.py::43] Current state: ready
[2025-07-07 12:06:29,721] [INFO] [_sm_handler.py::43] Current state: ready
[2025-07-07 12:06:29,727] [INFO] [_sm_handler.py::43] Current state: ready
[2025-07-07 12:06:29,731] [INFO] [_sm_handler.py::43] Current state: ready
[2025-07-07 12:06:29,737] [INFO] [_sm_handler.py::43] Current state: ready
[2025-07-07 12:06:29,745] [INFO] [_sm_handler.py::43] Current state: ready
[2025-07-07 12:06:29,752] [INFO] [_sm_handler.py::43] Current state: ready
[2025-07-07 12:06:29,757] [INFO] [_sm_handler.py::43] Current state: ready
[2025-07-07 12:06:29,759] [INFO] [_sm_handler.py::43] Current state: ready
[2025-07-07 12:06:29,761] [INFO] [_sm_handler.py::43] Current state: ready
[2025-07-07 12:06:29,771] [INFO] [_sm_handler.py::43] Current state: ready
[2025-07-07 12:06:29,774] [INFO] [_sm_handler.py::43] Current state: ready
[2025-07-07 12:06:29,780] [INFO] [_sm_handler.py::43] Current state: ready
[2025-07-07 12:06:29,784] [INFO] [_sm_handler.py::43] Current state: ready
[2025-07-07 12:06:29,790] [INFO] [_sm_handler.py::43] Current state: ready
[2025-07-07 12:06:29,797] [INFO] [_sm_handler.py::43] Current state: ready
[2025-07-07 12:06:29,804] [INFO] [_sm_handler.py::43] Current state: ready
[2025-07-07 12:06:29,809] [INFO] [_sm_handler.py::43] Current state: ready
[2025-07-07 12:06:29,811] [INFO] [_sm_handler.py::43] Current state: ready
[2025-07-07 12:06:29,813] [INFO] [_sm_handler.py::43] Current state: ready
[2025-07-07 12:06:29,823] [INFO] [_sm_handler.py::43] Current state: ready
[2025-07-07 12:06:29,827] [INFO] [_sm_handler.py::43] Current state: ready
[2025-07-07 12:06:29,833] [INFO] [_sm_handler.py::43] Current state: ready
[2025-07-07 12:06:29,837] [INFO] [_sm_handler.py::43] Current state: ready
[2025-07-07 12:06:29,843] [INFO] [_sm_handler.py::43] Current state: ready
[2025-07-07 12:06:29,850] [INFO] [_sm_handler.py::43] Current state: ready
[2025-07-07 12:06:29,857] [INFO] [_sm_handler.py::43] Current state: ready
[2025-07-07 12:06:29,862] [INFO] [_sm_handler.py::43] Current state: ready
[2025-07-07 12:06:29,864] [INFO] [_sm_handler.py::43] Current state: ready
[2025-07-07 12:06:29,866] [INFO] [_sm_handler.py::43] Current state: ready
[2025-07-07 12:06:29,876] [INFO] [_sm_handler.py::43] Current state: ready
[2025-07-07 12:06:29,879] [INFO] [_sm_handler.py::43] Current state: ready
[2025-07-07 12:06:29,885] [INFO] [_sm_handler.py::43] Current state: ready
[2025-07-07 12:06:29,890] [INFO] [_sm_handler.py::43] Current state: ready
[2025-07-07 12:06:29,896] [INFO] [_sm_handler.py::43] Current state: ready
[2025-07-07 12:06:29,903] [INFO] [_sm_handler.py::43] Current state: ready
[2025-07-07 12:06:29,910] [INFO] [_sm_handler.py::43] Current state: ready
[2025-07-07 12:06:29,915] [INFO] [_sm_handler.py::43] Current state: ready
[2025-07-07 12:06:29,917] [INFO] [_sm_handler.py::43] Current state: ready
[2025-07-07 12:06:29,919] [INFO] [_sm_handler.py::43] Current state: ready
[2025-07-07 12:06:29,929] [INFO] [_sm_handler.py::43] Current state: ready
[2025-07-07 12:06:29,931] [INFO] [_sm_handler.py::43] Current state: ready
[2025-07-07 12:06:29,938] [INFO] [_sm_handler.py::43] Current state: ready
[2025-07-07 12:06:29,942] [INFO] [_sm_handler.py::43] Current state: ready
[2025-07-07 12:06:29,949] [INFO] [_sm_handler.py::43] Current state: ready
[2025-07-07 12:06:29,956] [INFO] [_sm_handler.py::43] Current state: ready
[2025-07-07 12:06:29,963] [INFO] [_sm_handler.py::43] Current state: ready
[2025-07-07 12:06:29,968] [INFO] [_sm_handler.py::43] Current state: ready
[2025-07-07 12:06:29,970] [INFO] [_sm_handler.py::43] Current state: ready
[2025-07-07 12:06:29,972] [INFO] [_sm_handler.py::43] Current state: ready
[2025-07-07 12:06:29,982] [INFO] [_sm_handler.py::43] Current state: ready
[2025-07-07 12:06:29,984] [INFO] [_sm_handler.py::43] Current state: ready
[2025-07-07 12:06:29,991] [INFO] [_sm_handler.py::43] Current state: ready
[2025-07-07 12:06:29,995] [INFO] [_sm_handler.py::43] Current state: ready
[2025-07-07 12:06:30,001] [INFO] [_sm_handler.py::43] Current state: ready
[2025-07-07 12:06:30,008] [INFO] [_sm_handler.py::43] Current state: ready
[2025-07-07 12:06:30,015] [INFO] [_sm_handler.py::43] Current state: ready
[2025-07-07 12:06:30,020] [INFO] [_sm_handler.py::43] Current state: ready
[2025-07-07 12:06:30,022] [INFO] [_sm_handler.py::43] Current state: ready
[2025-07-07 12:06:30,024] [INFO] [_sm_handler.py::43] Current state: ready
[2025-07-07 12:06:30,034] [INFO] [_sm_handler.py::43] Current state: ready
[2025-07-07 12:06:30,036] [INFO] [_sm_handler.py::43] Current state: ready
[2025-07-07 12:06:30,043] [INFO] [_sm_handler.py::43] Current state: ready
[2025-07-07 12:06:30,047] [INFO] [_sm_handler.py::43] Current state: ready
[2025-07-07 12:06:30,054] [INFO] [_sm_handler.py::43] Current state: ready
[2025-07-07 12:06:30,062] [INFO] [_sm_handler.py::43] Current state: ready
[2025-07-07 12:06:30,068] [INFO] [_sm_handler.py::43] Current state: ready
[2025-07-07 12:06:30,073] [INFO] [_sm_handler.py::43] Current state: ready
[2025-07-07 12:06:30,075] [INFO] [_sm_handler.py::43] Current state: ready
[2025-07-07 12:06:30,077] [INFO] [_sm_handler.py::43] Current state: ready
[2025-07-07 12:06:30,087] [INFO] [_sm_handler.py::43] Current state: ready
[2025-07-07 12:06:30,088] [INFO] [_sm_handler.py::43] Current state: ready
[2025-07-07 12:06:30,095] [INFO] [_sm_handler.py::43] Current state: ready
[2025-07-07 12:06:30,100] [INFO] [_sm_handler.py::43] Current state: ready
[2025-07-07 12:06:30,106] [INFO] [_sm_handler.py::43] Current state: ready
[2025-07-07 12:06:30,114] [INFO] [_sm_handler.py::43] Current state: ready
[2025-07-07 12:06:30,121] [INFO] [_sm_handler.py::43] Current state: ready
[2025-07-07 12:06:30,125] [INFO] [_sm_handler.py::43] Current state: ready
[2025-07-07 12:06:30,127] [INFO] [_sm_handler.py::43] Current state: ready
[2025-07-07 12:06:30,129] [INFO] [_sm_handler.py::43] Current state: ready
[2025-07-07 12:06:30,139] [INFO] [_sm_handler.py::43] Current state: ready
[2025-07-07 12:06:30,141] [INFO] [_sm_handler.py::43] Current state: ready
[2025-07-07 12:06:30,148] [INFO] [_sm_handler.py::43] Current state: ready
[2025-07-07 12:06:30,153] [INFO] [_sm_handler.py::43] Current state: ready
[2025-07-07 12:06:30,159] [INFO] [_sm_handler.py::43] Current state: ready
[2025-07-07 12:06:30,167] [INFO] [_sm_handler.py::43] Current state: ready
[2025-07-07 12:06:30,173] [INFO] [_sm_handler.py::43] Current state: ready
[2025-07-07 12:06:30,177] [INFO] [_sm_handler.py::43] Current state: ready
[2025-07-07 12:06:30,179] [INFO] [_sm_handler.py::43] Current state: ready
[2025-07-07 12:06:30,181] [INFO] [_sm_handler.py::43] Current state: ready
[2025-07-07 12:06:30,191] [INFO] [_sm_handler.py::43] Current state: ready
[2025-07-07 12:06:30,193] [INFO] [_sm_handler.py::43] Current state: ready
[2025-07-07 12:06:30,200] [INFO] [_sm_handler.py::43] Current state: ready
[2025-07-07 12:06:30,205] [INFO] [_sm_handler.py::43] Current state: ready
[2025-07-07 12:06:30,211] [INFO] [_sm_handler.py::43] Current state: ready
[2025-07-07 12:06:30,219] [INFO] [_sm_handler.py::43] Current state: ready
[2025-07-07 12:06:30,225] [INFO] [_sm_handler.py::43] Current state: ready
[2025-07-07 12:06:30,230] [INFO] [_sm_handler.py::43] Current state: ready
[2025-07-07 12:06:30,232] [INFO] [_sm_handler.py::43] Current state: ready
[2025-07-07 12:06:30,234] [INFO] [_sm_handler.py::43] Current state: ready
[2025-07-07 12:06:30,244] [INFO] [_sm_handler.py::43] Current state: ready
[2025-07-07 12:06:30,246] [INFO] [_sm_handler.py::43] Current state: ready
[2025-07-07 12:06:30,253] [INFO] [_sm_handler.py::43] Current state: ready
[2025-07-07 12:06:30,258] [INFO] [_sm_handler.py::43] Current state: ready
[2025-07-07 12:06:30,264] [INFO] [_sm_handler.py::43] Current state: ready
[2025-07-07 12:06:30,272] [INFO] [_sm_handler.py::43] Current state: ready
[2025-07-07 12:06:30,278] [INFO] [_sm_handler.py::43] Current state: ready
[2025-07-07 12:06:30,283] [INFO] [_sm_handler.py::43] Current state: ready
[2025-07-07 12:06:30,285] [INFO] [_sm_handler.py::43] Current state: ready
[2025-07-07 12:06:30,287] [INFO] [_sm_handler.py::43] Current state: ready
[2025-07-07 12:06:30,297] [INFO] [_sm_handler.py::43] Current state: ready
[2025-07-07 12:06:30,299] [INFO] [_sm_handler.py::43] Current state: ready
[2025-07-07 12:06:30,306] [INFO] [_sm_handler.py::43] Current state: ready
[2025-07-07 12:06:30,311] [INFO] [_sm_handler.py::43] Current state: ready
[2025-07-07 12:06:30,317] [INFO] [_sm_handler.py::43] Current state: ready
[2025-07-07 12:06:30,325] [INFO] [_sm_handler.py::43] Current state: ready
[2025-07-07 12:06:30,331] [INFO] [_sm_handler.py::43] Current state: ready
[2025-07-07 12:06:30,335] [INFO] [_sm_handler.py::43] Current state: ready
[2025-07-07 12:06:30,337] [INFO] [_sm_handler.py::43] Current state: ready
[2025-07-07 12:06:30,339] [INFO] [_sm_handler.py::43] Current state: ready
[2025-07-07 12:06:30,349] [INFO] [_sm_handler.py::43] Current state: ready
[2025-07-07 12:06:30,351] [INFO] [_sm_handler.py::43] Current state: ready
[2025-07-07 12:06:30,358] [INFO] [_sm_handler.py::43] Current state: ready
[2025-07-07 12:06:30,363] [INFO] [_sm_handler.py::43] Current state: ready
[2025-07-07 12:06:30,370] [INFO] [_sm_handler.py::43] Current state: ready
[2025-07-07 12:06:30,378] [INFO] [_sm_handler.py::43] Current state: ready
[2025-07-07 12:06:30,384] [INFO] [_sm_handler.py::43] Current state: ready
[2025-07-07 12:06:30,388] [INFO] [_sm_handler.py::43] Current state: ready
[2025-07-07 12:06:30,390] [INFO] [_sm_handler.py::43] Current state: ready
[2025-07-07 12:06:30,392] [INFO] [_sm_handler.py::43] Current state: ready
[2025-07-07 12:06:30,402] [INFO] [_sm_handler.py::43] Current state: ready
[2025-07-07 12:06:30,404] [INFO] [_sm_handler.py::43] Current state: ready
[2025-07-07 12:06:30,411] [INFO] [_sm_handler.py::43] Current state: ready
[2025-07-07 12:06:30,416] [INFO] [_sm_handler.py::43] Current state: ready
[2025-07-07 12:06:30,422] [INFO] [_sm_handler.py::43] Current state: ready
[2025-07-07 12:06:30,430] [INFO] [_sm_handler.py::43] Current state: ready
[2025-07-07 12:06:30,436] [INFO] [_sm_handler.py::43] Current state: ready
[2025-07-07 12:06:30,441] [INFO] [_sm_handler.py::43] Current state: ready
[2025-07-07 12:06:30,443] [INFO] [_sm_handler.py::43] Current state: ready
[2025-07-07 12:06:30,445] [INFO] [_sm_handler.py::43] Current state: ready
[2025-07-07 12:06:30,455] [INFO] [_sm_handler.py::43] Current state: ready
[2025-07-07 12:06:30,457] [INFO] [_sm_handler.py::43] Current state: ready
[2025-07-07 12:06:30,464] [INFO] [_sm_handler.py::43] Current state: ready
[2025-07-07 12:06:30,469] [INFO] [_sm_handler.py::43] Current state: ready
[2025-07-07 12:06:30,475] [INFO] [_sm_handler.py::43] Current state: ready
[2025-07-07 12:06:30,483] [INFO] [_sm_handler.py::43] Current state: ready
[2025-07-07 12:06:30,489] [INFO] [_sm_handler.py::43] Current state: ready
[2025-07-07 12:06:30,494] [INFO] [_sm_handler.py::43] Current state: ready
[2025-07-07 12:06:30,496] [INFO] [_sm_handler.py::43] Current state: ready
[2025-07-07 12:06:30,498] [INFO] [_sm_handler.py::43] Current state: ready
[2025-07-07 12:06:30,508] [INFO] [_sm_handler.py::43] Current state: ready
[2025-07-07 12:06:30,510] [INFO] [_sm_handler.py::43] Current state: ready
[2025-07-07 12:06:30,517] [INFO] [_sm_handler.py::43] Current state: ready
[2025-07-07 12:06:30,522] [INFO] [_sm_handler.py::43] Current state: ready
[2025-07-07 12:06:30,528] [INFO] [_sm_handler.py::43] Current state: ready
[2025-07-07 12:06:30,536] [INFO] [_sm_handler.py::43] Current state: ready
[2025-07-07 12:06:30,542] [INFO] [_sm_handler.py::43] Current state: ready
[2025-07-07 12:06:30,546] [INFO] [_sm_handler.py::43] Current state: ready
[2025-07-07 12:06:30,548] [INFO] [_sm_handler.py::43] Current state: ready
[2025-07-07 12:06:30,550] [INFO] [_sm_handler.py::43] Current state: ready
[2025-07-07 12:06:30,560] [INFO] [_sm_handler.py::43] Current state: ready
[2025-07-07 12:06:30,562] [INFO] [_sm_handler.py::43] Current state: ready
[2025-07-07 12:06:30,569] [INFO] [_sm_handler.py::43] Current state: ready
[2025-07-07 12:06:30,574] [INFO] [_sm_handler.py::43] Current state: ready
[2025-07-07 12:06:30,581] [INFO] [_sm_handler.py::43] Current state: ready
[2025-07-07 12:06:30,589] [INFO] [_sm_handler.py::43] Current state: ready
[2025-07-07 12:06:30,595] [INFO] [_sm_handler.py::43] Current state: ready
[2025-07-07 12:06:30,599] [INFO] [_sm_handler.py::43] Current state: ready
[2025-07-07 12:06:30,601] [INFO] [_sm_handler.py::43] Current state: ready
[2025-07-07 12:06:30,603] [INFO] [_sm_handler.py::43] Current state: ready
[2025-07-07 12:06:30,613] [INFO] [_sm_handler.py::43] Current state: ready
[2025-07-07 12:06:30,615] [INFO] [_sm_handler.py::43] Current state: ready
[2025-07-07 12:06:30,622] [INFO] [_sm_handler.py::43] Current state: ready
[2025-07-07 12:06:30,627] [INFO] [_sm_handler.py::43] Current state: ready
[2025-07-07 12:06:30,633] [INFO] [_sm_handler.py::43] Current state: ready
[2025-07-07 12:06:30,641] [INFO] [_sm_handler.py::43] Current state: ready
[2025-07-07 12:06:30,647] [INFO] [_sm_handler.py::43] Current state: ready
[2025-07-07 12:06:30,651] [INFO] [_sm_handler.py::43] Current state: ready
[2025-07-07 12:06:30,653] [INFO] [_sm_handler.py::43] Current state: ready
[2025-07-07 12:06:30,655] [INFO] [_sm_handler.py::43] Current state: ready
[2025-07-07 12:06:30,665] [INFO] [_sm_handler.py::43] Current state: ready
[2025-07-07 12:06:30,668] [INFO] [_sm_handler.py::43] Current state: ready
[2025-07-07 12:06:30,675] [INFO] [_sm_handler.py::43] Current state: ready
[2025-07-07 12:06:30,680] [INFO] [_sm_handler.py::43] Current state: ready
[2025-07-07 12:06:30,686] [INFO] [_sm_handler.py::43] Current state: ready
[2025-07-07 12:06:30,694] [INFO] [_sm_handler.py::43] Current state: ready
[2025-07-07 12:06:30,700] [INFO] [_sm_handler.py::43] Current state: ready
[2025-07-07 12:06:30,704] [INFO] [_sm_handler.py::43] Current state: ready
[2025-07-07 12:06:30,706] [INFO] [_sm_handler.py::43] Current state: ready
[2025-07-07 12:06:30,708] [INFO] [_sm_handler.py::43] Current state: ready
[2025-07-07 12:06:30,718] [INFO] [_sm_handler.py::43] Current state: ready
[2025-07-07 12:06:30,720] [INFO] [_sm_handler.py::43] Current state: ready
[2025-07-07 12:06:30,728] [INFO] [_sm_handler.py::43] Current state: ready
[2025-07-07 12:06:30,733] [INFO] [_sm_handler.py::43] Current state: ready
[2025-07-07 12:06:30,739] [INFO] [_sm_handler.py::43] Current state: ready
[2025-07-07 12:06:30,747] [INFO] [_sm_handler.py::43] Current state: ready
[2025-07-07 12:06:30,753] [INFO] [_sm_handler.py::43] Current state: ready
[2025-07-07 12:06:30,757] [INFO] [_sm_handler.py::43] Current state: ready
[2025-07-07 12:06:30,759] [INFO] [_sm_handler.py::43] Current state: ready
[2025-07-07 12:06:30,761] [INFO] [_sm_handler.py::43] Current state: ready
[2025-07-07 12:06:30,771] [INFO] [_sm_handler.py::43] Current state: ready
[2025-07-07 12:06:30,773] [INFO] [_sm_handler.py::43] Current state: ready
[2025-07-07 12:06:30,780] [INFO] [_sm_handler.py::43] Current state: ready
[2025-07-07 12:06:30,785] [INFO] [_sm_handler.py::43] Current state: ready
[2025-07-07 12:06:30,792] [INFO] [_sm_handler.py::43] Current state: ready
[2025-07-07 12:06:30,800] [INFO] [_sm_handler.py::43] Current state: ready
[2025-07-07 12:06:30,806] [INFO] [_sm_handler.py::43] Current state: ready
[2025-07-07 12:06:30,810] [INFO] [_sm_handler.py::43] Current state: ready
[2025-07-07 12:06:30,812] [INFO] [_sm_handler.py::43] Current state: ready
[2025-07-07 12:06:30,814] [INFO] [_sm_handler.py::43] Current state: ready
[2025-07-07 12:06:30,824] [INFO] [_sm_handler.py::43] Current state: ready
[2025-07-07 12:06:30,826] [INFO] [_sm_handler.py::43] Current state: ready
[2025-07-07 12:06:30,833] [INFO] [_sm_handler.py::43] Current state: ready
[2025-07-07 12:06:30,838] [INFO] [_sm_handler.py::43] Current state: ready
[2025-07-07 12:06:30,844] [INFO] [_sm_handler.py::43] Current state: ready
[2025-07-07 12:06:30,852] [INFO] [_sm_handler.py::43] Current state: ready
[2025-07-07 12:06:30,859] [INFO] [_sm_handler.py::43] Current state: ready
[2025-07-07 12:06:30,863] [INFO] [_sm_handler.py::43] Current state: ready
[2025-07-07 12:06:30,865] [INFO] [_sm_handler.py::43] Current state: ready
[2025-07-07 12:06:30,867] [INFO] [_sm_handler.py::43] Current state: ready
[2025-07-07 12:06:30,877] [INFO] [_sm_handler.py::43] Current state: ready
[2025-07-07 12:06:30,879] [INFO] [_sm_handler.py::43] Current state: ready
[2025-07-07 12:06:30,886] [INFO] [_sm_handler.py::43] Current state: ready
[2025-07-07 12:06:30,891] [INFO] [_sm_handler.py::43] Current state: ready
[2025-07-07 12:06:30,897] [INFO] [_sm_handler.py::43] Current state: ready
[2025-07-07 12:06:30,905] [INFO] [_sm_handler.py::43] Current state: ready
[2025-07-07 12:06:30,911] [INFO] [_sm_handler.py::43] Current state: ready
[2025-07-07 12:06:30,915] [INFO] [_sm_handler.py::43] Current state: ready
[2025-07-07 12:06:30,917] [INFO] [_sm_handler.py::43] Current state: ready
[2025-07-07 12:06:30,919] [INFO] [_sm_handler.py::43] Current state: ready
[2025-07-07 12:06:30,929] [INFO] [_sm_handler.py::43] Current state: ready
[2025-07-07 12:06:30,932] [INFO] [_sm_handler.py::43] Current state: ready
[2025-07-07 12:06:30,939] [INFO] [_sm_handler.py::43] Current state: ready
[2025-07-07 12:06:30,944] [INFO] [_sm_handler.py::43] Current state: ready
[2025-07-07 12:06:30,950] [INFO] [_sm_handler.py::43] Current state: ready
[2025-07-07 12:06:30,958] [INFO] [_sm_handler.py::43] Current state: ready
[2025-07-07 12:06:30,964] [INFO] [_sm_handler.py::43] Current state: ready
[2025-07-07 12:06:30,968] [INFO] [_sm_handler.py::43] Current state: ready
[2025-07-07 12:06:30,970] [INFO] [_sm_handler.py::43] Current state: ready
[2025-07-07 12:06:30,972] [INFO] [_sm_handler.py::43] Current state: ready
[2025-07-07 12:06:30,982] [INFO] [_sm_handler.py::43] Current state: ready
[2025-07-07 12:06:30,984] [INFO] [_sm_handler.py::43] Current state: ready
[2025-07-07 12:06:30,991] [INFO] [_sm_handler.py::43] Current state: ready
[2025-07-07 12:06:30,996] [INFO] [_sm_handler.py::43] Current state: ready
[2025-07-07 12:06:31,002] [INFO] [_sm_handler.py::43] Current state: ready
[2025-07-07 12:06:31,010] [INFO] [_sm_handler.py::43] Current state: ready
[2025-07-07 12:06:31,016] [INFO] [_sm_handler.py::43] Current state: ready
[2025-07-07 12:06:31,021] [INFO] [_sm_handler.py::43] Current state: ready
[2025-07-07 12:06:31,023] [INFO] [_sm_handler.py::43] Current state: ready
[2025-07-07 12:06:31,025] [INFO] [_sm_handler.py::43] Current state: ready
[2025-07-07 12:06:31,035] [INFO] [_sm_handler.py::43] Current state: ready
[2025-07-07 12:06:31,037] [INFO] [_sm_handler.py::43] Current state: ready
[2025-07-07 12:06:31,044] [INFO] [_sm_handler.py::43] Current state: ready
[2025-07-07 12:06:31,049] [INFO] [_sm_handler.py::43] Current state: ready
[2025-07-07 12:06:31,055] [INFO] [_sm_handler.py::43] Current state: ready
[2025-07-07 12:06:31,063] [INFO] [_sm_handler.py::43] Current state: ready
[2025-07-07 12:06:31,069] [INFO] [_sm_handler.py::43] Current state: ready
[2025-07-07 12:06:31,073] [INFO] [_sm_handler.py::43] Current state: ready
[2025-07-07 12:06:31,076] [INFO] [_sm_handler.py::43] Current state: ready
[2025-07-07 12:06:31,077] [INFO] [_sm_handler.py::43] Current state: ready
[2025-07-07 12:06:31,088] [INFO] [_sm_handler.py::43] Current state: ready
[2025-07-07 12:06:31,090] [INFO] [_sm_handler.py::43] Current state: ready
[2025-07-07 12:06:31,097] [INFO] [_sm_handler.py::43] Current state: ready
[2025-07-07 12:06:31,102] [INFO] [_sm_handler.py::43] Current state: ready
[2025-07-07 12:06:31,108] [INFO] [_sm_handler.py::43] Current state: ready
[2025-07-07 12:06:31,116] [INFO] [_sm_handler.py::43] Current state: ready
[2025-07-07 12:06:31,122] [INFO] [_sm_handler.py::43] Current state: ready
[2025-07-07 12:06:31,126] [INFO] [_sm_handler.py::43] Current state: ready
[2025-07-07 12:06:31,128] [INFO] [_sm_handler.py::43] Current state: ready
[2025-07-07 12:06:31,130] [INFO] [_sm_handler.py::43] Current state: ready
[2025-07-07 12:06:31,140] [INFO] [_sm_handler.py::43] Current state: ready
[2025-07-07 12:06:31,142] [INFO] [_sm_handler.py::43] Current state: ready
[2025-07-07 12:06:31,149] [INFO] [_sm_handler.py::43] Current state: ready
[2025-07-07 12:06:31,155] [INFO] [_sm_handler.py::43] Current state: ready
[2025-07-07 12:06:31,161] [INFO] [_sm_handler.py::43] Current state: ready
[2025-07-07 12:06:31,169] [INFO] [_sm_handler.py::43] Current state: ready
[2025-07-07 12:06:31,175] [INFO] [_sm_handler.py::43] Current state: ready
[2025-07-07 12:06:31,179] [INFO] [_sm_handler.py::43] Current state: ready
[2025-07-07 12:06:31,181] [INFO] [_sm_handler.py::43] Current state: ready
[2025-07-07 12:06:31,183] [INFO] [_sm_handler.py::43] Current state: ready
[2025-07-07 12:06:31,193] [INFO] [_sm_handler.py::43] Current state: ready
[2025-07-07 12:06:31,195] [INFO] [_sm_handler.py::43] Current state: ready
[2025-07-07 12:06:31,202] [INFO] [_sm_handler.py::43] Current state: ready
[2025-07-07 12:06:31,207] [INFO] [_sm_handler.py::43] Current state: ready
[2025-07-07 12:06:31,214] [INFO] [_sm_handler.py::43] Current state: ready
[2025-07-07 12:06:31,222] [INFO] [_sm_handler.py::43] Current state: ready
[2025-07-07 12:06:31,228] [INFO] [_sm_handler.py::43] Current state: ready
[2025-07-07 12:06:31,232] [INFO] [_sm_handler.py::43] Current state: ready
[2025-07-07 12:06:31,234] [INFO] [_sm_handler.py::43] Current state: ready
[2025-07-07 12:06:31,236] [INFO] [_sm_handler.py::43] Current state: ready
[2025-07-07 12:06:31,246] [INFO] [_sm_handler.py::43] Current state: ready
[2025-07-07 12:06:31,248] [INFO] [_sm_handler.py::43] Current state: ready
[2025-07-07 12:06:31,255] [INFO] [_sm_handler.py::43] Current state: ready
[2025-07-07 12:06:31,260] [INFO] [_sm_handler.py::43] Current state: ready
[2025-07-07 12:06:31,266] [INFO] [_sm_handler.py::43] Current state: ready
[2025-07-07 12:06:31,274] [INFO] [_sm_handler.py::43] Current state: ready
[2025-07-07 12:06:31,280] [INFO] [_sm_handler.py::43] Current state: ready
[2025-07-07 12:06:31,285] [INFO] [_sm_handler.py::43] Current state: ready
[2025-07-07 12:06:31,287] [INFO] [_sm_handler.py::43] Current state: ready
[2025-07-07 12:06:31,289] [INFO] [_sm_handler.py::43] Current state: ready
[2025-07-07 12:06:31,299] [INFO] [_sm_handler.py::43] Current state: ready
[2025-07-07 12:06:31,301] [INFO] [_sm_handler.py::43] Current state: ready
[2025-07-07 12:06:31,308] [INFO] [_sm_handler.py::43] Current state: ready
[2025-07-07 12:06:31,313] [INFO] [_sm_handler.py::43] Current state: ready
[2025-07-07 12:06:31,319] [INFO] [_sm_handler.py::43] Current state: ready
[2025-07-07 12:06:31,327] [INFO] [_sm_handler.py::43] Current state: ready
[2025-07-07 12:06:31,333] [INFO] [_sm_handler.py::43] Current state: ready
[2025-07-07 12:06:31,337] [INFO] [_sm_handler.py::43] Current state: ready
[2025-07-07 12:06:31,340] [INFO] [_sm_handler.py::43] Current state: ready
[2025-07-07 12:06:31,342] [INFO] [_sm_handler.py::43] Current state: ready
[2025-07-07 12:06:31,352] [INFO] [_sm_handler.py::43] Current state: ready
[2025-07-07 12:06:31,354] [INFO] [_sm_handler.py::43] Current state: ready
[2025-07-07 12:06:31,361] [INFO] [_sm_handler.py::43] Current state: ready
[2025-07-07 12:06:31,366] [INFO] [_sm_handler.py::43] Current state: ready
[2025-07-07 12:06:31,372] [INFO] [_sm_handler.py::43] Current state: ready
[2025-07-07 12:06:31,380] [INFO] [_sm_handler.py::43] Current state: ready
[2025-07-07 12:06:31,386] [INFO] [_sm_handler.py::43] Current state: ready
[2025-07-07 12:06:31,390] [INFO] [_sm_handler.py::43] Current state: ready
[2025-07-07 12:06:31,393] [INFO] [_sm_handler.py::43] Current state: ready
[2025-07-07 12:06:31,394] [INFO] [_sm_handler.py::43] Current state: ready
[2025-07-07 12:06:31,404] [INFO] [_sm_handler.py::43] Current state: ready
[2025-07-07 12:06:31,407] [INFO] [_sm_handler.py::43] Current state: ready
[2025-07-07 12:06:31,414] [INFO] [_sm_handler.py::43] Current state: ready
[2025-07-07 12:06:31,419] [INFO] [_sm_handler.py::43] Current state: ready
[2025-07-07 12:06:31,425] [INFO] [_sm_handler.py::43] Current state: ready
[2025-07-07 12:06:31,433] [INFO] [_sm_handler.py::43] Current state: ready
[2025-07-07 12:06:31,439] [INFO] [_sm_handler.py::43] Current state: ready
[2025-07-07 12:06:31,443] [INFO] [_sm_handler.py::43] Current state: ready
[2025-07-07 12:06:31,445] [INFO] [_sm_handler.py::43] Current state: ready
[2025-07-07 12:06:31,447] [INFO] [_sm_handler.py::43] Current state: ready
[2025-07-07 12:06:31,457] [INFO] [_sm_handler.py::43] Current state: ready
[2025-07-07 12:06:31,459] [INFO] [_sm_handler.py::43] Current state: ready
[2025-07-07 12:06:31,466] [INFO] [_sm_handler.py::43] Current state: ready
[2025-07-07 12:06:31,472] [INFO] [_sm_handler.py::43] Current state: ready
[2025-07-07 12:06:31,478] [INFO] [_sm_handler.py::43] Current state: ready
[2025-07-07 12:06:31,486] [INFO] [_sm_handler.py::43] Current state: ready
[2025-07-07 12:06:31,492] [INFO] [_sm_handler.py::43] Current state: ready
[2025-07-07 12:06:31,496] [INFO] [_sm_handler.py::43] Current state: ready
[2025-07-07 12:06:31,498] [INFO] [_sm_handler.py::43] Current state: ready
[2025-07-07 12:06:31,500] [INFO] [_sm_handler.py::43] Current state: ready
[2025-07-07 12:06:31,510] [INFO] [_sm_handler.py::43] Current state: ready
[2025-07-07 12:06:31,512] [INFO] [_sm_handler.py::43] Current state: ready
[2025-07-07 12:06:31,519] [INFO] [_sm_handler.py::43] Current state: ready
[2025-07-07 12:06:31,525] [INFO] [_sm_handler.py::43] Current state: ready
[2025-07-07 12:06:31,531] [INFO] [_sm_handler.py::43] Current state: ready
[2025-07-07 12:06:31,539] [INFO] [_sm_handler.py::43] Current state: ready
[2025-07-07 12:06:31,545] [INFO] [_sm_handler.py::43] Current state: ready
[2025-07-07 12:06:31,549] [INFO] [_sm_handler.py::43] Current state: ready
[2025-07-07 12:06:31,551] [INFO] [_sm_handler.py::43] Current state: ready
[2025-07-07 12:06:31,553] [INFO] [_sm_handler.py::43] Current state: ready
[2025-07-07 12:06:31,563] [INFO] [_sm_handler.py::43] Current state: ready
[2025-07-07 12:06:31,565] [INFO] [_sm_handler.py::43] Current state: ready
[2025-07-07 12:06:31,572] [INFO] [_sm_handler.py::43] Current state: ready
[2025-07-07 12:06:31,577] [INFO] [_sm_handler.py::43] Current state: ready
[2025-07-07 12:06:31,583] [INFO] [_sm_handler.py::43] Current state: ready
[2025-07-07 12:06:31,592] [INFO] [_sm_handler.py::43] Current state: ready
[2025-07-07 12:06:31,598] [INFO] [_sm_handler.py::43] Current state: ready
[2025-07-07 12:06:31,602] [INFO] [_sm_handler.py::43] Current state: ready
[2025-07-07 12:06:31,604] [INFO] [_sm_handler.py::43] Current state: ready
[2025-07-07 12:06:31,606] [INFO] [_sm_handler.py::43] Current state: ready
[2025-07-07 12:06:31,616] [INFO] [_sm_handler.py::43] Current state: ready
[2025-07-07 12:06:31,618] [INFO] [_sm_handler.py::43] Current state: ready
[2025-07-07 12:06:31,625] [INFO] [_sm_handler.py::43] Current state: ready
[2025-07-07 12:06:31,630] [INFO] [_sm_handler.py::43] Current state: ready
[2025-07-07 12:06:31,636] [INFO] [_sm_handler.py::43] Current state: ready
[2025-07-07 12:06:31,644] [INFO] [_sm_handler.py::43] Current state: ready
[2025-07-07 12:06:31,651] [INFO] [_sm_handler.py::43] Current state: ready
[2025-07-07 12:06:31,655] [INFO] [_sm_handler.py::43] Current state: ready
[2025-07-07 12:06:31,657] [INFO] [_sm_handler.py::43] Current state: ready
[2025-07-07 12:06:31,659] [INFO] [_sm_handler.py::43] Current state: ready
[2025-07-07 12:06:31,669] [INFO] [_sm_handler.py::43] Current state: ready
[2025-07-07 12:06:31,671] [INFO] [_sm_handler.py::43] Current state: ready
[2025-07-07 12:06:31,678] [INFO] [_sm_handler.py::43] Current state: ready
[2025-07-07 12:06:31,683] [INFO] [_sm_handler.py::43] Current state: ready
[2025-07-07 12:06:31,689] [INFO] [_sm_handler.py::43] Current state: ready
[2025-07-07 12:06:31,697] [INFO] [_sm_handler.py::43] Current state: ready
[2025-07-07 12:06:31,704] [INFO] [_sm_handler.py::43] Current state: ready
[2025-07-07 12:06:31,708] [INFO] [_sm_handler.py::43] Current state: ready
[2025-07-07 12:06:31,710] [INFO] [_sm_handler.py::43] Current state: ready
[2025-07-07 12:06:31,712] [INFO] [_sm_handler.py::43] Current state: ready
[2025-07-07 12:06:31,722] [INFO] [_sm_handler.py::43] Current state: ready
[2025-07-07 12:06:31,724] [INFO] [_sm_handler.py::43] Current state: ready
[2025-07-07 12:06:31,731] [INFO] [_sm_handler.py::43] Current state: ready
[2025-07-07 12:06:31,736] [INFO] [_sm_handler.py::43] Current state: ready
[2025-07-07 12:06:31,742] [INFO] [_sm_handler.py::43] Current state: ready
[2025-07-07 12:06:31,750] [INFO] [_sm_handler.py::43] Current state: ready
[2025-07-07 12:06:31,756] [INFO] [_sm_handler.py::43] Current state: ready
[2025-07-07 12:06:31,761] [INFO] [_sm_handler.py::43] Current state: ready
[2025-07-07 12:06:31,763] [INFO] [_sm_handler.py::43] Current state: ready
[2025-07-07 12:06:31,765] [INFO] [_sm_handler.py::43] Current state: ready
[2025-07-07 12:06:31,775] [INFO] [_sm_handler.py::43] Current state: ready
[2025-07-07 12:06:31,777] [INFO] [_sm_handler.py::43] Current state: ready
[2025-07-07 12:06:31,784] [INFO] [_sm_handler.py::43] Current state: ready
[2025-07-07 12:06:31,789] [INFO] [_sm_handler.py::43] Current state: ready
[2025-07-07 12:06:31,795] [INFO] [_sm_handler.py::43] Current state: ready
[2025-07-07 12:06:31,803] [INFO] [_sm_handler.py::43] Current state: ready
[2025-07-07 12:06:31,809] [INFO] [_sm_handler.py::43] Current state: ready
[2025-07-07 12:06:31,813] [INFO] [_sm_handler.py::43] Current state: ready
[2025-07-07 12:06:31,815] [INFO] [_sm_handler.py::43] Current state: ready
[2025-07-07 12:06:31,817] [INFO] [_sm_handler.py::43] Current state: ready
[2025-07-07 12:06:31,827] [INFO] [_sm_handler.py::43] Current state: ready
[2025-07-07 12:06:31,829] [INFO] [_sm_handler.py::43] Current state: ready
[2025-07-07 12:06:31,836] [INFO] [_sm_handler.py::43] Current state: ready
[2025-07-07 12:06:31,842] [INFO] [_sm_handler.py::43] Current state: ready
[2025-07-07 12:06:31,848] [INFO] [_sm_handler.py::43] Current state: ready
[2025-07-07 12:06:31,856] [INFO] [_sm_handler.py::43] Current state: ready
[2025-07-07 12:06:31,862] [INFO] [_sm_handler.py::43] Current state: ready
[2025-07-07 12:06:31,866] [INFO] [_sm_handler.py::43] Current state: ready
[2025-07-07 12:06:31,868] [INFO] [_sm_handler.py::43] Current state: ready
[2025-07-07 12:06:31,870] [INFO] [_sm_handler.py::43] Current state: ready
[2025-07-07 12:06:31,880] [INFO] [_sm_handler.py::43] Current state: ready
[2025-07-07 12:06:31,882] [INFO] [_sm_handler.py::43] Current state: ready
[2025-07-07 12:06:31,889] [INFO] [_sm_handler.py::43] Current state: ready
[2025-07-07 12:06:31,894] [INFO] [_sm_handler.py::43] Current state: ready
[2025-07-07 12:06:31,901] [INFO] [_sm_handler.py::43] Current state: ready
[2025-07-07 12:06:31,909] [INFO] [_sm_handler.py::43] Current state: ready
[2025-07-07 12:06:31,915] [INFO] [_sm_handler.py::43] Current state: ready
[2025-07-07 12:06:31,919] [INFO] [_sm_handler.py::43] Current state: ready
[2025-07-07 12:06:31,921] [INFO] [_sm_handler.py::43] Current state: ready
[2025-07-07 12:06:31,923] [INFO] [_sm_handler.py::43] Current state: ready
[2025-07-07 12:06:31,933] [INFO] [_sm_handler.py::43] Current state: ready
[2025-07-07 12:06:31,935] [INFO] [_sm_handler.py::43] Current state: ready
[2025-07-07 12:06:31,942] [INFO] [_sm_handler.py::43] Current state: ready
[2025-07-07 12:06:31,947] [INFO] [_sm_handler.py::43] Current state: ready
[2025-07-07 12:06:31,953] [INFO] [_sm_handler.py::43] Current state: ready
[2025-07-07 12:06:31,961] [INFO] [_sm_handler.py::43] Current state: ready
[2025-07-07 12:06:31,968] [INFO] [_sm_handler.py::43] Current state: ready
[2025-07-07 12:06:31,972] [INFO] [_sm_handler.py::43] Current state: ready
[2025-07-07 12:06:31,974] [INFO] [_sm_handler.py::43] Current state: ready
[2025-07-07 12:06:31,976] [INFO] [_sm_handler.py::43] Current state: ready
[2025-07-07 12:06:31,986] [INFO] [_sm_handler.py::43] Current state: ready
[2025-07-07 12:06:31,988] [INFO] [_sm_handler.py::43] Current state: ready
[2025-07-07 12:06:31,995] [INFO] [_sm_handler.py::43] Current state: ready
[2025-07-07 12:06:32,000] [INFO] [_sm_handler.py::43] Current state: ready
[2025-07-07 12:06:32,006] [INFO] [_sm_handler.py::43] Current state: ready
[2025-07-07 12:06:32,014] [INFO] [_sm_handler.py::43] Current state: ready
[2025-07-07 12:06:32,020] [INFO] [_sm_handler.py::43] Current state: ready
[2025-07-07 12:06:32,025] [INFO] [_sm_handler.py::43] Current state: ready
[2025-07-07 12:06:32,027] [INFO] [_sm_handler.py::43] Current state: ready
[2025-07-07 12:06:32,029] [INFO] [_sm_handler.py::43] Current state: ready
[2025-07-07 12:06:32,039] [INFO] [_sm_handler.py::43] Current state: ready
[2025-07-07 12:06:32,041] [INFO] [_sm_handler.py::43] Current state: ready
[2025-07-07 12:06:32,048] [INFO] [_sm_handler.py::43] Current state: ready
[2025-07-07 12:06:32,053] [INFO] [_sm_handler.py::43] Current state: ready
[2025-07-07 12:06:32,058] [INFO] [_sm_handler.py::43] Current state: ready
[2025-07-07 12:06:32,067] [INFO] [_sm_handler.py::43] Current state: ready
[2025-07-07 12:06:32,073] [INFO] [_sm_handler.py::43] Current state: ready
[2025-07-07 12:06:32,077] [INFO] [_sm_handler.py::43] Current state: ready
[2025-07-07 12:06:32,079] [INFO] [_sm_handler.py::43] Current state: ready
[2025-07-07 12:06:32,081] [INFO] [_sm_handler.py::43] Current state: ready
[2025-07-07 12:06:32,091] [INFO] [_sm_handler.py::43] Current state: ready
[2025-07-07 12:06:32,093] [INFO] [_sm_handler.py::43] Current state: ready
[2025-07-07 12:06:32,100] [INFO] [_sm_handler.py::43] Current state: ready
[2025-07-07 12:06:32,105] [INFO] [_sm_handler.py::43] Current state: ready
[2025-07-07 12:06:32,111] [INFO] [_sm_handler.py::43] Current state: ready
[2025-07-07 12:06:32,119] [INFO] [_sm_handler.py::43] Current state: ready
[2025-07-07 12:06:32,125] [INFO] [_sm_handler.py::43] Current state: ready
[2025-07-07 12:06:32,130] [INFO] [_sm_handler.py::43] Current state: ready
[2025-07-07 12:06:32,132] [INFO] [_sm_handler.py::43] Current state: ready
[2025-07-07 12:06:32,134] [INFO] [_sm_handler.py::43] Current state: ready
[2025-07-07 12:06:32,144] [INFO] [_sm_handler.py::43] Current state: ready
[2025-07-07 12:06:32,146] [INFO] [_sm_handler.py::43] Current state: ready
[2025-07-07 12:06:32,153] [INFO] [_sm_handler.py::43] Current state: ready
[2025-07-07 12:06:32,158] [INFO] [_sm_handler.py::43] Current state: ready
[2025-07-07 12:06:32,164] [INFO] [_sm_handler.py::43] Current state: ready
[2025-07-07 12:06:32,172] [INFO] [_sm_handler.py::43] Current state: ready
[2025-07-07 12:06:32,178] [INFO] [_sm_handler.py::43] Current state: ready
[2025-07-07 12:06:32,183] [INFO] [_sm_handler.py::43] Current state: ready
[2025-07-07 12:06:32,185] [INFO] [_sm_handler.py::43] Current state: ready
[2025-07-07 12:06:32,186] [INFO] [_sm_handler.py::43] Current state: ready
[2025-07-07 12:06:32,196] [INFO] [_sm_handler.py::43] Current state: ready
[2025-07-07 12:06:32,199] [INFO] [_sm_handler.py::43] Current state: ready
[2025-07-07 12:06:32,206] [INFO] [_sm_handler.py::43] Current state: ready
[2025-07-07 12:06:32,211] [INFO] [_sm_handler.py::43] Current state: ready
[2025-07-07 12:06:32,217] [INFO] [_sm_handler.py::43] Current state: ready
[2025-07-07 12:06:32,225] [INFO] [_sm_handler.py::43] Current state: ready
[2025-07-07 12:06:32,231] [INFO] [_sm_handler.py::43] Current state: ready
[2025-07-07 12:06:32,235] [INFO] [_sm_handler.py::43] Current state: ready
[2025-07-07 12:06:32,237] [INFO] [_sm_handler.py::43] Current state: ready
[2025-07-07 12:06:32,239] [INFO] [_sm_handler.py::43] Current state: ready
[2025-07-07 12:06:32,249] [INFO] [_sm_handler.py::43] Current state: ready
[2025-07-07 12:06:32,251] [INFO] [_sm_handler.py::43] Current state: ready
[2025-07-07 12:06:32,258] [INFO] [_sm_handler.py::43] Current state: ready
[2025-07-07 12:06:32,263] [INFO] [_sm_handler.py::43] Current state: ready
[2025-07-07 12:06:32,269] [INFO] [_sm_handler.py::43] Current state: ready
[2025-07-07 12:06:32,277] [INFO] [_sm_handler.py::43] Current state: ready
[2025-07-07 12:06:32,283] [INFO] [_sm_handler.py::43] Current state: ready
[2025-07-07 12:06:32,287] [INFO] [_sm_handler.py::43] Current state: ready
[2025-07-07 12:06:32,289] [INFO] [_sm_handler.py::43] Current state: ready
[2025-07-07 12:06:32,291] [INFO] [_sm_handler.py::43] Current state: ready
[2025-07-07 12:06:32,301] [INFO] [_sm_handler.py::43] Current state: ready
[2025-07-07 12:06:32,303] [INFO] [_sm_handler.py::43] Current state: ready
[2025-07-07 12:06:32,310] [INFO] [_sm_handler.py::43] Current state: ready
[2025-07-07 12:06:32,315] [INFO] [_sm_handler.py::43] Current state: ready
[2025-07-07 12:06:32,321] [INFO] [_sm_handler.py::43] Current state: ready
[2025-07-07 12:06:32,330] [INFO] [_sm_handler.py::43] Current state: ready
[2025-07-07 12:06:32,336] [INFO] [_sm_handler.py::43] Current state: ready
[2025-07-07 12:06:32,340] [INFO] [_sm_handler.py::43] Current state: ready
[2025-07-07 12:06:32,342] [INFO] [_sm_handler.py::43] Current state: ready
[2025-07-07 12:06:32,344] [INFO] [_sm_handler.py::43] Current state: ready
[2025-07-07 12:06:32,354] [INFO] [_sm_handler.py::43] Current state: ready
[2025-07-07 12:06:32,356] [INFO] [_sm_handler.py::43] Current state: ready
[2025-07-07 12:06:32,363] [INFO] [_sm_handler.py::43] Current state: ready
[2025-07-07 12:06:32,368] [INFO] [_sm_handler.py::43] Current state: ready
[2025-07-07 12:06:32,374] [INFO] [_sm_handler.py::43] Current state: ready
[2025-07-07 12:06:32,382] [INFO] [_sm_handler.py::43] Current state: ready
[2025-07-07 12:06:32,388] [INFO] [_sm_handler.py::43] Current state: ready
[2025-07-07 12:06:32,392] [INFO] [_sm_handler.py::43] Current state: ready
[2025-07-07 12:06:32,394] [INFO] [_sm_handler.py::43] Current state: ready
[2025-07-07 12:06:32,396] [INFO] [_sm_handler.py::43] Current state: ready
[2025-07-07 12:06:32,406] [INFO] [_sm_handler.py::43] Current state: ready
[2025-07-07 12:06:32,408] [INFO] [_sm_handler.py::43] Current state: ready
[2025-07-07 12:06:32,415] [INFO] [_sm_handler.py::43] Current state: ready
[2025-07-07 12:06:32,420] [INFO] [_sm_handler.py::43] Current state: ready
[2025-07-07 12:06:32,426] [INFO] [_sm_handler.py::43] Current state: ready
[2025-07-07 12:06:32,434] [INFO] [_sm_handler.py::43] Current state: ready
[2025-07-07 12:06:32,440] [INFO] [_sm_handler.py::43] Current state: ready
[2025-07-07 12:06:32,444] [INFO] [_sm_handler.py::43] Current state: ready
[2025-07-07 12:06:32,447] [INFO] [_sm_handler.py::43] Current state: ready
[2025-07-07 12:06:32,448] [INFO] [_sm_handler.py::43] Current state: ready
[2025-07-07 12:06:32,458] [INFO] [_sm_handler.py::43] Current state: ready
[2025-07-07 12:06:32,460] [INFO] [_sm_handler.py::43] Current state: ready
[2025-07-07 12:06:32,468] [INFO] [_sm_handler.py::43] Current state: ready
[2025-07-07 12:06:32,473] [INFO] [_sm_handler.py::43] Current state: ready
[2025-07-07 12:06:32,479] [INFO] [_sm_handler.py::43] Current state: ready
[2025-07-07 12:06:32,487] [INFO] [_sm_handler.py::43] Current state: ready
[2025-07-07 12:06:32,493] [INFO] [_sm_handler.py::43] Current state: ready
[2025-07-07 12:06:32,497] [INFO] [_sm_handler.py::43] Current state: ready
[2025-07-07 12:06:32,499] [INFO] [_sm_handler.py::43] Current state: ready
[2025-07-07 12:06:32,501] [INFO] [_sm_handler.py::43] Current state: ready
[2025-07-07 12:06:32,511] [INFO] [_sm_handler.py::43] Current state: ready
[2025-07-07 12:06:32,513] [INFO] [_sm_handler.py::43] Current state: ready
[2025-07-07 12:06:32,520] [INFO] [_sm_handler.py::43] Current state: ready
[2025-07-07 12:06:32,526] [INFO] [_sm_handler.py::43] Current state: ready
[2025-07-07 12:06:32,532] [INFO] [_sm_handler.py::43] Current state: ready
[2025-07-07 12:06:32,540] [INFO] [_sm_handler.py::43] Current state: ready
[2025-07-07 12:06:32,546] [INFO] [_sm_handler.py::43] Current state: ready
[2025-07-07 12:06:32,550] [INFO] [_sm_handler.py::43] Current state: ready
[2025-07-07 12:06:32,552] [INFO] [_sm_handler.py::43] Current state: ready
[2025-07-07 12:06:32,554] [INFO] [_sm_handler.py::43] Current state: ready
[2025-07-07 12:06:32,564] [INFO] [_sm_handler.py::43] Current state: ready
[2025-07-07 12:06:32,566] [INFO] [_sm_handler.py::43] Current state: ready
[2025-07-07 12:06:32,573] [INFO] [_sm_handler.py::43] Current state: ready
[2025-07-07 12:06:32,578] [INFO] [_sm_handler.py::43] Current state: ready
[2025-07-07 12:06:32,584] [INFO] [_sm_handler.py::43] Current state: ready
[2025-07-07 12:06:32,592] [INFO] [_sm_handler.py::43] Current state: ready
[2025-07-07 12:06:32,599] [INFO] [_sm_handler.py::43] Current state: ready
[2025-07-07 12:06:32,603] [INFO] [_sm_handler.py::43] Current state: ready
[2025-07-07 12:06:32,605] [INFO] [_sm_handler.py::43] Current state: ready
[2025-07-07 12:06:32,607] [INFO] [_sm_handler.py::43] Current state: ready
[2025-07-07 12:06:32,617] [INFO] [_sm_handler.py::43] Current state: ready
[2025-07-07 12:06:32,619] [INFO] [_sm_handler.py::43] Current state: ready
[2025-07-07 12:06:32,626] [INFO] [_sm_handler.py::43] Current state: ready
[2025-07-07 12:06:32,631] [INFO] [_sm_handler.py::43] Current state: ready
[2025-07-07 12:06:32,637] [INFO] [_sm_handler.py::43] Current state: ready
[2025-07-07 12:06:32,645] [INFO] [_sm_handler.py::43] Current state: ready
[2025-07-07 12:06:32,651] [INFO] [_sm_handler.py::43] Current state: ready
[2025-07-07 12:06:32,655] [INFO] [_sm_handler.py::43] Current state: ready
[2025-07-07 12:06:32,657] [INFO] [_sm_handler.py::43] Current state: ready
[2025-07-07 12:06:32,659] [INFO] [_sm_handler.py::43] Current state: ready
[2025-07-07 12:06:32,669] [INFO] [_sm_handler.py::43] Current state: ready
[2025-07-07 12:06:32,671] [INFO] [_sm_handler.py::43] Current state: ready
[2025-07-07 12:06:32,678] [INFO] [_sm_handler.py::43] Current state: ready
[2025-07-07 12:06:32,683] [INFO] [_sm_handler.py::43] Current state: ready
[2025-07-07 12:06:32,690] [INFO] [_sm_handler.py::43] Current state: ready
[2025-07-07 12:06:32,698] [INFO] [_sm_handler.py::43] Current state: ready
[2025-07-07 12:06:32,704] [INFO] [_sm_handler.py::43] Current state: ready
[2025-07-07 12:06:32,708] [INFO] [_sm_handler.py::43] Current state: ready
[2025-07-07 12:06:32,710] [INFO] [_sm_handler.py::43] Current state: ready
[2025-07-07 12:06:32,712] [INFO] [_sm_handler.py::43] Current state: ready
[2025-07-07 12:06:32,722] [INFO] [_sm_handler.py::43] Current state: ready
[2025-07-07 12:06:32,724] [INFO] [_sm_handler.py::43] Current state: ready
[2025-07-07 12:06:32,731] [INFO] [_sm_handler.py::43] Current state: ready
[2025-07-07 12:06:32,736] [INFO] [_sm_handler.py::43] Current state: ready
[2025-07-07 12:06:32,742] [INFO] [_sm_handler.py::43] Current state: ready
[2025-07-07 12:06:32,750] [INFO] [_sm_handler.py::43] Current state: ready
[2025-07-07 12:06:32,756] [INFO] [_sm_handler.py::43] Current state: ready
[2025-07-07 12:06:32,760] [INFO] [_sm_handler.py::43] Current state: ready
[2025-07-07 12:06:32,763] [INFO] [_sm_handler.py::43] Current state: ready
[2025-07-07 12:06:32,764] [INFO] [_sm_handler.py::43] Current state: ready
[2025-07-07 12:06:32,774] [INFO] [_sm_handler.py::43] Current state: ready
[2025-07-07 12:06:32,776] [INFO] [_sm_handler.py::43] Current state: ready
[2025-07-07 12:06:32,783] [INFO] [_sm_handler.py::43] Current state: ready
[2025-07-07 12:06:32,789] [INFO] [_sm_handler.py::43] Current state: ready
[2025-07-07 12:06:32,795] [INFO] [_sm_handler.py::43] Current state: ready
[2025-07-07 12:06:32,803] [INFO] [_sm_handler.py::43] Current state: ready
[2025-07-07 12:06:32,809] [INFO] [_sm_handler.py::43] Current state: ready
[2025-07-07 12:06:32,813] [INFO] [_sm_handler.py::43] Current state: ready
[2025-07-07 12:06:32,815] [INFO] [_sm_handler.py::43] Current state: ready
[2025-07-07 12:06:32,817] [INFO] [_sm_handler.py::43] Current state: ready
[2025-07-07 12:06:32,827] [INFO] [_sm_handler.py::43] Current state: ready
[2025-07-07 12:06:32,829] [INFO] [_sm_handler.py::43] Current state: ready
[2025-07-07 12:06:32,836] [INFO] [_sm_handler.py::43] Current state: ready
[2025-07-07 12:06:32,841] [INFO] [_sm_handler.py::43] Current state: ready
[2025-07-07 12:06:32,847] [INFO] [_sm_handler.py::43] Current state: ready
[2025-07-07 12:06:32,855] [INFO] [_sm_handler.py::43] Current state: ready
[2025-07-07 12:06:32,861] [INFO] [_sm_handler.py::43] Current state: ready
[2025-07-07 12:06:32,865] [INFO] [_sm_handler.py::43] Current state: ready
[2025-07-07 12:06:32,867] [INFO] [_sm_handler.py::43] Current state: ready
[2025-07-07 12:06:32,869] [INFO] [_sm_handler.py::43] Current state: ready
[2025-07-07 12:06:32,879] [INFO] [_sm_handler.py::43] Current state: ready
[2025-07-07 12:06:32,881] [INFO] [_sm_handler.py::43] Current state: ready
[2025-07-07 12:06:32,888] [INFO] [_sm_handler.py::43] Current state: ready
[2025-07-07 12:06:32,893] [INFO] [_sm_handler.py::43] Current state: ready
[2025-07-07 12:06:32,899] [INFO] [_sm_handler.py::43] Current state: ready
[2025-07-07 12:06:32,907] [INFO] [_sm_handler.py::43] Current state: ready
[2025-07-07 12:06:32,913] [INFO] [_sm_handler.py::43] Current state: ready
[2025-07-07 12:06:32,917] [INFO] [_sm_handler.py::43] Current state: ready
[2025-07-07 12:06:32,919] [INFO] [_sm_handler.py::43] Current state: ready
[2025-07-07 12:06:32,921] [INFO] [_sm_handler.py::43] Current state: ready
[2025-07-07 12:06:32,931] [INFO] [_sm_handler.py::43] Current state: ready
[2025-07-07 12:06:32,933] [INFO] [_sm_handler.py::43] Current state: ready
[2025-07-07 12:06:32,940] [INFO] [_sm_handler.py::43] Current state: ready
[2025-07-07 12:06:32,946] [INFO] [_sm_handler.py::43] Current state: ready
[2025-07-07 12:06:32,952] [INFO] [_sm_handler.py::43] Current state: ready
[2025-07-07 12:06:32,960] [INFO] [_sm_handler.py::43] Current state: ready
[2025-07-07 12:06:32,966] [INFO] [_sm_handler.py::43] Current state: ready
[2025-07-07 12:06:32,970] [INFO] [_sm_handler.py::43] Current state: ready
[2025-07-07 12:06:32,972] [INFO] [_sm_handler.py::43] Current state: ready
[2025-07-07 12:06:32,974] [INFO] [_sm_handler.py::43] Current state: ready
[2025-07-07 12:06:32,984] [INFO] [_sm_handler.py::43] Current state: ready
[2025-07-07 12:06:32,986] [INFO] [_sm_handler.py::43] Current state: ready
[2025-07-07 12:06:32,993] [INFO] [_sm_handler.py::43] Current state: ready
[2025-07-07 12:06:32,998] [INFO] [_sm_handler.py::43] Current state: ready
[2025-07-07 12:06:33,004] [INFO] [_sm_handler.py::43] Current state: ready
[2025-07-07 12:06:33,012] [INFO] [_sm_handler.py::43] Current state: ready
[2025-07-07 12:06:33,018] [INFO] [_sm_handler.py::43] Current state: ready
[2025-07-07 12:06:33,022] [INFO] [_sm_handler.py::43] Current state: ready
[2025-07-07 12:06:33,025] [INFO] [_sm_handler.py::43] Current state: ready
[2025-07-07 12:06:33,026] [INFO] [_sm_handler.py::43] Current state: ready
[2025-07-07 12:06:33,037] [INFO] [_sm_handler.py::43] Current state: ready
[2025-07-07 12:06:33,039] [INFO] [_sm_handler.py::43] Current state: ready
[2025-07-07 12:06:33,046] [INFO] [_sm_handler.py::43] Current state: ready
[2025-07-07 12:06:33,051] [INFO] [_sm_handler.py::43] Current state: ready
[2025-07-07 12:06:33,056] [INFO] [_sm_handler.py::43] Current state: ready
[2025-07-07 12:06:33,064] [INFO] [_sm_handler.py::43] Current state: ready
[2025-07-07 12:06:33,071] [INFO] [_sm_handler.py::43] Current state: ready
[2025-07-07 12:06:33,075] [INFO] [_sm_handler.py::43] Current state: ready
[2025-07-07 12:06:33,077] [INFO] [_sm_handler.py::43] Current state: ready
[2025-07-07 12:06:33,079] [INFO] [_sm_handler.py::43] Current state: ready
[2025-07-07 12:06:33,090] [INFO] [_sm_handler.py::43] Current state: ready
[2025-07-07 12:06:33,092] [INFO] [_sm_handler.py::43] Current state: ready
[2025-07-07 12:06:33,099] [INFO] [_sm_handler.py::43] Current state: ready
[2025-07-07 12:06:33,104] [INFO] [_sm_handler.py::43] Current state: ready
[2025-07-07 12:06:33,109] [INFO] [_sm_handler.py::43] Current state: ready
[2025-07-07 12:06:33,117] [INFO] [_sm_handler.py::43] Current state: ready
[2025-07-07 12:06:33,123] [INFO] [_sm_handler.py::43] Current state: ready
[2025-07-07 12:06:33,127] [INFO] [_sm_handler.py::43] Current state: ready
[2025-07-07 12:06:33,129] [INFO] [_sm_handler.py::43] Current state: ready
[2025-07-07 12:06:33,131] [INFO] [_sm_handler.py::43] Current state: ready
[2025-07-07 12:06:33,142] [INFO] [_sm_handler.py::43] Current state: ready
[2025-07-07 12:06:33,144] [INFO] [_sm_handler.py::43] Current state: ready
[2025-07-07 12:06:33,151] [INFO] [_sm_handler.py::43] Current state: ready
[2025-07-07 12:06:33,156] [INFO] [_sm_handler.py::43] Current state: ready
[2025-07-07 12:06:33,161] [INFO] [_sm_handler.py::43] Current state: ready
[2025-07-07 12:06:33,169] [INFO] [_sm_handler.py::43] Current state: ready
[2025-07-07 12:06:33,175] [INFO] [_sm_handler.py::43] Current state: ready
[2025-07-07 12:06:33,180] [INFO] [_sm_handler.py::43] Current state: ready
[2025-07-07 12:06:33,182] [INFO] [_sm_handler.py::43] Current state: ready
[2025-07-07 12:06:33,184] [INFO] [_sm_handler.py::43] Current state: ready
[2025-07-07 12:06:33,195] [INFO] [_sm_handler.py::43] Current state: ready
[2025-07-07 12:06:33,196] [INFO] [_sm_handler.py::43] Current state: ready
[2025-07-07 12:06:33,203] [INFO] [_sm_handler.py::43] Current state: ready
[2025-07-07 12:06:33,209] [INFO] [_sm_handler.py::43] Current state: ready
[2025-07-07 12:06:33,214] [INFO] [_sm_handler.py::43] Current state: ready
[2025-07-07 12:06:33,222] [INFO] [_sm_handler.py::43] Current state: ready
[2025-07-07 12:06:33,229] [INFO] [_sm_handler.py::43] Current state: ready
[2025-07-07 12:06:33,232] [INFO] [_sm_handler.py::43] Current state: ready
[2025-07-07 12:06:33,234] [INFO] [_sm_handler.py::43] Current state: ready
[2025-07-07 12:06:33,236] [INFO] [_sm_handler.py::43] Current state: ready
[2025-07-07 12:06:33,247] [INFO] [_sm_handler.py::43] Current state: ready
[2025-07-07 12:06:33,249] [INFO] [_sm_handler.py::43] Current state: ready
[2025-07-07 12:06:33,256] [INFO] [_sm_handler.py::43] Current state: ready
[2025-07-07 12:06:33,261] [INFO] [_sm_handler.py::43] Current state: ready
[2025-07-07 12:06:33,266] [INFO] [_sm_handler.py::43] Current state: ready
[2025-07-07 12:06:33,274] [INFO] [_sm_handler.py::43] Current state: ready
[2025-07-07 12:06:33,281] [INFO] [_sm_handler.py::43] Current state: ready
[2025-07-07 12:06:33,285] [INFO] [_sm_handler.py::43] Current state: ready
[2025-07-07 12:06:33,287] [INFO] [_sm_handler.py::43] Current state: ready
[2025-07-07 12:06:33,289] [INFO] [_sm_handler.py::43] Current state: ready
[2025-07-07 12:06:33,300] [INFO] [_sm_handler.py::43] Current state: ready
[2025-07-07 12:06:33,302] [INFO] [_sm_handler.py::43] Current state: ready
[2025-07-07 12:06:33,310] [INFO] [_sm_handler.py::43] Current state: ready
[2025-07-07 12:06:33,314] [INFO] [_sm_handler.py::43] Current state: ready
[2025-07-07 12:06:33,319] [INFO] [_sm_handler.py::43] Current state: ready
[2025-07-07 12:06:33,327] [INFO] [_sm_handler.py::43] Current state: ready
[2025-07-07 12:06:33,334] [INFO] [_sm_handler.py::43] Current state: ready
[2025-07-07 12:06:33,337] [INFO] [_sm_handler.py::43] Current state: ready
[2025-07-07 12:06:33,339] [INFO] [_sm_handler.py::43] Current state: ready
[2025-07-07 12:06:33,341] [INFO] [_sm_handler.py::43] Current state: ready
[2025-07-07 12:06:33,352] [INFO] [_sm_handler.py::43] Current state: ready
[2025-07-07 12:06:33,354] [INFO] [_sm_handler.py::43] Current state: ready
[2025-07-07 12:06:33,362] [INFO] [_sm_handler.py::43] Current state: ready
[2025-07-07 12:06:33,366] [INFO] [_sm_handler.py::43] Current state: ready
[2025-07-07 12:06:33,372] [INFO] [_sm_handler.py::43] Current state: ready
[2025-07-07 12:06:33,380] [INFO] [_sm_handler.py::43] Current state: ready
[2025-07-07 12:06:33,387] [INFO] [_sm_handler.py::43] Current state: ready
[2025-07-07 12:06:33,390] [INFO] [_sm_handler.py::43] Current state: ready
[2025-07-07 12:06:33,392] [INFO] [_sm_handler.py::43] Current state: ready
[2025-07-07 12:06:33,394] [INFO] [_sm_handler.py::43] Current state: ready
[2025-07-07 12:06:33,405] [INFO] [_sm_handler.py::43] Current state: ready
[2025-07-07 12:06:33,407] [INFO] [_sm_handler.py::43] Current state: ready
[2025-07-07 12:06:33,415] [INFO] [_sm_handler.py::43] Current state: ready
[2025-07-07 12:06:33,419] [INFO] [_sm_handler.py::43] Current state: ready
[2025-07-07 12:06:33,424] [INFO] [_sm_handler.py::43] Current state: ready
[2025-07-07 12:06:33,432] [INFO] [_sm_handler.py::43] Current state: ready
[2025-07-07 12:06:33,439] [INFO] [_sm_handler.py::43] Current state: ready
[2025-07-07 12:06:33,442] [INFO] [_sm_handler.py::43] Current state: ready
[2025-07-07 12:06:33,444] [INFO] [_sm_handler.py::43] Current state: ready
[2025-07-07 12:06:33,446] [INFO] [_sm_handler.py::43] Current state: ready
[2025-07-07 12:06:33,457] [INFO] [_sm_handler.py::43] Current state: ready
[2025-07-07 12:06:33,459] [INFO] [_sm_handler.py::43] Current state: ready
[2025-07-07 12:06:33,467] [INFO] [_sm_handler.py::43] Current state: ready
[2025-07-07 12:06:33,472] [INFO] [_sm_handler.py::43] Current state: ready
[2025-07-07 12:06:33,477] [INFO] [_sm_handler.py::43] Current state: ready
[2025-07-07 12:06:33,485] [INFO] [_sm_handler.py::43] Current state: ready
[2025-07-07 12:06:33,492] [INFO] [_sm_handler.py::43] Current state: ready
[2025-07-07 12:06:33,495] [INFO] [_sm_handler.py::43] Current state: ready
[2025-07-07 12:06:33,497] [INFO] [_sm_handler.py::43] Current state: ready
[2025-07-07 12:06:33,499] [INFO] [_sm_handler.py::43] Current state: ready
[2025-07-07 12:06:33,510] [INFO] [_sm_handler.py::43] Current state: ready
[2025-07-07 12:06:33,512] [INFO] [_sm_handler.py::43] Current state: ready
[2025-07-07 12:06:33,520] [INFO] [_sm_handler.py::43] Current state: ready
[2025-07-07 12:06:33,524] [INFO] [_sm_handler.py::43] Current state: ready
[2025-07-07 12:06:33,529] [INFO] [_sm_handler.py::43] Current state: ready
[2025-07-07 12:06:33,537] [INFO] [_sm_handler.py::43] Current state: ready
[2025-07-07 12:06:33,544] [INFO] [_sm_handler.py::43] Current state: ready
[2025-07-07 12:06:33,548] [INFO] [_sm_handler.py::43] Current state: ready
[2025-07-07 12:06:33,549] [INFO] [_sm_handler.py::43] Current state: ready
[2025-07-07 12:06:33,551] [INFO] [_sm_handler.py::43] Current state: ready
[2025-07-07 12:06:33,562] [INFO] [_sm_handler.py::43] Current state: ready
[2025-07-07 12:06:33,564] [INFO] [_sm_handler.py::43] Current state: ready
[2025-07-07 12:06:33,573] [INFO] [_sm_handler.py::43] Current state: ready
[2025-07-07 12:06:33,577] [INFO] [_sm_handler.py::43] Current state: ready
[2025-07-07 12:06:33,582] [INFO] [_sm_handler.py::43] Current state: ready
[2025-07-07 12:06:33,590] [INFO] [_sm_handler.py::43] Current state: ready
[2025-07-07 12:06:33,597] [INFO] [_sm_handler.py::43] Current state: ready
[2025-07-07 12:06:33,600] [INFO] [_sm_handler.py::43] Current state: ready
[2025-07-07 12:06:33,602] [INFO] [_sm_handler.py::43] Current state: ready
[2025-07-07 12:06:33,604] [INFO] [_sm_handler.py::43] Current state: ready
[2025-07-07 12:06:33,615] [INFO] [_sm_handler.py::43] Current state: ready
[2025-07-07 12:06:33,617] [INFO] [_sm_handler.py::43] Current state: ready
[2025-07-07 12:06:33,625] [INFO] [_sm_handler.py::43] Current state: ready
[2025-07-07 12:06:33,629] [INFO] [_sm_handler.py::43] Current state: ready
[2025-07-07 12:06:33,635] [INFO] [_sm_handler.py::43] Current state: ready
[2025-07-07 12:06:33,643] [INFO] [_sm_handler.py::43] Current state: ready
[2025-07-07 12:06:33,650] [INFO] [_sm_handler.py::43] Current state: ready
[2025-07-07 12:06:33,653] [INFO] [_sm_handler.py::43] Current state: ready
[2025-07-07 12:06:33,655] [INFO] [_sm_handler.py::43] Current state: ready
[2025-07-07 12:06:33,657] [INFO] [_sm_handler.py::43] Current state: ready
[2025-07-07 12:06:33,668] [INFO] [_sm_handler.py::43] Current state: ready
[2025-07-07 12:06:33,670] [INFO] [_sm_handler.py::43] Current state: ready
[2025-07-07 12:06:33,678] [INFO] [_sm_handler.py::43] Current state: ready
[2025-07-07 12:06:33,682] [INFO] [_sm_handler.py::43] Current state: ready
[2025-07-07 12:06:33,687] [INFO] [_sm_handler.py::43] Current state: ready
[2025-07-07 12:06:33,695] [INFO] [_sm_handler.py::43] Current state: ready
[2025-07-07 12:06:33,702] [INFO] [_sm_handler.py::43] Current state: ready
[2025-07-07 12:06:33,705] [INFO] [_sm_handler.py::43] Current state: ready
[2025-07-07 12:06:33,707] [INFO] [_sm_handler.py::43] Current state: ready
[2025-07-07 12:06:33,709] [INFO] [_sm_handler.py::43] Current state: ready
[2025-07-07 12:06:33,720] [INFO] [_sm_handler.py::43] Current state: ready
[2025-07-07 12:06:33,722] [INFO] [_sm_handler.py::43] Current state: ready
[2025-07-07 12:06:33,730] [INFO] [_sm_handler.py::43] Current state: ready
[2025-07-07 12:06:33,734] [INFO] [_sm_handler.py::43] Current state: ready
[2025-07-07 12:06:33,739] [INFO] [_sm_handler.py::43] Current state: ready
[2025-07-07 12:06:33,747] [INFO] [_sm_handler.py::43] Current state: ready
[2025-07-07 12:06:33,755] [INFO] [_sm_handler.py::43] Current state: ready
[2025-07-07 12:06:33,758] [INFO] [_sm_handler.py::43] Current state: ready
[2025-07-07 12:06:33,760] [INFO] [_sm_handler.py::43] Current state: ready
[2025-07-07 12:06:33,761] [INFO] [_sm_handler.py::43] Current state: ready
[2025-07-07 12:06:33,773] [INFO] [_sm_handler.py::43] Current state: ready
[2025-07-07 12:06:33,775] [INFO] [_sm_handler.py::43] Current state: ready
[2025-07-07 12:06:33,783] [INFO] [_sm_handler.py::43] Current state: ready
[2025-07-07 12:06:33,787] [INFO] [_sm_handler.py::43] Current state: ready
[2025-07-07 12:06:33,792] [INFO] [_sm_handler.py::43] Current state: ready
[2025-07-07 12:06:33,800] [INFO] [_sm_handler.py::43] Current state: ready
[2025-07-07 12:06:33,807] [INFO] [_sm_handler.py::43] Current state: ready
[2025-07-07 12:06:33,810] [INFO] [_sm_handler.py::43] Current state: ready
[2025-07-07 12:06:33,812] [INFO] [_sm_handler.py::43] Current state: ready
[2025-07-07 12:06:33,814] [INFO] [_sm_handler.py::43] Current state: ready
[2025-07-07 12:06:33,825] [INFO] [_sm_handler.py::43] Current state: ready
[2025-07-07 12:06:33,827] [INFO] [_sm_handler.py::43] Current state: ready
[2025-07-07 12:06:33,835] [INFO] [_sm_handler.py::43] Current state: ready
[2025-07-07 12:06:33,839] [INFO] [_sm_handler.py::43] Current state: ready
[2025-07-07 12:06:33,845] [INFO] [_sm_handler.py::43] Current state: ready
[2025-07-07 12:06:33,853] [INFO] [_sm_handler.py::43] Current state: ready
[2025-07-07 12:06:33,860] [INFO] [_sm_handler.py::43] Current state: ready
[2025-07-07 12:06:33,863] [INFO] [_sm_handler.py::43] Current state: ready
[2025-07-07 12:06:33,865] [INFO] [_sm_handler.py::43] Current state: ready
[2025-07-07 12:06:33,867] [INFO] [_sm_handler.py::43] Current state: ready
[2025-07-07 12:06:33,878] [INFO] [_sm_handler.py::43] Current state: ready
[2025-07-07 12:06:33,880] [INFO] [_sm_handler.py::43] Current state: ready
[2025-07-07 12:06:33,888] [INFO] [_sm_handler.py::43] Current state: ready
[2025-07-07 12:06:33,892] [INFO] [_sm_handler.py::43] Current state: ready
[2025-07-07 12:06:33,897] [INFO] [_sm_handler.py::43] Current state: ready
[2025-07-07 12:06:33,905] [INFO] [_sm_handler.py::43] Current state: ready
[2025-07-07 12:06:33,912] [INFO] [_sm_handler.py::43] Current state: ready
[2025-07-07 12:06:33,916] [INFO] [_sm_handler.py::43] Current state: ready
[2025-07-07 12:06:33,917] [INFO] [_sm_handler.py::43] Current state: ready
[2025-07-07 12:06:33,919] [INFO] [_sm_handler.py::43] Current state: ready
[2025-07-07 12:06:33,930] [INFO] [_sm_handler.py::43] Current state: ready
[2025-07-07 12:06:33,932] [INFO] [_sm_handler.py::43] Current state: ready
[2025-07-07 12:06:33,940] [INFO] [_sm_handler.py::43] Current state: ready
[2025-07-07 12:06:33,944] [INFO] [_sm_handler.py::43] Current state: ready
[2025-07-07 12:06:33,950] [INFO] [_sm_handler.py::43] Current state: ready
[2025-07-07 12:06:33,958] [INFO] [_sm_handler.py::43] Current state: ready
[2025-07-07 12:06:33,965] [INFO] [_sm_handler.py::43] Current state: ready
[2025-07-07 12:06:33,968] [INFO] [_sm_handler.py::43] Current state: ready
[2025-07-07 12:06:33,970] [INFO] [_sm_handler.py::43] Current state: ready
[2025-07-07 12:06:33,972] [INFO] [_sm_handler.py::43] Current state: ready
[2025-07-07 12:06:33,983] [INFO] [_sm_handler.py::43] Current state: ready
[2025-07-07 12:06:33,985] [INFO] [_sm_handler.py::43] Current state: ready
[2025-07-07 12:06:33,993] [INFO] [_sm_handler.py::43] Current state: ready
[2025-07-07 12:06:33,997] [INFO] [_sm_handler.py::43] Current state: ready
[2025-07-07 12:06:34,002] [INFO] [_sm_handler.py::43] Current state: ready
[2025-07-07 12:06:34,010] [INFO] [_sm_handler.py::43] Current state: ready
[2025-07-07 12:06:34,017] [INFO] [_sm_handler.py::43] Current state: ready
[2025-07-07 12:06:34,021] [INFO] [_sm_handler.py::43] Current state: ready
[2025-07-07 12:06:34,022] [INFO] [_sm_handler.py::43] Current state: ready
[2025-07-07 12:06:34,024] [INFO] [_sm_handler.py::43] Current state: ready
[2025-07-07 12:06:34,035] [INFO] [_sm_handler.py::43] Current state: ready
[2025-07-07 12:06:34,037] [INFO] [_sm_handler.py::43] Current state: ready
[2025-07-07 12:06:34,045] [INFO] [_sm_handler.py::43] Current state: ready
[2025-07-07 12:06:34,050] [INFO] [_sm_handler.py::43] Current state: ready
[2025-07-07 12:06:34,055] [INFO] [_sm_handler.py::43] Current state: ready
[2025-07-07 12:06:34,063] [INFO] [_sm_handler.py::43] Current state: ready
[2025-07-07 12:06:34,070] [INFO] [_sm_handler.py::43] Current state: ready
[2025-07-07 12:06:34,073] [INFO] [_sm_handler.py::43] Current state: ready
[2025-07-07 12:06:34,075] [INFO] [_sm_handler.py::43] Current state: ready
[2025-07-07 12:06:34,077] [INFO] [_sm_handler.py::43] Current state: ready
[2025-07-07 12:06:34,088] [INFO] [_sm_handler.py::43] Current state: ready
[2025-07-07 12:06:34,090] [INFO] [_sm_handler.py::43] Current state: ready
[2025-07-07 12:06:34,099] [INFO] [_sm_handler.py::43] Current state: ready
[2025-07-07 12:06:34,103] [INFO] [_sm_handler.py::43] Current state: ready
[2025-07-07 12:06:34,108] [INFO] [_sm_handler.py::43] Current state: ready
[2025-07-07 12:06:34,116] [INFO] [_sm_handler.py::43] Current state: ready
[2025-07-07 12:06:34,123] [INFO] [_sm_handler.py::43] Current state: ready
[2025-07-07 12:06:34,126] [INFO] [_sm_handler.py::43] Current state: ready
[2025-07-07 12:06:34,128] [INFO] [_sm_handler.py::43] Current state: ready
[2025-07-07 12:06:34,129] [INFO] [_sm_handler.py::43] Current state: ready
[2025-07-07 12:06:34,141] [INFO] [_sm_handler.py::43] Current state: ready
[2025-07-07 12:06:34,143] [INFO] [_sm_handler.py::43] Current state: ready
[2025-07-07 12:06:34,151] [INFO] [_sm_handler.py::43] Current state: ready
[2025-07-07 12:06:34,155] [INFO] [_sm_handler.py::43] Current state: ready
[2025-07-07 12:06:34,160] [INFO] [_sm_handler.py::43] Current state: ready
[2025-07-07 12:06:34,168] [INFO] [_sm_handler.py::43] Current state: ready
[2025-07-07 12:06:34,176] [INFO] [_sm_handler.py::43] Current state: ready
[2025-07-07 12:06:34,178] [INFO] [_sm_handler.py::43] Current state: ready
[2025-07-07 12:06:34,180] [INFO] [_sm_handler.py::43] Current state: ready
[2025-07-07 12:06:34,182] [INFO] [_sm_handler.py::43] Current state: ready
[2025-07-07 12:06:34,194] [INFO] [_sm_handler.py::43] Current state: ready
[2025-07-07 12:06:34,197] [INFO] [_sm_handler.py::43] Current state: ready
[2025-07-07 12:06:34,204] [INFO] [_sm_handler.py::43] Current state: ready
[2025-07-07 12:06:34,208] [INFO] [_sm_handler.py::43] Current state: ready
[2025-07-07 12:06:34,213] [INFO] [_sm_handler.py::43] Current state: ready
[2025-07-07 12:06:34,220] [INFO] [_sm_handler.py::43] Current state: ready
[2025-07-07 12:06:34,228] [INFO] [_sm_handler.py::43] Current state: ready
[2025-07-07 12:06:34,230] [INFO] [_sm_handler.py::43] Current state: ready
[2025-07-07 12:06:34,232] [INFO] [_sm_handler.py::43] Current state: ready
[2025-07-07 12:06:34,234] [INFO] [_sm_handler.py::43] Current state: ready
[2025-07-07 12:06:34,247] [INFO] [_sm_handler.py::43] Current state: ready
[2025-07-07 12:06:34,249] [INFO] [_sm_handler.py::43] Current state: ready
[2025-07-07 12:06:34,257] [INFO] [_sm_handler.py::43] Current state: ready
[2025-07-07 12:06:34,260] [INFO] [_sm_handler.py::43] Current state: ready
[2025-07-07 12:06:34,265] [INFO] [_sm_handler.py::43] Current state: ready
[2025-07-07 12:06:34,273] [INFO] [_sm_handler.py::43] Current state: ready
[2025-07-07 12:06:34,281] [INFO] [_sm_handler.py::43] Current state: ready
[2025-07-07 12:06:34,283] [INFO] [_sm_handler.py::43] Current state: ready
[2025-07-07 12:06:34,285] [INFO] [_sm_handler.py::43] Current state: ready
[2025-07-07 12:06:34,287] [INFO] [_sm_handler.py::43] Current state: ready
[2025-07-07 12:06:34,300] [INFO] [_sm_handler.py::43] Current state: ready
[2025-07-07 12:06:34,302] [INFO] [_sm_handler.py::43] Current state: ready
[2025-07-07 12:06:34,309] [INFO] [_sm_handler.py::43] Current state: ready
[2025-07-07 12:06:34,313] [INFO] [_sm_handler.py::43] Current state: ready
[2025-07-07 12:06:34,318] [INFO] [_sm_handler.py::43] Current state: ready
[2025-07-07 12:06:34,326] [INFO] [_sm_handler.py::43] Current state: ready
[2025-07-07 12:06:34,334] [INFO] [_sm_handler.py::43] Current state: ready
[2025-07-07 12:06:34,336] [INFO] [_sm_handler.py::43] Current state: ready
[2025-07-07 12:06:34,338] [INFO] [_sm_handler.py::43] Current state: ready
[2025-07-07 12:06:34,340] [INFO] [_sm_handler.py::43] Current state: ready
[2025-07-07 12:06:34,353] [INFO] [_sm_handler.py::43] Current state: ready
[2025-07-07 12:06:34,355] [INFO] [_sm_handler.py::43] Current state: ready
[2025-07-07 12:06:34,362] [INFO] [_sm_handler.py::43] Current state: ready
[2025-07-07 12:06:34,365] [INFO] [_sm_handler.py::43] Current state: ready
[2025-07-07 12:06:34,370] [INFO] [_sm_handler.py::43] Current state: ready
[2025-07-07 12:06:34,378] [INFO] [_sm_handler.py::43] Current state: ready
[2025-07-07 12:06:34,386] [INFO] [_sm_handler.py::43] Current state: ready
[2025-07-07 12:06:34,388] [INFO] [_sm_handler.py::43] Current state: ready
[2025-07-07 12:06:34,390] [INFO] [_sm_handler.py::43] Current state: ready
[2025-07-07 12:06:34,392] [INFO] [_sm_handler.py::43] Current state: ready
[2025-07-07 12:06:34,405] [INFO] [_sm_handler.py::43] Current state: ready
[2025-07-07 12:06:34,407] [INFO] [_sm_handler.py::43] Current state: ready
[2025-07-07 12:06:34,414] [INFO] [_sm_handler.py::43] Current state: ready
[2025-07-07 12:06:34,418] [INFO] [_sm_handler.py::43] Current state: ready
[2025-07-07 12:06:34,423] [INFO] [_sm_handler.py::43] Current state: ready
[2025-07-07 12:06:34,431] [INFO] [_sm_handler.py::43] Current state: ready
[2025-07-07 12:06:34,439] [INFO] [_sm_handler.py::43] Current state: ready
[2025-07-07 12:06:34,441] [INFO] [_sm_handler.py::43] Current state: ready
[2025-07-07 12:06:34,443] [INFO] [_sm_handler.py::43] Current state: ready
[2025-07-07 12:06:34,445] [INFO] [_sm_handler.py::43] Current state: ready
[2025-07-07 12:06:34,458] [INFO] [_sm_handler.py::43] Current state: ready
[2025-07-07 12:06:34,460] [INFO] [_sm_handler.py::43] Current state: ready
[2025-07-07 12:06:34,467] [INFO] [_sm_handler.py::43] Current state: ready
[2025-07-07 12:06:34,470] [INFO] [_sm_handler.py::43] Current state: ready
[2025-07-07 12:06:34,475] [INFO] [_sm_handler.py::43] Current state: ready
[2025-07-07 12:06:34,483] [INFO] [_sm_handler.py::43] Current state: ready
[2025-07-07 12:06:34,492] [INFO] [_sm_handler.py::43] Current state: ready
[2025-07-07 12:06:34,494] [INFO] [_sm_handler.py::43] Current state: ready
[2025-07-07 12:06:34,496] [INFO] [_sm_handler.py::43] Current state: ready
[2025-07-07 12:06:34,497] [INFO] [_sm_handler.py::43] Current state: ready
[2025-07-07 12:06:34,510] [INFO] [_sm_handler.py::43] Current state: ready
[2025-07-07 12:06:34,513] [INFO] [_sm_handler.py::43] Current state: ready
[2025-07-07 12:06:34,520] [INFO] [_sm_handler.py::43] Current state: ready
[2025-07-07 12:06:34,523] [INFO] [_sm_handler.py::43] Current state: ready
[2025-07-07 12:06:34,528] [INFO] [_sm_handler.py::43] Current state: ready
[2025-07-07 12:06:34,536] [INFO] [_sm_handler.py::43] Current state: ready
[2025-07-07 12:06:34,544] [INFO] [_sm_handler.py::43] Current state: ready
[2025-07-07 12:06:34,546] [INFO] [_sm_handler.py::43] Current state: ready
[2025-07-07 12:06:34,548] [INFO] [_sm_handler.py::43] Current state: ready
[2025-07-07 12:06:34,550] [INFO] [_sm_handler.py::43] Current state: ready
[2025-07-07 12:06:34,563] [INFO] [_sm_handler.py::43] Current state: ready
[2025-07-07 12:06:34,565] [INFO] [_sm_handler.py::43] Current state: ready
[2025-07-07 12:06:34,572] [INFO] [_sm_handler.py::43] Current state: ready
[2025-07-07 12:06:34,575] [INFO] [_sm_handler.py::43] Current state: ready
[2025-07-07 12:06:34,580] [INFO] [_sm_handler.py::43] Current state: ready
[2025-07-07 12:06:34,588] [INFO] [_sm_handler.py::43] Current state: ready
[2025-07-07 12:06:34,596] [INFO] [_sm_handler.py::43] Current state: ready
[2025-07-07 12:06:34,598] [INFO] [_sm_handler.py::43] Current state: ready
[2025-07-07 12:06:34,600] [INFO] [_sm_handler.py::43] Current state: ready
[2025-07-07 12:06:34,602] [INFO] [_sm_handler.py::43] Current state: ready
[2025-07-07 12:06:34,615] [INFO] [_sm_handler.py::43] Current state: ready
[2025-07-07 12:06:34,617] [INFO] [_sm_handler.py::43] Current state: ready
[2025-07-07 12:06:34,624] [INFO] [_sm_handler.py::43] Current state: ready
[2025-07-07 12:06:34,628] [INFO] [_sm_handler.py::43] Current state: ready
[2025-07-07 12:06:34,633] [INFO] [_sm_handler.py::43] Current state: ready
[2025-07-07 12:06:34,641] [INFO] [_sm_handler.py::43] Current state: ready
[2025-07-07 12:06:34,649] [INFO] [_sm_handler.py::43] Current state: ready
[2025-07-07 12:06:34,651] [INFO] [_sm_handler.py::43] Current state: ready
[2025-07-07 12:06:34,653] [INFO] [_sm_handler.py::43] Current state: ready
[2025-07-07 12:06:34,655] [INFO] [_sm_handler.py::43] Current state: ready
[2025-07-07 12:06:34,668] [INFO] [_sm_handler.py::43] Current state: ready
[2025-07-07 12:06:34,670] [INFO] [_sm_handler.py::43] Current state: ready
[2025-07-07 12:06:34,677] [INFO] [_sm_handler.py::43] Current state: ready
[2025-07-07 12:06:34,680] [INFO] [_sm_handler.py::43] Current state: ready
[2025-07-07 12:06:34,686] [INFO] [_sm_handler.py::43] Current state: ready
[2025-07-07 12:06:34,694] [INFO] [_sm_handler.py::43] Current state: ready
[2025-07-07 12:06:34,702] [INFO] [_sm_handler.py::43] Current state: ready
[2025-07-07 12:06:34,704] [INFO] [_sm_handler.py::43] Current state: ready
[2025-07-07 12:06:34,706] [INFO] [_sm_handler.py::43] Current state: ready
[2025-07-07 12:06:34,708] [INFO] [_sm_handler.py::43] Current state: ready
[2025-07-07 12:06:34,721] [INFO] [_sm_handler.py::43] Current state: ready
[2025-07-07 12:06:34,723] [INFO] [_sm_handler.py::43] Current state: ready
[2025-07-07 12:06:34,730] [INFO] [_sm_handler.py::43] Current state: ready
[2025-07-07 12:06:34,733] [INFO] [_sm_handler.py::43] Current state: ready
[2025-07-07 12:06:34,738] [INFO] [_sm_handler.py::43] Current state: ready
[2025-07-07 12:06:34,746] [INFO] [_sm_handler.py::43] Current state: ready
[2025-07-07 12:06:34,755] [INFO] [_sm_handler.py::43] Current state: ready
[2025-07-07 12:06:34,757] [INFO] [_sm_handler.py::43] Current state: ready
[2025-07-07 12:06:34,759] [INFO] [_sm_handler.py::43] Current state: ready
[2025-07-07 12:06:34,761] [INFO] [_sm_handler.py::43] Current state: ready
[2025-07-07 12:06:34,774] [INFO] [_sm_handler.py::43] Current state: ready
[2025-07-07 12:06:34,776] [INFO] [_sm_handler.py::43] Current state: ready
[2025-07-07 12:06:34,783] [INFO] [_sm_handler.py::43] Current state: ready
[2025-07-07 12:06:34,786] [INFO] [_sm_handler.py::43] Current state: ready
[2025-07-07 12:06:34,791] [INFO] [_sm_handler.py::43] Current state: ready
[2025-07-07 12:06:34,799] [INFO] [_sm_handler.py::43] Current state: ready
[2025-07-07 12:06:34,807] [INFO] [_sm_handler.py::43] Current state: ready
[2025-07-07 12:06:34,809] [INFO] [_sm_handler.py::43] Current state: ready
[2025-07-07 12:06:34,811] [INFO] [_sm_handler.py::43] Current state: ready
[2025-07-07 12:06:34,813] [INFO] [_sm_handler.py::43] Current state: ready
[2025-07-07 12:06:34,826] [INFO] [_sm_handler.py::43] Current state: ready
[2025-07-07 12:06:34,828] [INFO] [_sm_handler.py::43] Current state: ready
[2025-07-07 12:06:34,835] [INFO] [_sm_handler.py::43] Current state: ready
[2025-07-07 12:06:34,839] [INFO] [_sm_handler.py::43] Current state: ready
[2025-07-07 12:06:34,844] [INFO] [_sm_handler.py::43] Current state: ready
[2025-07-07 12:06:34,852] [INFO] [_sm_handler.py::43] Current state: ready
[2025-07-07 12:06:34,860] [INFO] [_sm_handler.py::43] Current state: ready
[2025-07-07 12:06:34,862] [INFO] [_sm_handler.py::43] Current state: ready
[2025-07-07 12:06:34,864] [INFO] [_sm_handler.py::43] Current state: ready
[2025-07-07 12:06:34,866] [INFO] [_sm_handler.py::43] Current state: ready
[2025-07-07 12:06:34,879] [INFO] [_sm_handler.py::43] Current state: ready
[2025-07-07 12:06:34,881] [INFO] [_sm_handler.py::43] Current state: ready
[2025-07-07 12:06:34,888] [INFO] [_sm_handler.py::43] Current state: ready
[2025-07-07 12:06:34,891] [INFO] [_sm_handler.py::43] Current state: ready
[2025-07-07 12:06:34,896] [INFO] [_sm_handler.py::43] Current state: ready
[2025-07-07 12:06:34,904] [INFO] [_sm_handler.py::43] Current state: ready
[2025-07-07 12:06:34,912] [INFO] [_sm_handler.py::43] Current state: ready
[2025-07-07 12:06:34,915] [INFO] [_sm_handler.py::43] Current state: ready
[2025-07-07 12:06:34,916] [INFO] [_sm_handler.py::43] Current state: ready
[2025-07-07 12:06:34,918] [INFO] [_sm_handler.py::43] Current state: ready
[2025-07-07 12:06:34,931] [INFO] [_sm_handler.py::43] Current state: ready
[2025-07-07 12:06:34,934] [INFO] [_sm_handler.py::43] Current state: ready
[2025-07-07 12:06:34,941] [INFO] [_sm_handler.py::43] Current state: ready
[2025-07-07 12:06:34,944] [INFO] [_sm_handler.py::43] Current state: ready
[2025-07-07 12:06:34,949] [INFO] [_sm_handler.py::43] Current state: ready
[2025-07-07 12:06:34,957] [INFO] [_sm_handler.py::43] Current state: ready
[2025-07-07 12:06:34,965] [INFO] [_sm_handler.py::43] Current state: ready
[2025-07-07 12:06:34,967] [INFO] [_sm_handler.py::43] Current state: ready
[2025-07-07 12:06:34,969] [INFO] [_sm_handler.py::43] Current state: ready
[2025-07-07 12:06:34,971] [INFO] [_sm_handler.py::43] Current state: ready
[2025-07-07 12:06:34,984] [INFO] [_sm_handler.py::43] Current state: ready
[2025-07-07 12:06:34,986] [INFO] [_sm_handler.py::43] Current state: ready
[2025-07-07 12:06:34,993] [INFO] [_sm_handler.py::43] Current state: ready
[2025-07-07 12:06:34,996] [INFO] [_sm_handler.py::43] Current state: ready
[2025-07-07 12:06:35,001] [INFO] [_sm_handler.py::43] Current state: ready
[2025-07-07 12:06:35,009] [INFO] [_sm_handler.py::43] Current state: ready
[2025-07-07 12:06:35,017] [INFO] [_sm_handler.py::43] Current state: ready
[2025-07-07 12:06:35,019] [INFO] [_sm_handler.py::43] Current state: ready
[2025-07-07 12:06:35,021] [INFO] [_sm_handler.py::43] Current state: ready
[2025-07-07 12:06:35,023] [INFO] [_sm_handler.py::43] Current state: ready
[2025-07-07 12:06:35,037] [INFO] [_sm_handler.py::43] Current state: ready
[2025-07-07 12:06:35,039] [INFO] [_sm_handler.py::43] Current state: ready
[2025-07-07 12:06:35,046] [INFO] [_sm_handler.py::43] Current state: ready
[2025-07-07 12:06:35,048] [INFO] [_sm_handler.py::43] Current state: ready
[2025-07-07 12:06:35,054] [INFO] [_sm_handler.py::43] Current state: ready
[2025-07-07 12:06:35,062] [INFO] [_sm_handler.py::43] Current state: ready
[2025-07-07 12:06:35,069] [INFO] [_sm_handler.py::43] Current state: ready
[2025-07-07 12:06:35,072] [INFO] [_sm_handler.py::43] Current state: ready
[2025-07-07 12:06:35,074] [INFO] [_sm_handler.py::43] Current state: ready
[2025-07-07 12:06:35,076] [INFO] [_sm_handler.py::43] Current state: ready
[2025-07-07 12:06:35,090] [INFO] [_sm_handler.py::43] Current state: ready
[2025-07-07 12:06:35,092] [INFO] [_sm_handler.py::43] Current state: ready
[2025-07-07 12:06:35,098] [INFO] [_sm_handler.py::43] Current state: ready
[2025-07-07 12:06:35,100] [INFO] [_sm_handler.py::43] Current state: ready
[2025-07-07 12:06:35,106] [INFO] [_sm_handler.py::43] Current state: ready
[2025-07-07 12:06:35,115] [INFO] [_sm_handler.py::43] Current state: ready
[2025-07-07 12:06:35,122] [INFO] [_sm_handler.py::43] Current state: ready
[2025-07-07 12:06:35,125] [INFO] [_sm_handler.py::43] Current state: ready
[2025-07-07 12:06:35,126] [INFO] [_sm_handler.py::43] Current state: ready
[2025-07-07 12:06:35,128] [INFO] [_sm_handler.py::43] Current state: ready
[2025-07-07 12:06:35,142] [INFO] [_sm_handler.py::43] Current state: ready
[2025-07-07 12:06:35,145] [INFO] [_sm_handler.py::43] Current state: ready
[2025-07-07 12:06:35,151] [INFO] [_sm_handler.py::43] Current state: ready
[2025-07-07 12:06:35,153] [INFO] [_sm_handler.py::43] Current state: ready
[2025-07-07 12:06:35,158] [INFO] [_sm_handler.py::43] Current state: ready
[2025-07-07 12:06:35,168] [INFO] [_sm_handler.py::43] Current state: ready
[2025-07-07 12:06:35,175] [INFO] [_sm_handler.py::43] Current state: ready
[2025-07-07 12:06:35,177] [INFO] [_sm_handler.py::43] Current state: ready
[2025-07-07 12:06:35,179] [INFO] [_sm_handler.py::43] Current state: ready
[2025-07-07 12:06:35,181] [INFO] [_sm_handler.py::43] Current state: ready
[2025-07-07 12:06:35,195] [INFO] [_sm_handler.py::43] Current state: ready
[2025-07-07 12:06:35,197] [INFO] [_sm_handler.py::43] Current state: ready
[2025-07-07 12:06:35,204] [INFO] [_sm_handler.py::43] Current state: ready
[2025-07-07 12:06:35,206] [INFO] [_sm_handler.py::43] Current state: ready
[2025-07-07 12:06:35,211] [INFO] [_sm_handler.py::43] Current state: ready
[2025-07-07 12:06:35,221] [INFO] [_sm_handler.py::43] Current state: ready
[2025-07-07 12:06:35,228] [INFO] [_sm_handler.py::43] Current state: ready
[2025-07-07 12:06:35,230] [INFO] [_sm_handler.py::43] Current state: ready
[2025-07-07 12:06:35,232] [INFO] [_sm_handler.py::43] Current state: ready
[2025-07-07 12:06:35,234] [INFO] [_sm_handler.py::43] Current state: ready
[2025-07-07 12:06:35,248] [INFO] [_sm_handler.py::43] Current state: ready
[2025-07-07 12:06:35,250] [INFO] [_sm_handler.py::43] Current state: ready
[2025-07-07 12:06:35,257] [INFO] [_sm_handler.py::43] Current state: ready
[2025-07-07 12:06:35,259] [INFO] [_sm_handler.py::43] Current state: ready
[2025-07-07 12:06:35,263] [INFO] [_sm_handler.py::43] Current state: ready
[2025-07-07 12:06:35,273] [INFO] [_sm_handler.py::43] Current state: ready
[2025-07-07 12:06:35,280] [INFO] [_sm_handler.py::43] Current state: ready
[2025-07-07 12:06:35,283] [INFO] [_sm_handler.py::43] Current state: ready
[2025-07-07 12:06:35,284] [INFO] [_sm_handler.py::43] Current state: ready
[2025-07-07 12:06:35,286] [INFO] [_sm_handler.py::43] Current state: ready
[2025-07-07 12:06:35,300] [INFO] [_sm_handler.py::43] Current state: ready
[2025-07-07 12:06:35,303] [INFO] [_sm_handler.py::43] Current state: ready
[2025-07-07 12:06:35,310] [INFO] [_sm_handler.py::43] Current state: ready
[2025-07-07 12:06:35,312] [INFO] [_sm_handler.py::43] Current state: ready
[2025-07-07 12:06:35,316] [INFO] [_sm_handler.py::43] Current state: ready
[2025-07-07 12:06:35,326] [INFO] [_sm_handler.py::43] Current state: ready
[2025-07-07 12:06:35,333] [INFO] [_sm_handler.py::43] Current state: ready
[2025-07-07 12:06:35,335] [INFO] [_sm_handler.py::43] Current state: ready
[2025-07-07 12:06:35,337] [INFO] [_sm_handler.py::43] Current state: ready
[2025-07-07 12:06:35,339] [INFO] [_sm_handler.py::43] Current state: ready
[2025-07-07 12:06:35,353] [INFO] [_sm_handler.py::43] Current state: ready
[2025-07-07 12:06:35,355] [INFO] [_sm_handler.py::43] Current state: ready
[2025-07-07 12:06:35,362] [INFO] [_sm_handler.py::43] Current state: ready
[2025-07-07 12:06:35,364] [INFO] [_sm_handler.py::43] Current state: ready
[2025-07-07 12:06:35,368] [INFO] [_sm_handler.py::43] Current state: ready
[2025-07-07 12:06:35,378] [INFO] [_sm_handler.py::43] Current state: ready
[2025-07-07 12:06:35,385] [INFO] [_sm_handler.py::43] Current state: ready
[2025-07-07 12:06:35,387] [INFO] [_sm_handler.py::43] Current state: ready
[2025-07-07 12:06:35,389] [INFO] [_sm_handler.py::43] Current state: ready
[2025-07-07 12:06:35,391] [INFO] [_sm_handler.py::43] Current state: ready
[2025-07-07 12:06:35,405] [INFO] [_sm_handler.py::43] Current state: ready
[2025-07-07 12:06:35,407] [INFO] [_sm_handler.py::43] Current state: ready
[2025-07-07 12:06:35,414] [INFO] [_sm_handler.py::43] Current state: ready
[2025-07-07 12:06:35,416] [INFO] [_sm_handler.py::43] Current state: ready
[2025-07-07 12:06:35,420] [INFO] [_sm_handler.py::43] Current state: ready
[2025-07-07 12:06:35,430] [INFO] [_sm_handler.py::43] Current state: ready
[2025-07-07 12:06:35,438] [INFO] [_sm_handler.py::43] Current state: ready
[2025-07-07 12:06:35,440] [INFO] [_sm_handler.py::43] Current state: ready
[2025-07-07 12:06:35,442] [INFO] [_sm_handler.py::43] Current state: ready
[2025-07-07 12:06:35,444] [INFO] [_sm_handler.py::43] Current state: ready
[2025-07-07 12:06:35,458] [INFO] [_sm_handler.py::43] Current state: ready
[2025-07-07 12:06:35,460] [INFO] [_sm_handler.py::43] Current state: ready
[2025-07-07 12:06:35,467] [INFO] [_sm_handler.py::43] Current state: ready
[2025-07-07 12:06:35,469] [INFO] [_sm_handler.py::43] Current state: ready
[2025-07-07 12:06:35,473] [INFO] [_sm_handler.py::43] Current state: ready
[2025-07-07 12:06:35,483] [INFO] [_sm_handler.py::43] Current state: ready
[2025-07-07 12:06:35,490] [INFO] [_sm_handler.py::43] Current state: ready
[2025-07-07 12:06:35,493] [INFO] [_sm_handler.py::43] Current state: ready
[2025-07-07 12:06:35,495] [INFO] [_sm_handler.py::43] Current state: ready
[2025-07-07 12:06:35,497] [INFO] [_sm_handler.py::43] Current state: ready
[2025-07-07 12:06:35,511] [INFO] [_sm_handler.py::43] Current state: ready
[2025-07-07 12:06:35,513] [INFO] [_sm_handler.py::43] Current state: ready
[2025-07-07 12:06:35,520] [INFO] [_sm_handler.py::43] Current state: ready
[2025-07-07 12:06:35,522] [INFO] [_sm_handler.py::43] Current state: ready
[2025-07-07 12:06:35,526] [INFO] [_sm_handler.py::43] Current state: ready
[2025-07-07 12:06:35,536] [INFO] [_sm_handler.py::43] Current state: ready
[2025-07-07 12:06:35,543] [INFO] [_sm_handler.py::43] Current state: ready
[2025-07-07 12:06:35,545] [INFO] [_sm_handler.py::43] Current state: ready
[2025-07-07 12:06:35,547] [INFO] [_sm_handler.py::43] Current state: ready
[2025-07-07 12:06:35,549] [INFO] [_sm_handler.py::43] Current state: ready
[2025-07-07 12:06:35,563] [INFO] [_sm_handler.py::43] Current state: ready
[2025-07-07 12:06:35,565] [INFO] [_sm_handler.py::43] Current state: ready
[2025-07-07 12:06:35,572] [INFO] [_sm_handler.py::43] Current state: ready
[2025-07-07 12:06:35,574] [INFO] [_sm_handler.py::43] Current state: ready
[2025-07-07 12:06:35,578] [INFO] [_sm_handler.py::43] Current state: ready
[2025-07-07 12:06:35,588] [INFO] [_sm_handler.py::43] Current state: ready
[2025-07-07 12:06:35,596] [INFO] [_sm_handler.py::43] Current state: ready
[2025-07-07 12:06:35,598] [INFO] [_sm_handler.py::43] Current state: ready
[2025-07-07 12:06:35,600] [INFO] [_sm_handler.py::43] Current state: ready
[2025-07-07 12:06:35,601] [INFO] [_sm_handler.py::43] Current state: ready
[2025-07-07 12:06:35,616] [INFO] [_sm_handler.py::43] Current state: ready
[2025-07-07 12:06:35,618] [INFO] [_sm_handler.py::43] Current state: ready
[2025-07-07 12:06:35,625] [INFO] [_sm_handler.py::43] Current state: ready
[2025-07-07 12:06:35,627] [INFO] [_sm_handler.py::43] Current state: ready
[2025-07-07 12:06:35,631] [INFO] [_sm_handler.py::43] Current state: ready
[2025-07-07 12:06:35,641] [INFO] [_sm_handler.py::43] Current state: ready
[2025-07-07 12:06:35,648] [INFO] [_sm_handler.py::43] Current state: ready
[2025-07-07 12:06:35,650] [INFO] [_sm_handler.py::43] Current state: ready
[2025-07-07 12:06:35,652] [INFO] [_sm_handler.py::43] Current state: ready
[2025-07-07 12:06:35,654] [INFO] [_sm_handler.py::43] Current state: ready
[2025-07-07 12:06:35,669] [INFO] [_sm_handler.py::43] Current state: ready
[2025-07-07 12:06:35,671] [INFO] [_sm_handler.py::43] Current state: ready
[2025-07-07 12:06:35,677] [INFO] [_sm_handler.py::43] Current state: ready
[2025-07-07 12:06:35,680] [INFO] [_sm_handler.py::43] Current state: ready
[2025-07-07 12:06:35,684] [INFO] [_sm_handler.py::43] Current state: ready
[2025-07-07 12:06:35,695] [INFO] [_sm_handler.py::43] Current state: ready
[2025-07-07 12:06:35,701] [INFO] [_sm_handler.py::43] Current state: ready
[2025-07-07 12:06:35,703] [INFO] [_sm_handler.py::43] Current state: ready
[2025-07-07 12:06:35,705] [INFO] [_sm_handler.py::43] Current state: ready
[2025-07-07 12:06:35,707] [INFO] [_sm_handler.py::43] Current state: ready
[2025-07-07 12:06:35,722] [INFO] [_sm_handler.py::43] Current state: ready
[2025-07-07 12:06:35,724] [INFO] [_sm_handler.py::43] Current state: ready
[2025-07-07 12:06:35,730] [INFO] [_sm_handler.py::43] Current state: ready
[2025-07-07 12:06:35,732] [INFO] [_sm_handler.py::43] Current state: ready
[2025-07-07 12:06:35,736] [INFO] [_sm_handler.py::43] Current state: ready
[2025-07-07 12:06:35,748] [INFO] [_sm_handler.py::43] Current state: ready
[2025-07-07 12:06:35,754] [INFO] [_sm_handler.py::43] Current state: ready
[2025-07-07 12:06:35,756] [INFO] [_sm_handler.py::43] Current state: ready
[2025-07-07 12:06:35,758] [INFO] [_sm_handler.py::43] Current state: ready
[2025-07-07 12:06:35,760] [INFO] [_sm_handler.py::43] Current state: ready
[2025-07-07 12:06:35,774] [INFO] [_sm_handler.py::43] Current state: ready
[2025-07-07 12:06:35,776] [INFO] [_sm_handler.py::43] Current state: ready
[2025-07-07 12:06:35,782] [INFO] [_sm_handler.py::43] Current state: ready
[2025-07-07 12:06:35,784] [INFO] [_sm_handler.py::43] Current state: ready
[2025-07-07 12:06:35,788] [INFO] [_sm_handler.py::43] Current state: ready
[2025-07-07 12:06:35,801] [INFO] [_sm_handler.py::43] Current state: ready
[2025-07-07 12:06:35,807] [INFO] [_sm_handler.py::43] Current state: ready
[2025-07-07 12:06:35,809] [INFO] [_sm_handler.py::43] Current state: ready
[2025-07-07 12:06:35,811] [INFO] [_sm_handler.py::43] Current state: ready
[2025-07-07 12:06:35,813] [INFO] [_sm_handler.py::43] Current state: ready
[2025-07-07 12:06:35,827] [INFO] [_sm_handler.py::43] Current state: ready
[2025-07-07 12:06:35,829] [INFO] [_sm_handler.py::43] Current state: ready
[2025-07-07 12:06:35,835] [INFO] [_sm_handler.py::43] Current state: ready
[2025-07-07 12:06:35,837] [INFO] [_sm_handler.py::43] Current state: ready
[2025-07-07 12:06:35,841] [INFO] [_sm_handler.py::43] Current state: ready
[2025-07-07 12:06:35,853] [INFO] [_sm_handler.py::43] Current state: ready
[2025-07-07 12:06:35,859] [INFO] [_sm_handler.py::43] Current state: ready
[2025-07-07 12:06:35,861] [INFO] [_sm_handler.py::43] Current state: ready
[2025-07-07 12:06:35,863] [INFO] [_sm_handler.py::43] Current state: ready
[2025-07-07 12:06:35,865] [INFO] [_sm_handler.py::43] Current state: ready
[2025-07-07 12:06:35,879] [INFO] [_sm_handler.py::43] Current state: ready
[2025-07-07 12:06:35,881] [INFO] [_sm_handler.py::43] Current state: ready
[2025-07-07 12:06:35,887] [INFO] [_sm_handler.py::43] Current state: ready
[2025-07-07 12:06:35,889] [INFO] [_sm_handler.py::43] Current state: ready
[2025-07-07 12:06:35,893] [INFO] [_sm_handler.py::43] Current state: ready
[2025-07-07 12:06:35,906] [INFO] [_sm_handler.py::43] Current state: ready
[2025-07-07 12:06:35,911] [INFO] [_sm_handler.py::43] Current state: ready
[2025-07-07 12:06:35,913] [INFO] [_sm_handler.py::43] Current state: ready
[2025-07-07 12:06:35,915] [INFO] [_sm_handler.py::43] Current state: ready
[2025-07-07 12:06:35,917] [INFO] [_sm_handler.py::43] Current state: ready
[2025-07-07 12:06:35,932] [INFO] [_sm_handler.py::43] Current state: ready
[2025-07-07 12:06:35,934] [INFO] [_sm_handler.py::43] Current state: ready
[2025-07-07 12:06:35,940] [INFO] [_sm_handler.py::43] Current state: ready
[2025-07-07 12:06:35,942] [INFO] [_sm_handler.py::43] Current state: ready
[2025-07-07 12:06:35,946] [INFO] [_sm_handler.py::43] Current state: ready
[2025-07-07 12:06:35,959] [INFO] [_sm_handler.py::43] Current state: ready
[2025-07-07 12:06:35,964] [INFO] [_sm_handler.py::43] Current state: ready
[2025-07-07 12:06:35,966] [INFO] [_sm_handler.py::43] Current state: ready
[2025-07-07 12:06:35,968] [INFO] [_sm_handler.py::43] Current state: ready
[2025-07-07 12:06:35,970] [INFO] [_sm_handler.py::43] Current state: ready
[2025-07-07 12:06:35,984] [INFO] [_sm_handler.py::43] Current state: ready
[2025-07-07 12:06:35,986] [INFO] [_sm_handler.py::43] Current state: ready
[2025-07-07 12:06:35,992] [INFO] [_sm_handler.py::43] Current state: ready
[2025-07-07 12:06:35,994] [INFO] [_sm_handler.py::43] Current state: ready
[2025-07-07 12:06:35,998] [INFO] [_sm_handler.py::43] Current state: ready
[2025-07-07 12:06:36,011] [INFO] [_sm_handler.py::43] Current state: ready
[2025-07-07 12:06:36,016] [INFO] [_sm_handler.py::43] Current state: ready
[2025-07-07 12:06:36,018] [INFO] [_sm_handler.py::43] Current state: ready
[2025-07-07 12:06:36,020] [INFO] [_sm_handler.py::43] Current state: ready
[2025-07-07 12:06:36,022] [INFO] [_sm_handler.py::43] Current state: ready
[2025-07-07 12:06:36,036] [INFO] [_sm_handler.py::43] Current state: ready
[2025-07-07 12:06:36,038] [INFO] [_sm_handler.py::43] Current state: ready
[2025-07-07 12:06:36,044] [INFO] [_sm_handler.py::43] Current state: ready
[2025-07-07 12:06:36,047] [INFO] [_sm_handler.py::43] Current state: ready
[2025-07-07 12:06:36,051] [INFO] [_sm_handler.py::43] Current state: ready
[2025-07-07 12:06:36,064] [INFO] [_sm_handler.py::43] Current state: ready
[2025-07-07 12:06:36,069] [INFO] [_sm_handler.py::43] Current state: ready
[2025-07-07 12:06:36,072] [INFO] [_sm_handler.py::43] Current state: ready
[2025-07-07 12:06:36,073] [INFO] [_sm_handler.py::43] Current state: ready
[2025-07-07 12:06:36,075] [INFO] [_sm_handler.py::43] Current state: ready
[2025-07-07 12:06:36,089] [INFO] [_sm_handler.py::43] Current state: ready
[2025-07-07 12:06:36,091] [INFO] [_sm_handler.py::43] Current state: ready
[2025-07-07 12:06:36,097] [INFO] [_sm_handler.py::43] Current state: ready
[2025-07-07 12:06:36,099] [INFO] [_sm_handler.py::43] Current state: ready
[2025-07-07 12:06:36,103] [INFO] [_sm_handler.py::43] Current state: ready
[2025-07-07 12:06:36,117] [INFO] [_sm_handler.py::43] Current state: ready
[2025-07-07 12:06:36,122] [INFO] [_sm_handler.py::43] Current state: ready
[2025-07-07 12:06:36,124] [INFO] [_sm_handler.py::43] Current state: ready
[2025-07-07 12:06:36,126] [INFO] [_sm_handler.py::43] Current state: ready
[2025-07-07 12:06:36,128] [INFO] [_sm_handler.py::43] Current state: ready
[2025-07-07 12:06:36,141] [INFO] [_sm_handler.py::43] Current state: ready
[2025-07-07 12:06:36,143] [INFO] [_sm_handler.py::43] Current state: ready
[2025-07-07 12:06:36,149] [INFO] [_sm_handler.py::43] Current state: ready
[2025-07-07 12:06:36,151] [INFO] [_sm_handler.py::43] Current state: ready
[2025-07-07 12:06:36,155] [INFO] [_sm_handler.py::43] Current state: ready
[2025-07-07 12:06:36,169] [INFO] [_sm_handler.py::43] Current state: ready
[2025-07-07 12:06:36,174] [INFO] [_sm_handler.py::43] Current state: ready
[2025-07-07 12:06:36,177] [INFO] [_sm_handler.py::43] Current state: ready
[2025-07-07 12:06:36,178] [INFO] [_sm_handler.py::43] Current state: ready
[2025-07-07 12:06:36,181] [INFO] [_sm_handler.py::43] Current state: ready
[2025-07-07 12:06:36,194] [INFO] [_sm_handler.py::43] Current state: ready
[2025-07-07 12:06:36,196] [INFO] [_sm_handler.py::43] Current state: ready
[2025-07-07 12:06:36,202] [INFO] [_sm_handler.py::43] Current state: ready
[2025-07-07 12:06:36,204] [INFO] [_sm_handler.py::43] Current state: ready
[2025-07-07 12:06:36,208] [INFO] [_sm_handler.py::43] Current state: ready
[2025-07-07 12:06:36,222] [INFO] [_sm_handler.py::43] Current state: ready
[2025-07-07 12:06:36,227] [INFO] [_sm_handler.py::43] Current state: ready
[2025-07-07 12:06:36,230] [INFO] [_sm_handler.py::43] Current state: ready
[2025-07-07 12:06:36,232] [INFO] [_sm_handler.py::43] Current state: ready
[2025-07-07 12:06:36,234] [INFO] [_sm_handler.py::43] Current state: ready
[2025-07-07 12:06:36,247] [INFO] [_sm_handler.py::43] Current state: ready
[2025-07-07 12:06:36,249] [INFO] [_sm_handler.py::43] Current state: ready
[2025-07-07 12:06:36,254] [INFO] [_sm_handler.py::43] Current state: ready
[2025-07-07 12:06:36,256] [INFO] [_sm_handler.py::43] Current state: ready
[2025-07-07 12:06:36,260] [INFO] [_sm_handler.py::43] Current state: ready
[2025-07-07 12:06:36,274] [INFO] [_sm_handler.py::43] Current state: ready
[2025-07-07 12:06:36,281] [INFO] [_sm_handler.py::43] Current state: ready
[2025-07-07 12:06:36,283] [INFO] [_sm_handler.py::43] Current state: ready
[2025-07-07 12:06:36,285] [INFO] [_sm_handler.py::43] Current state: ready
[2025-07-07 12:06:36,287] [INFO] [_sm_handler.py::43] Current state: ready
[2025-07-07 12:06:36,300] [INFO] [_sm_handler.py::43] Current state: ready
[2025-07-07 12:06:36,302] [INFO] [_sm_handler.py::43] Current state: ready
[2025-07-07 12:06:36,307] [INFO] [_sm_handler.py::43] Current state: ready
[2025-07-07 12:06:36,309] [INFO] [_sm_handler.py::43] Current state: ready
[2025-07-07 12:06:36,313] [INFO] [_sm_handler.py::43] Current state: ready
[2025-07-07 12:06:36,327] [INFO] [_sm_handler.py::43] Current state: ready
[2025-07-07 12:06:36,333] [INFO] [_sm_handler.py::43] Current state: ready
[2025-07-07 12:06:36,335] [INFO] [_sm_handler.py::43] Current state: ready
[2025-07-07 12:06:36,337] [INFO] [_sm_handler.py::43] Current state: ready
[2025-07-07 12:06:36,339] [INFO] [_sm_handler.py::43] Current state: ready
[2025-07-07 12:06:36,352] [INFO] [_sm_handler.py::43] Current state: ready
[2025-07-07 12:06:36,355] [INFO] [_sm_handler.py::43] Current state: ready
[2025-07-07 12:06:36,360] [INFO] [_sm_handler.py::43] Current state: ready
[2025-07-07 12:06:36,362] [INFO] [_sm_handler.py::43] Current state: ready
[2025-07-07 12:06:36,366] [INFO] [_sm_handler.py::43] Current state: ready
[2025-07-07 12:06:36,380] [INFO] [_sm_handler.py::43] Current state: ready
[2025-07-07 12:06:36,386] [INFO] [_sm_handler.py::43] Current state: ready
[2025-07-07 12:06:36,388] [INFO] [_sm_handler.py::43] Current state: ready
[2025-07-07 12:06:36,390] [INFO] [_sm_handler.py::43] Current state: ready
[2025-07-07 12:06:36,392] [INFO] [_sm_handler.py::43] Current state: ready
[2025-07-07 12:06:36,405] [INFO] [_sm_handler.py::43] Current state: ready
[2025-07-07 12:06:36,407] [INFO] [_sm_handler.py::43] Current state: ready
[2025-07-07 12:06:36,413] [INFO] [_sm_handler.py::43] Current state: ready
[2025-07-07 12:06:36,415] [INFO] [_sm_handler.py::43] Current state: ready
[2025-07-07 12:06:36,419] [INFO] [_sm_handler.py::43] Current state: ready
[2025-07-07 12:06:36,433] [INFO] [_sm_handler.py::43] Current state: ready
[2025-07-07 12:06:36,439] [INFO] [_sm_handler.py::43] Current state: ready
[2025-07-07 12:06:36,441] [INFO] [_sm_handler.py::43] Current state: ready
[2025-07-07 12:06:36,443] [INFO] [_sm_handler.py::43] Current state: ready
[2025-07-07 12:06:36,445] [INFO] [_sm_handler.py::43] Current state: ready
[2025-07-07 12:06:36,458] [INFO] [_sm_handler.py::43] Current state: ready
[2025-07-07 12:06:36,460] [INFO] [_sm_handler.py::43] Current state: ready
[2025-07-07 12:06:36,466] [INFO] [_sm_handler.py::43] Current state: ready
[2025-07-07 12:06:36,468] [INFO] [_sm_handler.py::43] Current state: ready
[2025-07-07 12:06:36,472] [INFO] [_sm_handler.py::43] Current state: ready
[2025-07-07 12:06:36,486] [INFO] [_sm_handler.py::43] Current state: ready
[2025-07-07 12:06:36,492] [INFO] [_sm_handler.py::43] Current state: ready
[2025-07-07 12:06:36,494] [INFO] [_sm_handler.py::43] Current state: ready
[2025-07-07 12:06:36,496] [INFO] [_sm_handler.py::43] Current state: ready
[2025-07-07 12:06:36,498] [INFO] [_sm_handler.py::43] Current state: ready
[2025-07-07 12:06:36,510] [INFO] [_sm_handler.py::43] Current state: ready
[2025-07-07 12:06:36,512] [INFO] [_sm_handler.py::43] Current state: ready
[2025-07-07 12:06:36,518] [INFO] [_sm_handler.py::43] Current state: ready
[2025-07-07 12:06:36,520] [INFO] [_sm_handler.py::43] Current state: ready
[2025-07-07 12:06:36,524] [INFO] [_sm_handler.py::43] Current state: ready
[2025-07-07 12:06:36,538] [INFO] [_sm_handler.py::43] Current state: ready
[2025-07-07 12:06:36,545] [INFO] [_sm_handler.py::43] Current state: ready
[2025-07-07 12:06:36,547] [INFO] [_sm_handler.py::43] Current state: ready
[2025-07-07 12:06:36,549] [INFO] [_sm_handler.py::43] Current state: ready
[2025-07-07 12:06:36,551] [INFO] [_sm_handler.py::43] Current state: ready
[2025-07-07 12:06:36,563] [INFO] [_sm_handler.py::43] Current state: ready
[2025-07-07 12:06:36,565] [INFO] [_sm_handler.py::43] Current state: ready
[2025-07-07 12:06:36,571] [INFO] [_sm_handler.py::43] Current state: ready
[2025-07-07 12:06:36,573] [INFO] [_sm_handler.py::43] Current state: ready
[2025-07-07 12:06:36,577] [INFO] [_sm_handler.py::43] Current state: ready
[2025-07-07 12:06:36,591] [INFO] [_sm_handler.py::43] Current state: ready
[2025-07-07 12:06:36,597] [INFO] [_sm_handler.py::43] Current state: ready
[2025-07-07 12:06:36,600] [INFO] [_sm_handler.py::43] Current state: ready
[2025-07-07 12:06:36,602] [INFO] [_sm_handler.py::43] Current state: ready
[2025-07-07 12:06:36,603] [INFO] [_sm_handler.py::43] Current state: ready
[2025-07-07 12:06:36,616] [INFO] [_sm_handler.py::43] Current state: ready
[2025-07-07 12:06:36,618] [INFO] [_sm_handler.py::43] Current state: ready
[2025-07-07 12:06:36,624] [INFO] [_sm_handler.py::43] Current state: ready
[2025-07-07 12:06:36,626] [INFO] [_sm_handler.py::43] Current state: ready
[2025-07-07 12:06:36,630] [INFO] [_sm_handler.py::43] Current state: ready
[2025-07-07 12:06:36,644] [INFO] [_sm_handler.py::43] Current state: ready
[2025-07-07 12:06:36,650] [INFO] [_sm_handler.py::43] Current state: ready
[2025-07-07 12:06:36,652] [INFO] [_sm_handler.py::43] Current state: ready
[2025-07-07 12:06:36,654] [INFO] [_sm_handler.py::43] Current state: ready
[2025-07-07 12:06:36,656] [INFO] [_sm_handler.py::43] Current state: ready
[2025-07-07 12:06:36,668] [INFO] [_sm_handler.py::43] Current state: ready
[2025-07-07 12:06:36,670] [INFO] [_sm_handler.py::43] Current state: ready
[2025-07-07 12:06:36,676] [INFO] [_sm_handler.py::43] Current state: ready
[2025-07-07 12:06:36,678] [INFO] [_sm_handler.py::43] Current state: ready
[2025-07-07 12:06:36,683] [INFO] [_sm_handler.py::43] Current state: ready
[2025-07-07 12:06:36,696] [INFO] [_sm_handler.py::43] Current state: ready
[2025-07-07 12:06:36,702] [INFO] [_sm_handler.py::43] Current state: ready
[2025-07-07 12:06:36,706] [INFO] [_sm_handler.py::43] Current state: ready
[2025-07-07 12:06:36,708] [INFO] [_sm_handler.py::43] Current state: ready
[2025-07-07 12:06:36,710] [INFO] [_sm_handler.py::43] Current state: ready
[2025-07-07 12:06:36,720] [INFO] [_sm_handler.py::43] Current state: ready
[2025-07-07 12:06:36,723] [INFO] [_sm_handler.py::43] Current state: ready
[2025-07-07 12:06:36,729] [INFO] [_sm_handler.py::43] Current state: ready
[2025-07-07 12:06:36,731] [INFO] [_sm_handler.py::43] Current state: ready
[2025-07-07 12:06:36,735] [INFO] [_sm_handler.py::43] Current state: ready
[2025-07-07 12:06:36,749] [INFO] [_sm_handler.py::43] Current state: ready
[2025-07-07 12:06:36,757] [INFO] [_sm_handler.py::43] Current state: ready
[2025-07-07 12:06:36,759] [INFO] [_sm_handler.py::43] Current state: ready
[2025-07-07 12:06:36,761] [INFO] [_sm_handler.py::43] Current state: ready
[2025-07-07 12:06:36,763] [INFO] [_sm_handler.py::43] Current state: ready
[2025-07-07 12:06:36,773] [INFO] [_sm_handler.py::43] Current state: ready
[2025-07-07 12:06:36,779] [INFO] [_sm_handler.py::43] Current state: ready
[2025-07-07 12:06:36,784] [INFO] [_sm_handler.py::43] Current state: ready
[2025-07-07 12:06:36,791] [INFO] [_sm_handler.py::43] Current state: ready
[2025-07-07 12:06:36,796] [INFO] [_sm_handler.py::43] Current state: ready
[2025-07-07 12:06:36,803] [INFO] [_sm_handler.py::43] Current state: ready
[2025-07-07 12:06:36,809] [INFO] [_sm_handler.py::43] Current state: ready
[2025-07-07 12:06:36,815] [INFO] [_sm_handler.py::43] Current state: ready
[2025-07-07 12:06:36,820] [INFO] [_sm_handler.py::43] Current state: ready
[2025-07-07 12:06:36,826] [INFO] [_sm_handler.py::43] Current state: ready
[2025-07-07 12:06:36,833] [INFO] [_sm_handler.py::43] Current state: ready
[2025-07-07 12:06:36,838] [INFO] [_sm_handler.py::43] Current state: ready
[2025-07-07 12:06:36,844] [INFO] [_sm_handler.py::43] Current state: ready
[2025-07-07 12:06:36,850] [INFO] [_sm_handler.py::43] Current state: ready
[2025-07-07 12:06:36,856] [INFO] [_sm_handler.py::43] Current state: ready
[2025-07-07 12:06:36,859] [INFO] [_sm_handler.py::43] Current state: ready
[2025-07-07 12:06:36,864] [INFO] [_sm_handler.py::43] Current state: ready
[2025-07-07 12:06:36,871] [INFO] [_sm_handler.py::43] Current state: ready
[2025-07-07 12:06:36,877] [INFO] [_sm_handler.py::43] Current state: ready
[2025-07-07 12:06:36,883] [INFO] [_sm_handler.py::43] Current state: ready
[2025-07-07 12:06:36,888] [INFO] [_sm_handler.py::43] Current state: ready
[2025-07-07 12:06:36,895] [INFO] [_sm_handler.py::43] Current state: ready
[2025-07-07 12:06:36,901] [INFO] [_sm_handler.py::43] Current state: ready
[2025-07-07 12:06:36,906] [INFO] [_sm_handler.py::43] Current state: ready
[2025-07-07 12:06:36,908] [INFO] [_sm_handler.py::43] Current state: ready
[2025-07-07 12:06:36,912] [INFO] [_sm_handler.py::43] Current state: ready
[2025-07-07 12:06:36,917] [INFO] [_sm_handler.py::43] Current state: ready
[2025-07-07 12:06:36,923] [INFO] [_sm_handler.py::43] Current state: ready
[2025-07-07 12:06:36,929] [INFO] [_sm_handler.py::43] Current state: ready
[2025-07-07 12:06:36,935] [INFO] [_sm_handler.py::43] Current state: ready
[2025-07-07 12:06:36,941] [INFO] [_sm_handler.py::43] Current state: ready
[2025-07-07 12:06:36,947] [INFO] [_sm_handler.py::43] Current state: ready
[2025-07-07 12:06:36,953] [INFO] [_sm_handler.py::43] Current state: ready
[2025-07-07 12:06:36,959] [INFO] [_sm_handler.py::43] Current state: ready
[2025-07-07 12:06:36,961] [INFO] [_sm_handler.py::43] Current state: ready
[2025-07-07 12:06:36,964] [INFO] [_sm_handler.py::43] Current state: ready
[2025-07-07 12:06:36,969] [INFO] [_sm_handler.py::43] Current state: ready
[2025-07-07 12:06:36,976] [INFO] [_sm_handler.py::43] Current state: ready
[2025-07-07 12:06:36,981] [INFO] [_sm_handler.py::43] Current state: ready
[2025-07-07 12:06:36,989] [INFO] [_sm_handler.py::43] Current state: ready
[2025-07-07 12:06:36,994] [INFO] [_sm_handler.py::43] Current state: ready
[2025-07-07 12:06:37,000] [INFO] [_sm_handler.py::43] Current state: ready
[2025-07-07 12:06:37,006] [INFO] [_sm_handler.py::43] Current state: ready
[2025-07-07 12:06:37,011] [INFO] [_sm_handler.py::43] Current state: ready
[2025-07-07 12:06:37,013] [INFO] [_sm_handler.py::43] Current state: ready
[2025-07-07 12:06:37,016] [INFO] [_sm_handler.py::43] Current state: ready
[2025-07-07 12:06:37,022] [INFO] [_sm_handler.py::43] Current state: ready
[2025-07-07 12:06:37,029] [INFO] [_sm_handler.py::43] Current state: ready
[2025-07-07 12:06:37,034] [INFO] [_sm_handler.py::43] Current state: ready
[2025-07-07 12:06:37,041] [INFO] [_sm_handler.py::43] Current state: ready
[2025-07-07 12:06:37,046] [INFO] [_sm_handler.py::43] Current state: ready
[2025-07-07 12:06:37,053] [INFO] [_sm_handler.py::43] Current state: ready
[2025-07-07 12:06:37,059] [INFO] [_sm_handler.py::43] Current state: ready
[2025-07-07 12:06:37,063] [INFO] [_sm_handler.py::43] Current state: ready
[2025-07-07 12:06:37,065] [INFO] [_sm_handler.py::43] Current state: ready
[2025-07-07 12:06:37,069] [INFO] [_sm_handler.py::43] Current state: ready
[2025-07-07 12:06:37,075] [INFO] [_sm_handler.py::43] Current state: ready
[2025-07-07 12:06:37,082] [INFO] [_sm_handler.py::43] Current state: ready
[2025-07-07 12:06:37,087] [INFO] [_sm_handler.py::43] Current state: ready
[2025-07-07 12:06:37,094] [INFO] [_sm_handler.py::43] Current state: ready
[2025-07-07 12:06:37,099] [INFO] [_sm_handler.py::43] Current state: ready
[2025-07-07 12:06:37,105] [INFO] [_sm_handler.py::43] Current state: ready
[2025-07-07 12:06:37,112] [INFO] [_sm_handler.py::43] Current state: ready
[2025-07-07 12:06:37,116] [INFO] [_sm_handler.py::43] Current state: ready
[2025-07-07 12:06:37,118] [INFO] [_sm_handler.py::43] Current state: ready
[2025-07-07 12:06:37,122] [INFO] [_sm_handler.py::43] Current state: ready
[2025-07-07 12:06:37,127] [INFO] [_sm_handler.py::43] Current state: ready
[2025-07-07 12:06:37,134] [INFO] [_sm_handler.py::43] Current state: ready
[2025-07-07 12:06:37,139] [INFO] [_sm_handler.py::43] Current state: ready
[2025-07-07 12:06:37,147] [INFO] [_sm_handler.py::43] Current state: ready
[2025-07-07 12:06:37,152] [INFO] [_sm_handler.py::43] Current state: ready
[2025-07-07 12:06:37,159] [INFO] [_sm_handler.py::43] Current state: ready
[2025-07-07 12:06:37,165] [INFO] [_sm_handler.py::43] Current state: ready
[2025-07-07 12:06:37,168] [INFO] [_sm_handler.py::43] Current state: ready
[2025-07-07 12:06:37,170] [INFO] [_sm_handler.py::43] Current state: ready
[2025-07-07 12:06:37,175] [INFO] [_sm_handler.py::43] Current state: ready
[2025-07-07 12:06:37,180] [INFO] [_sm_handler.py::43] Current state: ready
[2025-07-07 12:06:37,187] [INFO] [_sm_handler.py::43] Current state: ready
[2025-07-07 12:06:37,192] [INFO] [_sm_handler.py::43] Current state: ready
[2025-07-07 12:06:37,200] [INFO] [_sm_handler.py::43] Current state: ready
[2025-07-07 12:06:37,205] [INFO] [_sm_handler.py::43] Current state: ready
[2025-07-07 12:06:37,212] [INFO] [_sm_handler.py::43] Current state: ready
[2025-07-07 12:06:37,218] [INFO] [_sm_handler.py::43] Current state: ready
[2025-07-07 12:06:37,220] [INFO] [_sm_handler.py::43] Current state: ready
[2025-07-07 12:06:37,222] [INFO] [_sm_handler.py::43] Current state: ready
[2025-07-07 12:06:37,228] [INFO] [_sm_handler.py::43] Current state: ready
[2025-07-07 12:06:37,233] [INFO] [_sm_handler.py::43] Current state: ready
[2025-07-07 12:06:37,240] [INFO] [_sm_handler.py::43] Current state: ready
[2025-07-07 12:06:37,245] [INFO] [_sm_handler.py::43] Current state: ready
[2025-07-07 12:06:37,253] [INFO] [_sm_handler.py::43] Current state: ready
[2025-07-07 12:06:37,258] [INFO] [_sm_handler.py::43] Current state: ready
[2025-07-07 12:06:37,265] [INFO] [_sm_handler.py::43] Current state: ready
[2025-07-07 12:06:37,271] [INFO] [_sm_handler.py::43] Current state: ready
[2025-07-07 12:06:37,273] [INFO] [_sm_handler.py::43] Current state: ready
[2025-07-07 12:06:37,275] [INFO] [_sm_handler.py::43] Current state: ready
[2025-07-07 12:06:37,281] [INFO] [_sm_handler.py::43] Current state: ready
[2025-07-07 12:06:37,286] [INFO] [_sm_handler.py::43] Current state: ready
[2025-07-07 12:06:37,292] [INFO] [_sm_handler.py::43] Current state: ready
[2025-07-07 12:06:37,298] [INFO] [_sm_handler.py::43] Current state: ready
[2025-07-07 12:06:37,306] [INFO] [_sm_handler.py::43] Current state: ready
[2025-07-07 12:06:37,311] [INFO] [_sm_handler.py::43] Current state: ready
[2025-07-07 12:06:37,318] [INFO] [_sm_handler.py::43] Current state: ready
[2025-07-07 12:06:37,323] [INFO] [_sm_handler.py::43] Current state: ready
[2025-07-07 12:06:37,325] [INFO] [_sm_handler.py::43] Current state: ready
[2025-07-07 12:06:37,327] [INFO] [_sm_handler.py::43] Current state: ready
[2025-07-07 12:06:37,333] [INFO] [_sm_handler.py::43] Current state: ready
[2025-07-07 12:06:37,338] [INFO] [_sm_handler.py::43] Current state: ready
[2025-07-07 12:06:37,344] [INFO] [_sm_handler.py::43] Current state: ready
[2025-07-07 12:06:37,351] [INFO] [_sm_handler.py::43] Current state: ready
[2025-07-07 12:06:37,359] [INFO] [_sm_handler.py::43] Current state: ready
[2025-07-07 12:06:37,364] [INFO] [_sm_handler.py::43] Current state: ready
[2025-07-07 12:06:37,371] [INFO] [_sm_handler.py::43] Current state: ready
[2025-07-07 12:06:37,376] [INFO] [_sm_handler.py::43] Current state: ready
[2025-07-07 12:06:37,379] [INFO] [_sm_handler.py::43] Current state: ready
[2025-07-07 12:06:37,383] [INFO] [_sm_handler.py::43] Current state: ready
[2025-07-07 12:06:37,387] [INFO] [_sm_handler.py::43] Current state: ready
[2025-07-07 12:06:37,391] [INFO] [_sm_handler.py::43] Current state: ready
[2025-07-07 12:06:37,397] [INFO] [_sm_handler.py::43] Current state: ready
[2025-07-07 12:06:37,404] [INFO] [_sm_handler.py::43] Current state: ready
[2025-07-07 12:06:37,412] [INFO] [_sm_handler.py::43] Current state: ready
[2025-07-07 12:06:37,418] [INFO] [_sm_handler.py::43] Current state: ready
[2025-07-07 12:06:37,424] [INFO] [_sm_handler.py::43] Current state: ready
[2025-07-07 12:06:37,430] [INFO] [_sm_handler.py::43] Current state: ready
[2025-07-07 12:06:37,434] [INFO] [_sm_handler.py::43] Current state: ready
[2025-07-07 12:06:37,438] [INFO] [_sm_handler.py::43] Current state: ready
[2025-07-07 12:06:37,442] [INFO] [_sm_handler.py::43] Current state: ready
[2025-07-07 12:06:37,447] [INFO] [_sm_handler.py::43] Current state: ready
[2025-07-07 12:06:37,450] [INFO] [_sm_handler.py::43] Current state: ready
[2025-07-07 12:06:37,457] [INFO] [_sm_handler.py::43] Current state: ready
[2025-07-07 12:06:37,465] [INFO] [_sm_handler.py::43] Current state: ready
[2025-07-07 12:06:37,472] [INFO] [_sm_handler.py::43] Current state: ready
[2025-07-07 12:06:37,478] [INFO] [_sm_handler.py::43] Current state: ready
[2025-07-07 12:06:37,483] [INFO] [_sm_handler.py::43] Current state: ready
[2025-07-07 12:06:37,488] [INFO] [_sm_handler.py::43] Current state: ready
[2025-07-07 12:06:37,493] [INFO] [_sm_handler.py::43] Current state: ready
[2025-07-07 12:06:37,495] [INFO] [_sm_handler.py::43] Current state: ready
[2025-07-07 12:06:37,499] [INFO] [_sm_handler.py::43] Current state: ready
[2025-07-07 12:06:37,502] [INFO] [_sm_handler.py::43] Current state: ready
[2025-07-07 12:06:37,509] [INFO] [_sm_handler.py::43] Current state: ready
[2025-07-07 12:06:37,518] [INFO] [_sm_handler.py::43] Current state: ready
[2025-07-07 12:06:37,524] [INFO] [_sm_handler.py::43] Current state: ready
[2025-07-07 12:06:37,531] [INFO] [_sm_handler.py::43] Current state: ready
[2025-07-07 12:06:37,536] [INFO] [_sm_handler.py::43] Current state: ready
[2025-07-07 12:06:37,541] [INFO] [_sm_handler.py::43] Current state: ready
[2025-07-07 12:06:37,545] [INFO] [_sm_handler.py::43] Current state: ready
[2025-07-07 12:06:37,547] [INFO] [_sm_handler.py::43] Current state: ready
[2025-07-07 12:06:37,552] [INFO] [_sm_handler.py::43] Current state: ready
[2025-07-07 12:06:37,554] [INFO] [_sm_handler.py::43] Current state: ready
[2025-07-07 12:06:37,563] [INFO] [_sm_handler.py::43] Current state: ready
[2025-07-07 12:06:37,571] [INFO] [_sm_handler.py::43] Current state: ready
[2025-07-07 12:06:37,576] [INFO] [_sm_handler.py::43] Current state: ready
[2025-07-07 12:06:37,583] [INFO] [_sm_handler.py::43] Current state: ready
[2025-07-07 12:06:37,589] [INFO] [_sm_handler.py::43] Current state: ready
[2025-07-07 12:06:37,593] [INFO] [_sm_handler.py::43] Current state: ready
[2025-07-07 12:06:37,598] [INFO] [_sm_handler.py::43] Current state: ready
[2025-07-07 12:06:37,600] [INFO] [_sm_handler.py::43] Current state: ready
[2025-07-07 12:06:37,605] [INFO] [_sm_handler.py::43] Current state: ready
[2025-07-07 12:06:37,607] [INFO] [_sm_handler.py::43] Current state: ready
[2025-07-07 12:06:37,615] [INFO] [_sm_handler.py::43] Current state: ready
[2025-07-07 12:06:37,623] [INFO] [_sm_handler.py::43] Current state: ready
[2025-07-07 12:06:37,628] [INFO] [_sm_handler.py::43] Current state: ready
[2025-07-07 12:06:37,635] [INFO] [_sm_handler.py::43] Current state: ready
[2025-07-07 12:06:37,641] [INFO] [_sm_handler.py::43] Current state: ready
[2025-07-07 12:06:37,645] [INFO] [_sm_handler.py::43] Current state: ready
[2025-07-07 12:06:37,651] [INFO] [_sm_handler.py::43] Current state: ready
[2025-07-07 12:06:37,653] [INFO] [_sm_handler.py::43] Current state: ready
[2025-07-07 12:06:37,657] [INFO] [_sm_handler.py::43] Current state: ready
[2025-07-07 12:06:37,659] [INFO] [_sm_handler.py::43] Current state: ready
[2025-07-07 12:06:37,667] [INFO] [_sm_handler.py::43] Current state: ready
[2025-07-07 12:06:37,675] [INFO] [_sm_handler.py::43] Current state: ready
[2025-07-07 12:06:37,680] [INFO] [_sm_handler.py::43] Current state: ready
[2025-07-07 12:06:37,688] [INFO] [_sm_handler.py::43] Current state: ready
[2025-07-07 12:06:37,693] [INFO] [_sm_handler.py::43] Current state: ready
[2025-07-07 12:06:37,698] [INFO] [_sm_handler.py::43] Current state: ready
[2025-07-07 12:06:37,703] [INFO] [_sm_handler.py::43] Current state: ready
[2025-07-07 12:06:37,705] [INFO] [_sm_handler.py::43] Current state: ready
[2025-07-07 12:06:37,709] [INFO] [_sm_handler.py::43] Current state: ready
[2025-07-07 12:06:37,711] [INFO] [_sm_handler.py::43] Current state: ready
[2025-07-07 12:06:37,719] [INFO] [_sm_handler.py::43] Current state: ready
[2025-07-07 12:06:37,727] [INFO] [_sm_handler.py::43] Current state: ready
[2025-07-07 12:06:37,732] [INFO] [_sm_handler.py::43] Current state: ready
[2025-07-07 12:06:37,741] [INFO] [_sm_handler.py::43] Current state: ready
[2025-07-07 12:06:37,746] [INFO] [_sm_handler.py::43] Current state: ready
[2025-07-07 12:06:37,750] [INFO] [_sm_handler.py::43] Current state: ready
[2025-07-07 12:06:37,755] [INFO] [_sm_handler.py::43] Current state: ready
[2025-07-07 12:06:37,757] [INFO] [_sm_handler.py::43] Current state: ready
[2025-07-07 12:06:37,761] [INFO] [_sm_handler.py::43] Current state: ready
[2025-07-07 12:06:37,763] [INFO] [_sm_handler.py::43] Current state: ready
[2025-07-07 12:06:37,771] [INFO] [_sm_handler.py::43] Current state: ready
[2025-07-07 12:06:37,779] [INFO] [_sm_handler.py::43] Current state: ready
[2025-07-07 12:06:37,785] [INFO] [_sm_handler.py::43] Current state: ready
[2025-07-07 12:06:37,793] [INFO] [_sm_handler.py::43] Current state: ready
[2025-07-07 12:06:37,798] [INFO] [_sm_handler.py::43] Current state: ready
[2025-07-07 12:06:37,802] [INFO] [_sm_handler.py::43] Current state: ready
[2025-07-07 12:06:37,807] [INFO] [_sm_handler.py::43] Current state: ready
[2025-07-07 12:06:37,810] [INFO] [_sm_handler.py::43] Current state: ready
[2025-07-07 12:06:37,814] [INFO] [_sm_handler.py::43] Current state: ready
[2025-07-07 12:06:37,816] [INFO] [_sm_handler.py::43] Current state: ready
[2025-07-07 12:06:37,824] [INFO] [_sm_handler.py::43] Current state: ready
[2025-07-07 12:06:37,832] [INFO] [_sm_handler.py::43] Current state: ready
[2025-07-07 12:06:37,837] [INFO] [_sm_handler.py::43] Current state: ready
[2025-07-07 12:06:37,845] [INFO] [_sm_handler.py::43] Current state: ready
[2025-07-07 12:07:34,309] [INFO] [_sm_handler.py::43] Current state: init
[2025-07-07 12:07:34,311] [INFO] [device_runtime.py::83] DeviceRuntime initialized
[2025-07-07 12:07:34,367] [INFO] [_sm_handler.py::43] Current state: send_init_request
[2025-07-07 12:07:34,433] [INFO] [_sm_handler.py::43] Current state: get_ecf_address
[2025-07-07 12:07:34,486] [INFO] [_sm_handler.py::43] Current state: ready
[2025-07-07 12:07:34,538] [INFO] [_sm_handler.py::43] Current state: ready
[2025-07-07 12:07:34,590] [INFO] [_sm_handler.py::43] Current state: ready
[2025-07-07 12:07:34,643] [INFO] [_sm_handler.py::43] Current state: ready
[2025-07-07 12:07:34,695] [INFO] [_sm_handler.py::43] Current state: ready
[2025-07-07 12:07:34,747] [INFO] [_sm_handler.py::43] Current state: ready
[2025-07-07 12:07:34,799] [INFO] [_sm_handler.py::43] Current state: ready
[2025-07-07 12:07:34,851] [INFO] [_sm_handler.py::43] Current state: ready
[2025-07-07 12:07:34,904] [INFO] [_sm_handler.py::43] Current state: ready
[2025-07-07 12:07:34,956] [INFO] [_sm_handler.py::43] Current state: ready
[2025-07-07 12:07:35,008] [INFO] [_sm_handler.py::43] Current state: ready
[2025-07-07 12:07:35,060] [INFO] [_sm_handler.py::43] Current state: ready
[2025-07-07 12:07:35,112] [INFO] [_sm_handler.py::43] Current state: ready
[2025-07-07 12:07:35,165] [INFO] [_sm_handler.py::43] Current state: ready
[2025-07-07 12:07:35,217] [INFO] [_sm_handler.py::43] Current state: ready
[2025-07-07 12:07:35,269] [INFO] [_sm_handler.py::43] Current state: ready
[2025-07-07 12:07:35,288] [INFO] [_sm_handler.py::43] Current state: init
[2025-07-07 12:07:35,290] [INFO] [device_runtime.py::83] DeviceRuntime initialized
[2025-07-07 12:07:35,322] [INFO] [_sm_handler.py::43] Current state: ready
[2025-07-07 12:07:35,346] [INFO] [_sm_handler.py::43] Current state: send_init_request
[2025-07-07 12:07:35,411] [INFO] [_sm_handler.py::43] Current state: get_ecf_address
[2025-07-07 12:07:35,463] [INFO] [_sm_handler.py::43] Current state: ready
[2025-07-07 12:07:35,515] [INFO] [_sm_handler.py::43] Current state: ready
[2025-07-07 12:07:35,567] [INFO] [_sm_handler.py::43] Current state: ready
[2025-07-07 12:07:35,619] [INFO] [_sm_handler.py::43] Current state: ready
[2025-07-07 12:07:35,672] [INFO] [_sm_handler.py::43] Current state: ready
[2025-07-07 12:07:35,724] [INFO] [_sm_handler.py::43] Current state: ready
[2025-07-07 12:07:35,776] [INFO] [_sm_handler.py::43] Current state: ready
[2025-07-07 12:07:35,828] [INFO] [_sm_handler.py::43] Current state: ready
[2025-07-07 12:07:35,881] [INFO] [_sm_handler.py::43] Current state: ready
[2025-07-07 12:07:35,933] [INFO] [_sm_handler.py::43] Current state: ready
[2025-07-07 12:07:35,985] [INFO] [_sm_handler.py::43] Current state: ready
[2025-07-07 12:07:36,037] [INFO] [_sm_handler.py::43] Current state: ready
[2025-07-07 12:07:36,090] [INFO] [_sm_handler.py::43] Current state: ready
[2025-07-07 12:07:36,142] [INFO] [_sm_handler.py::43] Current state: ready
[2025-07-07 12:07:36,194] [INFO] [_sm_handler.py::43] Current state: ready
[2025-07-07 12:07:36,246] [INFO] [_sm_handler.py::43] Current state: ready
[2025-07-07 12:07:36,288] [INFO] [_sm_handler.py::43] Current state: init
[2025-07-07 12:07:36,290] [INFO] [device_runtime.py::83] DeviceRuntime initialized
[2025-07-07 12:07:36,299] [INFO] [_sm_handler.py::43] Current state: ready
[2025-07-07 12:07:36,346] [INFO] [_sm_handler.py::43] Current state: send_init_request
[2025-07-07 12:07:36,410] [INFO] [_sm_handler.py::43] Current state: get_ecf_address
[2025-07-07 12:07:36,462] [INFO] [_sm_handler.py::43] Current state: ready
[2025-07-07 12:07:36,514] [INFO] [_sm_handler.py::43] Current state: ready
[2025-07-07 12:07:36,567] [INFO] [_sm_handler.py::43] Current state: ready
[2025-07-07 12:07:36,619] [INFO] [_sm_handler.py::43] Current state: ready
[2025-07-07 12:07:36,671] [INFO] [_sm_handler.py::43] Current state: ready
[2025-07-07 12:07:36,723] [INFO] [_sm_handler.py::43] Current state: ready
[2025-07-07 12:07:36,776] [INFO] [_sm_handler.py::43] Current state: ready
[2025-07-07 12:07:36,828] [INFO] [_sm_handler.py::43] Current state: ready
[2025-07-07 12:07:36,880] [INFO] [_sm_handler.py::43] Current state: ready
[2025-07-07 12:07:36,933] [INFO] [_sm_handler.py::43] Current state: ready
[2025-07-07 12:07:36,985] [INFO] [_sm_handler.py::43] Current state: ready
[2025-07-07 12:07:37,037] [INFO] [_sm_handler.py::43] Current state: ready
[2025-07-07 12:07:37,089] [INFO] [_sm_handler.py::43] Current state: ready
[2025-07-07 12:07:37,141] [INFO] [_sm_handler.py::43] Current state: ready
[2025-07-07 12:07:37,194] [INFO] [_sm_handler.py::43] Current state: ready
[2025-07-07 12:07:37,246] [INFO] [_sm_handler.py::43] Current state: ready
[2025-07-07 12:07:37,289] [INFO] [_sm_handler.py::43] Current state: init
[2025-07-07 12:07:37,291] [INFO] [device_runtime.py::83] DeviceRuntime initialized
[2025-07-07 12:07:37,298] [INFO] [_sm_handler.py::43] Current state: ready
[2025-07-07 12:07:37,348] [INFO] [_sm_handler.py::43] Current state: send_init_request
[2025-07-07 12:07:37,412] [INFO] [_sm_handler.py::43] Current state: get_ecf_address
[2025-07-07 12:07:37,464] [INFO] [_sm_handler.py::43] Current state: ready
[2025-07-07 12:07:37,517] [INFO] [_sm_handler.py::43] Current state: ready
[2025-07-07 12:07:37,569] [INFO] [_sm_handler.py::43] Current state: ready
[2025-07-07 12:07:37,621] [INFO] [_sm_handler.py::43] Current state: ready
[2025-07-07 12:07:37,673] [INFO] [_sm_handler.py::43] Current state: ready
[2025-07-07 12:07:37,725] [INFO] [_sm_handler.py::43] Current state: ready
[2025-07-07 12:07:37,778] [INFO] [_sm_handler.py::43] Current state: ready
[2025-07-07 12:07:37,830] [INFO] [_sm_handler.py::43] Current state: ready
[2025-07-07 12:07:37,882] [INFO] [_sm_handler.py::43] Current state: ready
[2025-07-07 12:07:37,934] [INFO] [_sm_handler.py::43] Current state: ready
[2025-07-07 12:07:37,987] [INFO] [_sm_handler.py::43] Current state: ready
[2025-07-07 12:07:38,039] [INFO] [_sm_handler.py::43] Current state: ready
[2025-07-07 12:07:38,091] [INFO] [_sm_handler.py::43] Current state: ready
[2025-07-07 12:07:38,143] [INFO] [_sm_handler.py::43] Current state: ready
[2025-07-07 12:07:38,196] [INFO] [_sm_handler.py::43] Current state: ready
[2025-07-07 12:07:38,251] [INFO] [_sm_handler.py::43] Current state: ready
[2025-07-07 12:07:38,290] [INFO] [_sm_handler.py::43] Current state: init
[2025-07-07 12:07:38,292] [INFO] [device_runtime.py::83] DeviceRuntime initialized
[2025-07-07 12:07:38,306] [INFO] [_sm_handler.py::43] Current state: ready
[2025-07-07 12:07:38,348] [INFO] [_sm_handler.py::43] Current state: send_init_request
[2025-07-07 12:07:38,412] [INFO] [_sm_handler.py::43] Current state: get_ecf_address
[2025-07-07 12:07:38,464] [INFO] [_sm_handler.py::43] Current state: ready
[2025-07-07 12:07:38,517] [INFO] [_sm_handler.py::43] Current state: ready
[2025-07-07 12:07:38,569] [INFO] [_sm_handler.py::43] Current state: ready
[2025-07-07 12:07:38,621] [INFO] [_sm_handler.py::43] Current state: ready
[2025-07-07 12:07:38,673] [INFO] [_sm_handler.py::43] Current state: ready
[2025-07-07 12:07:38,726] [INFO] [_sm_handler.py::43] Current state: ready
[2025-07-07 12:07:38,778] [INFO] [_sm_handler.py::43] Current state: ready
[2025-07-07 12:07:38,833] [INFO] [_sm_handler.py::43] Current state: ready
[2025-07-07 12:07:38,887] [INFO] [_sm_handler.py::43] Current state: ready
[2025-07-07 12:07:38,939] [INFO] [_sm_handler.py::43] Current state: ready
[2025-07-07 12:07:38,991] [INFO] [_sm_handler.py::43] Current state: ready
[2025-07-07 12:07:39,043] [INFO] [_sm_handler.py::43] Current state: ready
[2025-07-07 12:07:39,095] [INFO] [_sm_handler.py::43] Current state: ready
[2025-07-07 12:07:39,148] [INFO] [_sm_handler.py::43] Current state: ready
[2025-07-07 12:07:39,200] [INFO] [_sm_handler.py::43] Current state: ready
[2025-07-07 12:07:39,252] [INFO] [_sm_handler.py::43] Current state: ready
[2025-07-07 12:07:39,289] [INFO] [_sm_handler.py::43] Current state: init
[2025-07-07 12:07:39,291] [INFO] [device_runtime.py::83] DeviceRuntime initialized
[2025-07-07 12:07:39,304] [INFO] [_sm_handler.py::43] Current state: ready
[2025-07-07 12:07:39,347] [INFO] [_sm_handler.py::43] Current state: send_init_request
[2025-07-07 12:07:39,428] [INFO] [_sm_handler.py::43] Current state: get_ecf_address
[2025-07-07 12:07:39,482] [INFO] [_sm_handler.py::43] Current state: ready
[2025-07-07 12:07:39,536] [INFO] [_sm_handler.py::43] Current state: ready
[2025-07-07 12:07:39,589] [INFO] [_sm_handler.py::43] Current state: ready
[2025-07-07 12:07:39,641] [INFO] [_sm_handler.py::43] Current state: ready
[2025-07-07 12:07:39,694] [INFO] [_sm_handler.py::43] Current state: ready
[2025-07-07 12:07:39,746] [INFO] [_sm_handler.py::43] Current state: ready
[2025-07-07 12:07:39,798] [INFO] [_sm_handler.py::43] Current state: ready
[2025-07-07 12:07:39,850] [INFO] [_sm_handler.py::43] Current state: ready
[2025-07-07 12:07:39,903] [INFO] [_sm_handler.py::43] Current state: ready
[2025-07-07 12:07:39,955] [INFO] [_sm_handler.py::43] Current state: ready
[2025-07-07 12:07:40,008] [INFO] [_sm_handler.py::43] Current state: ready
[2025-07-07 12:07:40,060] [INFO] [_sm_handler.py::43] Current state: ready
[2025-07-07 12:07:40,112] [INFO] [_sm_handler.py::43] Current state: ready
[2025-07-07 12:07:40,164] [INFO] [_sm_handler.py::43] Current state: ready
[2025-07-07 12:07:40,216] [INFO] [_sm_handler.py::43] Current state: ready
[2025-07-07 12:07:40,268] [INFO] [_sm_handler.py::43] Current state: ready
[2025-07-07 12:07:40,289] [INFO] [_sm_handler.py::43] Current state: init
[2025-07-07 12:07:40,291] [INFO] [device_runtime.py::83] DeviceRuntime initialized
[2025-07-07 12:07:40,321] [INFO] [_sm_handler.py::43] Current state: ready
[2025-07-07 12:07:40,347] [INFO] [_sm_handler.py::43] Current state: send_init_request
[2025-07-07 12:07:40,411] [INFO] [_sm_handler.py::43] Current state: get_ecf_address
[2025-07-07 12:07:40,463] [INFO] [_sm_handler.py::43] Current state: ready
[2025-07-07 12:07:40,515] [INFO] [_sm_handler.py::43] Current state: ready
[2025-07-07 12:07:40,567] [INFO] [_sm_handler.py::43] Current state: ready
[2025-07-07 12:07:40,620] [INFO] [_sm_handler.py::43] Current state: ready
[2025-07-07 12:07:40,672] [INFO] [_sm_handler.py::43] Current state: ready
[2025-07-07 12:07:40,724] [INFO] [_sm_handler.py::43] Current state: ready
[2025-07-07 12:07:40,776] [INFO] [_sm_handler.py::43] Current state: ready
[2025-07-07 12:07:40,828] [INFO] [_sm_handler.py::43] Current state: ready
[2025-07-07 12:07:40,880] [INFO] [_sm_handler.py::43] Current state: ready
[2025-07-07 12:07:40,933] [INFO] [_sm_handler.py::43] Current state: ready
[2025-07-07 12:07:40,985] [INFO] [_sm_handler.py::43] Current state: ready
[2025-07-07 12:07:41,037] [INFO] [_sm_handler.py::43] Current state: ready
[2025-07-07 12:07:41,089] [INFO] [_sm_handler.py::43] Current state: ready
[2025-07-07 12:07:41,141] [INFO] [_sm_handler.py::43] Current state: ready
[2025-07-07 12:07:41,194] [INFO] [_sm_handler.py::43] Current state: ready
[2025-07-07 12:07:41,246] [INFO] [_sm_handler.py::43] Current state: ready
[2025-07-07 12:07:41,290] [INFO] [_sm_handler.py::43] Current state: init
[2025-07-07 12:07:41,292] [INFO] [device_runtime.py::83] DeviceRuntime initialized
[2025-07-07 12:07:41,299] [INFO] [_sm_handler.py::43] Current state: ready
[2025-07-07 12:07:41,348] [INFO] [_sm_handler.py::43] Current state: send_init_request
[2025-07-07 12:07:41,412] [INFO] [_sm_handler.py::43] Current state: get_ecf_address
[2025-07-07 12:07:41,464] [INFO] [_sm_handler.py::43] Current state: ready
[2025-07-07 12:07:41,516] [INFO] [_sm_handler.py::43] Current state: ready
[2025-07-07 12:07:41,568] [INFO] [_sm_handler.py::43] Current state: ready
[2025-07-07 12:07:41,621] [INFO] [_sm_handler.py::43] Current state: ready
[2025-07-07 12:07:41,673] [INFO] [_sm_handler.py::43] Current state: ready
[2025-07-07 12:07:41,725] [INFO] [_sm_handler.py::43] Current state: ready
[2025-07-07 12:07:41,777] [INFO] [_sm_handler.py::43] Current state: ready
[2025-07-07 12:07:41,829] [INFO] [_sm_handler.py::43] Current state: ready
[2025-07-07 12:07:41,882] [INFO] [_sm_handler.py::43] Current state: ready
[2025-07-07 12:07:41,934] [INFO] [_sm_handler.py::43] Current state: ready
[2025-07-07 12:07:41,986] [INFO] [_sm_handler.py::43] Current state: ready
[2025-07-07 12:07:42,038] [INFO] [_sm_handler.py::43] Current state: ready
[2025-07-07 12:07:42,091] [INFO] [_sm_handler.py::43] Current state: ready
[2025-07-07 12:07:42,143] [INFO] [_sm_handler.py::43] Current state: ready
[2025-07-07 12:07:42,195] [INFO] [_sm_handler.py::43] Current state: ready
[2025-07-07 12:07:42,247] [INFO] [_sm_handler.py::43] Current state: ready
[2025-07-07 12:07:42,292] [INFO] [_sm_handler.py::43] Current state: init
[2025-07-07 12:07:42,294] [INFO] [device_runtime.py::83] DeviceRuntime initialized
[2025-07-07 12:07:42,299] [INFO] [_sm_handler.py::43] Current state: ready
[2025-07-07 12:07:42,350] [INFO] [_sm_handler.py::43] Current state: send_init_request
[2025-07-07 12:07:42,413] [INFO] [_sm_handler.py::43] Current state: get_ecf_address
[2025-07-07 12:07:42,465] [INFO] [_sm_handler.py::43] Current state: ready
[2025-07-07 12:07:42,518] [INFO] [_sm_handler.py::43] Current state: ready
[2025-07-07 12:07:42,570] [INFO] [_sm_handler.py::43] Current state: ready
[2025-07-07 12:07:42,622] [INFO] [_sm_handler.py::43] Current state: ready
[2025-07-07 12:07:42,674] [INFO] [_sm_handler.py::43] Current state: ready
[2025-07-07 12:07:42,727] [INFO] [_sm_handler.py::43] Current state: ready
[2025-07-07 12:07:42,779] [INFO] [_sm_handler.py::43] Current state: ready
[2025-07-07 12:07:42,831] [INFO] [_sm_handler.py::43] Current state: ready
[2025-07-07 12:07:42,883] [INFO] [_sm_handler.py::43] Current state: ready
[2025-07-07 12:07:42,935] [INFO] [_sm_handler.py::43] Current state: ready
[2025-07-07 12:07:42,988] [INFO] [_sm_handler.py::43] Current state: ready
[2025-07-07 12:07:43,040] [INFO] [_sm_handler.py::43] Current state: ready
[2025-07-07 12:07:43,092] [INFO] [_sm_handler.py::43] Current state: ready
[2025-07-07 12:07:43,144] [INFO] [_sm_handler.py::43] Current state: ready
[2025-07-07 12:07:43,196] [INFO] [_sm_handler.py::43] Current state: ready
[2025-07-07 12:07:43,248] [INFO] [_sm_handler.py::43] Current state: ready
[2025-07-07 12:07:43,291] [INFO] [_sm_handler.py::43] Current state: init
[2025-07-07 12:07:43,293] [INFO] [device_runtime.py::83] DeviceRuntime initialized
[2025-07-07 12:07:43,301] [INFO] [_sm_handler.py::43] Current state: ready
[2025-07-07 12:07:43,349] [INFO] [_sm_handler.py::43] Current state: send_init_request
[2025-07-07 12:07:43,412] [INFO] [_sm_handler.py::43] Current state: get_ecf_address
[2025-07-07 12:07:43,464] [INFO] [_sm_handler.py::43] Current state: ready
[2025-07-07 12:07:43,517] [INFO] [_sm_handler.py::43] Current state: ready
[2025-07-07 12:07:43,569] [INFO] [_sm_handler.py::43] Current state: ready
[2025-07-07 12:07:43,621] [INFO] [_sm_handler.py::43] Current state: ready
[2025-07-07 12:07:43,673] [INFO] [_sm_handler.py::43] Current state: ready
[2025-07-07 12:07:43,725] [INFO] [_sm_handler.py::43] Current state: ready
[2025-07-07 12:07:43,777] [INFO] [_sm_handler.py::43] Current state: ready
[2025-07-07 12:07:43,829] [INFO] [_sm_handler.py::43] Current state: ready
[2025-07-07 12:07:43,881] [INFO] [_sm_handler.py::43] Current state: ready
[2025-07-07 12:07:43,934] [INFO] [_sm_handler.py::43] Current state: ready
[2025-07-07 12:07:43,986] [INFO] [_sm_handler.py::43] Current state: ready
[2025-07-07 12:07:44,038] [INFO] [_sm_handler.py::43] Current state: ready
[2025-07-07 12:07:44,090] [INFO] [_sm_handler.py::43] Current state: ready
[2025-07-07 12:07:44,142] [INFO] [_sm_handler.py::43] Current state: ready
[2025-07-07 12:07:44,194] [INFO] [_sm_handler.py::43] Current state: ready
[2025-07-07 12:07:44,246] [INFO] [_sm_handler.py::43] Current state: ready
[2025-07-07 12:07:44,298] [INFO] [_sm_handler.py::43] Current state: ready
[2025-07-07 12:07:49,336] [INFO] [_sm_handler.py::43] Current state: ready
[2025-07-07 12:07:49,388] [INFO] [_sm_handler.py::43] Current state: ready
[2025-07-07 12:07:49,441] [INFO] [_sm_handler.py::43] Current state: ready
[2025-07-07 12:07:49,493] [INFO] [_sm_handler.py::43] Current state: ready
[2025-07-07 12:07:49,545] [INFO] [_sm_handler.py::43] Current state: ready
[2025-07-07 12:07:49,597] [INFO] [_sm_handler.py::43] Current state: ready
[2025-07-07 12:07:49,649] [INFO] [_sm_handler.py::43] Current state: ready
[2025-07-07 12:07:49,704] [INFO] [_sm_handler.py::43] Current state: ready
[2025-07-07 12:07:49,759] [INFO] [_sm_handler.py::43] Current state: ready
[2025-07-07 12:07:49,811] [INFO] [_sm_handler.py::43] Current state: ready
[2025-07-07 12:07:49,864] [INFO] [_sm_handler.py::43] Current state: ready
[2025-07-07 12:07:49,916] [INFO] [_sm_handler.py::43] Current state: ready
[2025-07-07 12:07:49,968] [INFO] [_sm_handler.py::43] Current state: ready
[2025-07-07 12:07:50,020] [INFO] [_sm_handler.py::43] Current state: ready
[2025-07-07 12:07:50,072] [INFO] [_sm_handler.py::43] Current state: ready
[2025-07-07 12:07:50,125] [INFO] [_sm_handler.py::43] Current state: ready
[2025-07-07 12:07:50,177] [INFO] [_sm_handler.py::43] Current state: ready
[2025-07-07 12:07:50,229] [INFO] [_sm_handler.py::43] Current state: ready
[2025-07-07 12:07:50,282] [INFO] [_sm_handler.py::43] Current state: ready
[2025-07-07 12:07:50,334] [INFO] [_sm_handler.py::43] Current state: ready
[2025-07-07 12:07:50,387] [INFO] [_sm_handler.py::43] Current state: ready
[2025-07-07 12:07:50,439] [INFO] [_sm_handler.py::43] Current state: ready
[2025-07-07 12:07:50,491] [INFO] [_sm_handler.py::43] Current state: ready
[2025-07-07 12:07:50,543] [INFO] [_sm_handler.py::43] Current state: ready
[2025-07-07 12:07:50,595] [INFO] [_sm_handler.py::43] Current state: ready
[2025-07-07 12:07:50,647] [INFO] [_sm_handler.py::43] Current state: ready
[2025-07-07 12:07:50,699] [INFO] [_sm_handler.py::43] Current state: ready
[2025-07-07 12:07:50,752] [INFO] [_sm_handler.py::43] Current state: ready
[2025-07-07 12:07:50,804] [INFO] [_sm_handler.py::43] Current state: ready
[2025-07-07 12:07:50,856] [INFO] [_sm_handler.py::43] Current state: ready
[2025-07-07 12:07:50,908] [INFO] [_sm_handler.py::43] Current state: ready
[2025-07-07 12:07:50,960] [INFO] [_sm_handler.py::43] Current state: ready
[2025-07-07 12:07:51,012] [INFO] [_sm_handler.py::43] Current state: ready
[2025-07-07 12:07:51,064] [INFO] [_sm_handler.py::43] Current state: ready
[2025-07-07 12:07:51,117] [INFO] [_sm_handler.py::43] Current state: ready
[2025-07-07 12:07:51,169] [INFO] [_sm_handler.py::43] Current state: ready
[2025-07-07 12:07:51,221] [INFO] [_sm_handler.py::43] Current state: ready
[2025-07-07 12:07:51,273] [INFO] [_sm_handler.py::43] Current state: ready
[2025-07-07 12:07:51,326] [INFO] [_sm_handler.py::43] Current state: ready
[2025-07-07 12:13:04,228] [INFO] [_sm_handler.py::43] Current state: init
[2025-07-07 12:13:04,231] [INFO] [device_runtime.py::83] DeviceRuntime initialized
[2025-07-07 12:13:04,287] [INFO] [_sm_handler.py::43] Current state: send_init_request
[2025-07-07 12:13:04,352] [INFO] [_sm_handler.py::43] Current state: get_ecf_address
[2025-07-07 12:13:04,405] [INFO] [_sm_handler.py::43] Current state: ready
[2025-07-07 12:13:04,457] [INFO] [_sm_handler.py::43] Current state: ready
[2025-07-07 12:13:04,509] [INFO] [_sm_handler.py::43] Current state: ready
[2025-07-07 12:13:04,562] [INFO] [_sm_handler.py::43] Current state: ready
[2025-07-07 12:13:04,614] [INFO] [_sm_handler.py::43] Current state: ready
[2025-07-07 12:13:04,666] [INFO] [_sm_handler.py::43] Current state: ready
[2025-07-07 12:13:04,718] [INFO] [_sm_handler.py::43] Current state: ready
[2025-07-07 12:13:04,770] [INFO] [_sm_handler.py::43] Current state: ready
[2025-07-07 12:13:04,823] [INFO] [_sm_handler.py::43] Current state: ready
[2025-07-07 12:13:04,875] [INFO] [_sm_handler.py::43] Current state: ready
[2025-07-07 12:13:04,927] [INFO] [_sm_handler.py::43] Current state: ready
[2025-07-07 12:13:04,979] [INFO] [_sm_handler.py::43] Current state: ready
[2025-07-07 12:13:05,032] [INFO] [_sm_handler.py::43] Current state: ready
[2025-07-07 12:13:05,084] [INFO] [_sm_handler.py::43] Current state: ready
[2025-07-07 12:13:05,136] [INFO] [_sm_handler.py::43] Current state: ready
[2025-07-07 12:13:05,188] [INFO] [_sm_handler.py::43] Current state: ready
[2025-07-07 12:13:05,206] [INFO] [_sm_handler.py::43] Current state: init
[2025-07-07 12:13:05,208] [INFO] [device_runtime.py::83] DeviceRuntime initialized
[2025-07-07 12:13:05,241] [INFO] [_sm_handler.py::43] Current state: ready
[2025-07-07 12:13:05,264] [INFO] [_sm_handler.py::43] Current state: send_init_request
[2025-07-07 12:13:05,328] [INFO] [_sm_handler.py::43] Current state: get_ecf_address
[2025-07-07 12:13:05,380] [INFO] [_sm_handler.py::43] Current state: ready
[2025-07-07 12:13:05,432] [INFO] [_sm_handler.py::43] Current state: ready
[2025-07-07 12:13:05,484] [INFO] [_sm_handler.py::43] Current state: ready
[2025-07-07 12:13:05,537] [INFO] [_sm_handler.py::43] Current state: ready
[2025-07-07 12:13:05,589] [INFO] [_sm_handler.py::43] Current state: ready
[2025-07-07 12:13:05,641] [INFO] [_sm_handler.py::43] Current state: ready
[2025-07-07 12:13:05,694] [INFO] [_sm_handler.py::43] Current state: ready
[2025-07-07 12:13:05,746] [INFO] [_sm_handler.py::43] Current state: ready
[2025-07-07 12:13:05,798] [INFO] [_sm_handler.py::43] Current state: ready
[2025-07-07 12:13:05,850] [INFO] [_sm_handler.py::43] Current state: ready
[2025-07-07 12:13:05,904] [INFO] [_sm_handler.py::43] Current state: ready
[2025-07-07 12:13:05,956] [INFO] [_sm_handler.py::43] Current state: ready
[2025-07-07 12:13:06,008] [INFO] [_sm_handler.py::43] Current state: ready
[2025-07-07 12:13:06,060] [INFO] [_sm_handler.py::43] Current state: ready
[2025-07-07 12:13:06,113] [INFO] [_sm_handler.py::43] Current state: ready
[2025-07-07 12:13:06,165] [INFO] [_sm_handler.py::43] Current state: ready
[2025-07-07 12:13:06,207] [INFO] [_sm_handler.py::43] Current state: init
[2025-07-07 12:13:06,209] [INFO] [device_runtime.py::83] DeviceRuntime initialized
[2025-07-07 12:13:06,218] [INFO] [_sm_handler.py::43] Current state: ready
[2025-07-07 12:13:06,265] [INFO] [_sm_handler.py::43] Current state: send_init_request
[2025-07-07 12:13:06,328] [INFO] [_sm_handler.py::43] Current state: get_ecf_address
[2025-07-07 12:13:06,380] [INFO] [_sm_handler.py::43] Current state: ready
[2025-07-07 12:13:06,432] [INFO] [_sm_handler.py::43] Current state: ready
[2025-07-07 12:13:06,485] [INFO] [_sm_handler.py::43] Current state: ready
[2025-07-07 12:13:06,539] [INFO] [_sm_handler.py::43] Current state: ready
[2025-07-07 12:13:06,591] [INFO] [_sm_handler.py::43] Current state: ready
[2025-07-07 12:13:06,643] [INFO] [_sm_handler.py::43] Current state: ready
[2025-07-07 12:13:06,696] [INFO] [_sm_handler.py::43] Current state: ready
[2025-07-07 12:13:06,748] [INFO] [_sm_handler.py::43] Current state: ready
[2025-07-07 12:13:06,800] [INFO] [_sm_handler.py::43] Current state: ready
[2025-07-07 12:13:06,852] [INFO] [_sm_handler.py::43] Current state: ready
[2025-07-07 12:13:06,905] [INFO] [_sm_handler.py::43] Current state: ready
[2025-07-07 12:13:06,957] [INFO] [_sm_handler.py::43] Current state: ready
[2025-07-07 12:13:07,009] [INFO] [_sm_handler.py::43] Current state: ready
[2025-07-07 12:13:07,061] [INFO] [_sm_handler.py::43] Current state: ready
[2025-07-07 12:13:07,117] [INFO] [_sm_handler.py::43] Current state: ready
[2025-07-07 12:13:07,173] [INFO] [_sm_handler.py::43] Current state: ready
[2025-07-07 12:13:07,207] [INFO] [_sm_handler.py::43] Current state: init
[2025-07-07 12:13:07,209] [INFO] [device_runtime.py::83] DeviceRuntime initialized
[2025-07-07 12:13:07,226] [INFO] [_sm_handler.py::43] Current state: ready
[2025-07-07 12:13:07,265] [INFO] [_sm_handler.py::43] Current state: send_init_request
[2025-07-07 12:13:07,330] [INFO] [_sm_handler.py::43] Current state: get_ecf_address
[2025-07-07 12:13:07,382] [INFO] [_sm_handler.py::43] Current state: ready
[2025-07-07 12:13:07,435] [INFO] [_sm_handler.py::43] Current state: ready
[2025-07-07 12:13:07,487] [INFO] [_sm_handler.py::43] Current state: ready
[2025-07-07 12:13:07,539] [INFO] [_sm_handler.py::43] Current state: ready
[2025-07-07 12:13:07,591] [INFO] [_sm_handler.py::43] Current state: ready
[2025-07-07 12:13:07,644] [INFO] [_sm_handler.py::43] Current state: ready
[2025-07-07 12:13:07,696] [INFO] [_sm_handler.py::43] Current state: ready
[2025-07-07 12:13:07,748] [INFO] [_sm_handler.py::43] Current state: ready
[2025-07-07 12:13:07,800] [INFO] [_sm_handler.py::43] Current state: ready
[2025-07-07 12:13:07,852] [INFO] [_sm_handler.py::43] Current state: ready
[2025-07-07 12:13:07,905] [INFO] [_sm_handler.py::43] Current state: ready
[2025-07-07 12:13:07,958] [INFO] [_sm_handler.py::43] Current state: ready
[2025-07-07 12:13:08,011] [INFO] [_sm_handler.py::43] Current state: ready
[2025-07-07 12:13:08,063] [INFO] [_sm_handler.py::43] Current state: ready
[2025-07-07 12:13:08,115] [INFO] [_sm_handler.py::43] Current state: ready
[2025-07-07 12:13:08,167] [INFO] [_sm_handler.py::43] Current state: ready
[2025-07-07 12:13:08,208] [INFO] [_sm_handler.py::43] Current state: init
[2025-07-07 12:13:08,210] [INFO] [device_runtime.py::83] DeviceRuntime initialized
[2025-07-07 12:13:08,219] [INFO] [_sm_handler.py::43] Current state: ready
[2025-07-07 12:13:08,266] [INFO] [_sm_handler.py::43] Current state: send_init_request
[2025-07-07 12:13:08,331] [INFO] [_sm_handler.py::43] Current state: get_ecf_address
[2025-07-07 12:13:08,383] [INFO] [_sm_handler.py::43] Current state: ready
[2025-07-07 12:13:08,435] [INFO] [_sm_handler.py::43] Current state: ready
[2025-07-07 12:13:08,487] [INFO] [_sm_handler.py::43] Current state: ready
[2025-07-07 12:13:08,539] [INFO] [_sm_handler.py::43] Current state: ready
[2025-07-07 12:13:08,591] [INFO] [_sm_handler.py::43] Current state: ready
[2025-07-07 12:13:08,644] [INFO] [_sm_handler.py::43] Current state: ready
[2025-07-07 12:13:08,696] [INFO] [_sm_handler.py::43] Current state: ready
[2025-07-07 12:13:08,748] [INFO] [_sm_handler.py::43] Current state: ready
[2025-07-07 12:13:08,800] [INFO] [_sm_handler.py::43] Current state: ready
[2025-07-07 12:13:08,853] [INFO] [_sm_handler.py::43] Current state: ready
[2025-07-07 12:13:08,905] [INFO] [_sm_handler.py::43] Current state: ready
[2025-07-07 12:13:08,957] [INFO] [_sm_handler.py::43] Current state: ready
[2025-07-07 12:13:09,009] [INFO] [_sm_handler.py::43] Current state: ready
[2025-07-07 12:13:09,061] [INFO] [_sm_handler.py::43] Current state: ready
[2025-07-07 12:13:09,114] [INFO] [_sm_handler.py::43] Current state: ready
[2025-07-07 12:13:09,166] [INFO] [_sm_handler.py::43] Current state: ready
[2025-07-07 12:13:09,209] [INFO] [_sm_handler.py::43] Current state: init
[2025-07-07 12:13:09,211] [INFO] [device_runtime.py::83] DeviceRuntime initialized
[2025-07-07 12:13:09,218] [INFO] [_sm_handler.py::43] Current state: ready
[2025-07-07 12:13:09,266] [INFO] [_sm_handler.py::43] Current state: send_init_request
[2025-07-07 12:13:09,329] [INFO] [_sm_handler.py::43] Current state: get_ecf_address
[2025-07-07 12:13:09,381] [INFO] [_sm_handler.py::43] Current state: ready
[2025-07-07 12:13:09,434] [INFO] [_sm_handler.py::43] Current state: ready
[2025-07-07 12:13:09,486] [INFO] [_sm_handler.py::43] Current state: ready
[2025-07-07 12:13:09,538] [INFO] [_sm_handler.py::43] Current state: ready
[2025-07-07 12:13:09,590] [INFO] [_sm_handler.py::43] Current state: ready
[2025-07-07 12:13:09,644] [INFO] [_sm_handler.py::43] Current state: ready
[2025-07-07 12:13:09,696] [INFO] [_sm_handler.py::43] Current state: ready
[2025-07-07 12:13:09,748] [INFO] [_sm_handler.py::43] Current state: ready
[2025-07-07 12:13:09,801] [INFO] [_sm_handler.py::43] Current state: ready
[2025-07-07 12:13:09,853] [INFO] [_sm_handler.py::43] Current state: ready
[2025-07-07 12:13:09,906] [INFO] [_sm_handler.py::43] Current state: ready
[2025-07-07 12:13:09,958] [INFO] [_sm_handler.py::43] Current state: ready
[2025-07-07 12:13:10,010] [INFO] [_sm_handler.py::43] Current state: ready
[2025-07-07 12:13:10,062] [INFO] [_sm_handler.py::43] Current state: ready
[2025-07-07 12:13:10,114] [INFO] [_sm_handler.py::43] Current state: ready
[2025-07-07 12:13:10,167] [INFO] [_sm_handler.py::43] Current state: ready
[2025-07-07 12:13:10,210] [INFO] [_sm_handler.py::43] Current state: init
[2025-07-07 12:13:10,212] [INFO] [device_runtime.py::83] DeviceRuntime initialized
[2025-07-07 12:13:10,220] [INFO] [_sm_handler.py::43] Current state: ready
[2025-07-07 12:13:10,268] [INFO] [_sm_handler.py::43] Current state: send_init_request
[2025-07-07 12:13:10,332] [INFO] [_sm_handler.py::43] Current state: get_ecf_address
[2025-07-07 12:13:10,384] [INFO] [_sm_handler.py::43] Current state: ready
[2025-07-07 12:13:10,436] [INFO] [_sm_handler.py::43] Current state: ready
[2025-07-07 12:13:10,488] [INFO] [_sm_handler.py::43] Current state: ready
[2025-07-07 12:13:10,540] [INFO] [_sm_handler.py::43] Current state: ready
[2025-07-07 12:13:10,592] [INFO] [_sm_handler.py::43] Current state: ready
[2025-07-07 12:13:10,645] [INFO] [_sm_handler.py::43] Current state: ready
[2025-07-07 12:13:10,696] [INFO] [_sm_handler.py::43] Current state: ready
[2025-07-07 12:13:10,749] [INFO] [_sm_handler.py::43] Current state: ready
[2025-07-07 12:13:10,801] [INFO] [_sm_handler.py::43] Current state: ready
[2025-07-07 12:13:10,853] [INFO] [_sm_handler.py::43] Current state: ready
[2025-07-07 12:13:10,905] [INFO] [_sm_handler.py::43] Current state: ready
[2025-07-07 12:13:10,957] [INFO] [_sm_handler.py::43] Current state: ready
[2025-07-07 12:13:11,009] [INFO] [_sm_handler.py::43] Current state: ready
[2025-07-07 12:13:11,062] [INFO] [_sm_handler.py::43] Current state: ready
[2025-07-07 12:13:11,114] [INFO] [_sm_handler.py::43] Current state: ready
[2025-07-07 12:13:11,166] [INFO] [_sm_handler.py::43] Current state: ready
[2025-07-07 12:13:11,210] [INFO] [_sm_handler.py::43] Current state: init
[2025-07-07 12:13:11,212] [INFO] [device_runtime.py::83] DeviceRuntime initialized
[2025-07-07 12:13:11,219] [INFO] [_sm_handler.py::43] Current state: ready
[2025-07-07 12:13:11,268] [INFO] [_sm_handler.py::43] Current state: send_init_request
[2025-07-07 12:13:11,332] [INFO] [_sm_handler.py::43] Current state: get_ecf_address
[2025-07-07 12:13:11,384] [INFO] [_sm_handler.py::43] Current state: ready
[2025-07-07 12:13:11,436] [INFO] [_sm_handler.py::43] Current state: ready
[2025-07-07 12:13:11,488] [INFO] [_sm_handler.py::43] Current state: ready
[2025-07-07 12:13:11,541] [INFO] [_sm_handler.py::43] Current state: ready
[2025-07-07 12:13:11,593] [INFO] [_sm_handler.py::43] Current state: ready
[2025-07-07 12:13:11,645] [INFO] [_sm_handler.py::43] Current state: ready
[2025-07-07 12:13:11,697] [INFO] [_sm_handler.py::43] Current state: ready
[2025-07-07 12:13:11,749] [INFO] [_sm_handler.py::43] Current state: ready
[2025-07-07 12:13:11,801] [INFO] [_sm_handler.py::43] Current state: ready
[2025-07-07 12:13:11,854] [INFO] [_sm_handler.py::43] Current state: ready
[2025-07-07 12:13:11,906] [INFO] [_sm_handler.py::43] Current state: ready
[2025-07-07 12:13:11,958] [INFO] [_sm_handler.py::43] Current state: ready
[2025-07-07 12:13:12,010] [INFO] [_sm_handler.py::43] Current state: ready
[2025-07-07 12:13:12,063] [INFO] [_sm_handler.py::43] Current state: ready
[2025-07-07 12:13:12,115] [INFO] [_sm_handler.py::43] Current state: ready
[2025-07-07 12:13:12,167] [INFO] [_sm_handler.py::43] Current state: ready
[2025-07-07 12:13:12,211] [INFO] [_sm_handler.py::43] Current state: init
[2025-07-07 12:13:12,213] [INFO] [device_runtime.py::83] DeviceRuntime initialized
[2025-07-07 12:13:12,220] [INFO] [_sm_handler.py::43] Current state: ready
[2025-07-07 12:13:12,269] [INFO] [_sm_handler.py::43] Current state: send_init_request
[2025-07-07 12:13:12,333] [INFO] [_sm_handler.py::43] Current state: get_ecf_address
[2025-07-07 12:13:12,385] [INFO] [_sm_handler.py::43] Current state: ready
[2025-07-07 12:13:12,438] [INFO] [_sm_handler.py::43] Current state: ready
[2025-07-07 12:13:12,490] [INFO] [_sm_handler.py::43] Current state: ready
[2025-07-07 12:13:12,542] [INFO] [_sm_handler.py::43] Current state: ready
[2025-07-07 12:13:12,595] [INFO] [_sm_handler.py::43] Current state: ready
[2025-07-07 12:13:12,647] [INFO] [_sm_handler.py::43] Current state: ready
[2025-07-07 12:13:12,699] [INFO] [_sm_handler.py::43] Current state: ready
[2025-07-07 12:13:12,751] [INFO] [_sm_handler.py::43] Current state: ready
[2025-07-07 12:13:12,803] [INFO] [_sm_handler.py::43] Current state: ready
[2025-07-07 12:13:12,856] [INFO] [_sm_handler.py::43] Current state: ready
[2025-07-07 12:13:12,908] [INFO] [_sm_handler.py::43] Current state: ready
[2025-07-07 12:13:12,960] [INFO] [_sm_handler.py::43] Current state: ready
[2025-07-07 12:13:13,012] [INFO] [_sm_handler.py::43] Current state: ready
[2025-07-07 12:13:13,065] [INFO] [_sm_handler.py::43] Current state: ready
[2025-07-07 12:13:13,117] [INFO] [_sm_handler.py::43] Current state: ready
[2025-07-07 12:13:13,169] [INFO] [_sm_handler.py::43] Current state: ready
[2025-07-07 12:13:13,211] [INFO] [_sm_handler.py::43] Current state: init
[2025-07-07 12:13:13,212] [INFO] [device_runtime.py::83] DeviceRuntime initialized
[2025-07-07 12:13:13,222] [INFO] [_sm_handler.py::43] Current state: ready
[2025-07-07 12:13:13,269] [INFO] [_sm_handler.py::43] Current state: send_init_request
[2025-07-07 12:13:13,334] [INFO] [_sm_handler.py::43] Current state: get_ecf_address
[2025-07-07 12:13:13,386] [INFO] [_sm_handler.py::43] Current state: ready
[2025-07-07 12:13:13,438] [INFO] [_sm_handler.py::43] Current state: ready
[2025-07-07 12:13:13,490] [INFO] [_sm_handler.py::43] Current state: ready
[2025-07-07 12:13:13,543] [INFO] [_sm_handler.py::43] Current state: ready
[2025-07-07 12:13:13,595] [INFO] [_sm_handler.py::43] Current state: ready
[2025-07-07 12:13:13,647] [INFO] [_sm_handler.py::43] Current state: ready
[2025-07-07 12:13:13,699] [INFO] [_sm_handler.py::43] Current state: ready
[2025-07-07 12:13:13,751] [INFO] [_sm_handler.py::43] Current state: ready
[2025-07-07 12:13:13,803] [INFO] [_sm_handler.py::43] Current state: ready
[2025-07-07 12:13:13,856] [INFO] [_sm_handler.py::43] Current state: ready
[2025-07-07 12:13:13,908] [INFO] [_sm_handler.py::43] Current state: ready
[2025-07-07 12:13:13,960] [INFO] [_sm_handler.py::43] Current state: ready
[2025-07-07 12:13:14,012] [INFO] [_sm_handler.py::43] Current state: ready
[2025-07-07 12:13:14,064] [INFO] [_sm_handler.py::43] Current state: ready
[2025-07-07 12:13:14,116] [INFO] [_sm_handler.py::43] Current state: ready
[2025-07-07 12:13:14,168] [INFO] [_sm_handler.py::43] Current state: ready
[2025-07-07 12:13:14,220] [INFO] [_sm_handler.py::43] Current state: ready
[2025-07-07 12:13:15,337] [INFO] [_sm_handler.py::43] Current state: ready
[2025-07-07 12:13:15,390] [INFO] [_sm_handler.py::43] Current state: ready
[2025-07-07 12:13:15,442] [INFO] [_sm_handler.py::43] Current state: ready
[2025-07-07 12:13:15,494] [INFO] [_sm_handler.py::43] Current state: ready
[2025-07-07 12:13:15,546] [INFO] [_sm_handler.py::43] Current state: ready
[2025-07-07 12:13:15,598] [INFO] [_sm_handler.py::43] Current state: ready
[2025-07-07 12:13:15,651] [INFO] [_sm_handler.py::43] Current state: ready
[2025-07-07 12:13:15,703] [INFO] [_sm_handler.py::43] Current state: ready
[2025-07-07 12:13:15,755] [INFO] [_sm_handler.py::43] Current state: ready
[2025-07-07 12:13:15,807] [INFO] [_sm_handler.py::43] Current state: ready
[2025-07-07 12:13:15,859] [INFO] [_sm_handler.py::43] Current state: ready
[2025-07-07 12:13:15,911] [INFO] [_sm_handler.py::43] Current state: ready
[2025-07-07 12:13:15,963] [INFO] [_sm_handler.py::43] Current state: ready
[2025-07-07 12:13:16,016] [INFO] [_sm_handler.py::43] Current state: ready
[2025-07-07 12:13:16,068] [INFO] [_sm_handler.py::43] Current state: ready
[2025-07-07 12:13:16,122] [INFO] [_sm_handler.py::43] Current state: ready
[2025-07-07 12:13:16,184] [INFO] [_sm_handler.py::43] Current state: ready
[2025-07-07 12:13:16,236] [INFO] [_sm_handler.py::43] Current state: ready
[2025-07-07 12:13:16,288] [INFO] [_sm_handler.py::43] Current state: ready
[2025-07-07 12:13:16,341] [INFO] [_sm_handler.py::43] Current state: ready
[2025-07-07 12:13:16,393] [INFO] [_sm_handler.py::43] Current state: ready
[2025-07-07 12:13:16,445] [INFO] [_sm_handler.py::43] Current state: ready
[2025-07-07 12:13:16,498] [INFO] [_sm_handler.py::43] Current state: ready
[2025-07-07 12:13:16,550] [INFO] [_sm_handler.py::43] Current state: ready
[2025-07-07 12:13:16,602] [INFO] [_sm_handler.py::43] Current state: ready
[2025-07-07 12:13:16,654] [INFO] [_sm_handler.py::43] Current state: ready
[2025-07-07 12:13:16,710] [INFO] [_sm_handler.py::43] Current state: ready
[2025-07-07 12:13:16,763] [INFO] [_sm_handler.py::43] Current state: ready
[2025-07-07 12:13:16,815] [INFO] [_sm_handler.py::43] Current state: ready
[2025-07-07 12:13:16,868] [INFO] [_sm_handler.py::43] Current state: ready
[2025-07-07 12:13:16,920] [INFO] [_sm_handler.py::43] Current state: ready
[2025-07-07 12:13:16,972] [INFO] [_sm_handler.py::43] Current state: ready
[2025-07-07 12:13:17,024] [INFO] [_sm_handler.py::43] Current state: ready
[2025-07-07 12:13:17,077] [INFO] [_sm_handler.py::43] Current state: ready
[2025-07-07 12:13:17,129] [INFO] [_sm_handler.py::43] Current state: ready
[2025-07-07 12:13:17,181] [INFO] [_sm_handler.py::43] Current state: ready
[2025-07-07 12:13:17,233] [INFO] [_sm_handler.py::43] Current state: ready
[2025-07-07 12:13:17,288] [INFO] [_sm_handler.py::43] Current state: ready
[2025-07-07 12:13:25,350] [INFO] [_sm_handler.py::43] Current state: ready
[2025-07-07 12:13:25,403] [INFO] [_sm_handler.py::43] Current state: ready
[2025-07-07 12:13:25,455] [INFO] [_sm_handler.py::43] Current state: ready
[2025-07-07 12:13:25,507] [INFO] [_sm_handler.py::43] Current state: ready
[2025-07-07 12:13:25,560] [INFO] [_sm_handler.py::43] Current state: ready
[2025-07-07 12:13:25,612] [INFO] [_sm_handler.py::43] Current state: ready
[2025-07-07 12:13:25,664] [INFO] [_sm_handler.py::43] Current state: ready
[2025-07-07 12:13:25,717] [INFO] [_sm_handler.py::43] Current state: ready
[2025-07-07 12:13:25,769] [INFO] [_sm_handler.py::43] Current state: ready
[2025-07-07 12:13:25,822] [INFO] [_sm_handler.py::43] Current state: ready
[2025-07-07 12:13:25,874] [INFO] [_sm_handler.py::43] Current state: ready
[2025-07-07 12:13:25,926] [INFO] [_sm_handler.py::43] Current state: ready
[2025-07-07 12:13:25,979] [INFO] [_sm_handler.py::43] Current state: ready
[2025-07-07 12:13:26,031] [INFO] [_sm_handler.py::43] Current state: ready
[2025-07-07 12:13:26,083] [INFO] [_sm_handler.py::43] Current state: ready
[2025-07-07 12:13:26,135] [INFO] [_sm_handler.py::43] Current state: ready
[2025-07-07 12:13:26,187] [INFO] [_sm_handler.py::43] Current state: ready
[2025-07-07 12:13:26,240] [INFO] [_sm_handler.py::43] Current state: ready
[2025-07-07 12:13:26,292] [INFO] [_sm_handler.py::43] Current state: ready
[2025-07-07 12:13:26,347] [INFO] [_sm_handler.py::43] Current state: ready
[2025-07-07 12:13:26,402] [INFO] [_sm_handler.py::43] Current state: ready
[2025-07-07 12:13:26,454] [INFO] [_sm_handler.py::43] Current state: ready
[2025-07-07 12:13:26,506] [INFO] [_sm_handler.py::43] Current state: ready
[2025-07-07 12:13:26,559] [INFO] [_sm_handler.py::43] Current state: ready
[2025-07-07 12:13:26,611] [INFO] [_sm_handler.py::43] Current state: ready
[2025-07-07 12:13:26,663] [INFO] [_sm_handler.py::43] Current state: ready
[2025-07-07 12:13:26,715] [INFO] [_sm_handler.py::43] Current state: ready
[2025-07-07 12:13:26,768] [INFO] [_sm_handler.py::43] Current state: ready
[2025-07-07 12:13:26,820] [INFO] [_sm_handler.py::43] Current state: ready
[2025-07-07 12:13:26,872] [INFO] [_sm_handler.py::43] Current state: ready
[2025-07-07 12:13:26,929] [INFO] [_sm_handler.py::43] Current state: ready
[2025-07-07 12:13:26,983] [INFO] [_sm_handler.py::43] Current state: ready
[2025-07-07 12:13:27,036] [INFO] [_sm_handler.py::43] Current state: ready
[2025-07-07 12:13:27,088] [INFO] [_sm_handler.py::43] Current state: ready
[2025-07-07 12:13:27,140] [INFO] [_sm_handler.py::43] Current state: ready
[2025-07-07 12:13:27,192] [INFO] [_sm_handler.py::43] Current state: ready
[2025-07-07 12:13:27,244] [INFO] [_sm_handler.py::43] Current state: ready
[2025-07-07 12:13:27,297] [INFO] [_sm_handler.py::43] Current state: ready
[2025-07-07 12:13:27,349] [INFO] [_sm_handler.py::43] Current state: ready
[2025-07-07 12:13:35,363] [INFO] [_sm_handler.py::43] Current state: ready
[2025-07-07 12:13:35,415] [INFO] [_sm_handler.py::43] Current state: ready
[2025-07-07 12:13:35,468] [INFO] [_sm_handler.py::43] Current state: ready
[2025-07-07 12:13:35,520] [INFO] [_sm_handler.py::43] Current state: ready
[2025-07-07 12:13:35,572] [INFO] [_sm_handler.py::43] Current state: ready
[2025-07-07 12:13:35,624] [INFO] [_sm_handler.py::43] Current state: ready
[2025-07-07 12:13:35,676] [INFO] [_sm_handler.py::43] Current state: ready
[2025-07-07 12:13:35,729] [INFO] [_sm_handler.py::43] Current state: ready
[2025-07-07 12:13:35,781] [INFO] [_sm_handler.py::43] Current state: ready
[2025-07-07 12:13:35,833] [INFO] [_sm_handler.py::43] Current state: ready
[2025-07-07 12:13:35,885] [INFO] [_sm_handler.py::43] Current state: ready
[2025-07-07 12:13:35,937] [INFO] [_sm_handler.py::43] Current state: ready
[2025-07-07 12:13:35,989] [INFO] [_sm_handler.py::43] Current state: ready
[2025-07-07 12:13:36,042] [INFO] [_sm_handler.py::43] Current state: ready
[2025-07-07 12:13:36,094] [INFO] [_sm_handler.py::43] Current state: ready
[2025-07-07 12:13:36,146] [INFO] [_sm_handler.py::43] Current state: ready
[2025-07-07 12:13:36,198] [INFO] [_sm_handler.py::43] Current state: ready
[2025-07-07 12:13:36,251] [INFO] [_sm_handler.py::43] Current state: ready
[2025-07-07 12:13:36,303] [INFO] [_sm_handler.py::43] Current state: ready
[2025-07-07 12:13:36,355] [INFO] [_sm_handler.py::43] Current state: ready
[2025-07-07 12:13:36,407] [INFO] [_sm_handler.py::43] Current state: ready
[2025-07-07 12:13:36,460] [INFO] [_sm_handler.py::43] Current state: ready
[2025-07-07 12:13:36,512] [INFO] [_sm_handler.py::43] Current state: ready
[2025-07-07 12:13:36,566] [INFO] [_sm_handler.py::43] Current state: ready
[2025-07-07 12:13:36,618] [INFO] [_sm_handler.py::43] Current state: ready
[2025-07-07 12:13:36,670] [INFO] [_sm_handler.py::43] Current state: ready
[2025-07-07 12:13:36,723] [INFO] [_sm_handler.py::43] Current state: ready
[2025-07-07 12:13:36,775] [INFO] [_sm_handler.py::43] Current state: ready
[2025-07-07 12:13:36,827] [INFO] [_sm_handler.py::43] Current state: ready
[2025-07-07 12:13:36,879] [INFO] [_sm_handler.py::43] Current state: ready
[2025-07-07 12:13:36,932] [INFO] [_sm_handler.py::43] Current state: ready
[2025-07-07 12:13:36,984] [INFO] [_sm_handler.py::43] Current state: ready
[2025-07-07 12:13:37,036] [INFO] [_sm_handler.py::43] Current state: ready
[2025-07-07 12:13:37,091] [INFO] [_sm_handler.py::43] Current state: ready
[2025-07-07 12:13:37,146] [INFO] [_sm_handler.py::43] Current state: ready
[2025-07-07 12:13:37,198] [INFO] [_sm_handler.py::43] Current state: ready
[2025-07-07 12:13:37,250] [INFO] [_sm_handler.py::43] Current state: ready
[2025-07-07 12:13:37,303] [INFO] [_sm_handler.py::43] Current state: ready
[2025-07-07 12:13:37,355] [INFO] [_sm_handler.py::43] Current state: ready
[2025-07-07 12:13:45,376] [INFO] [_sm_handler.py::43] Current state: ready
[2025-07-07 12:13:45,429] [INFO] [_sm_handler.py::43] Current state: ready
[2025-07-07 12:13:45,481] [INFO] [_sm_handler.py::43] Current state: ready
[2025-07-07 12:13:45,533] [INFO] [_sm_handler.py::43] Current state: ready
[2025-07-07 12:13:45,585] [INFO] [_sm_handler.py::43] Current state: ready
[2025-07-07 12:13:45,637] [INFO] [_sm_handler.py::43] Current state: ready
[2025-07-07 12:13:45,689] [INFO] [_sm_handler.py::43] Current state: ready
[2025-07-07 12:13:45,741] [INFO] [_sm_handler.py::43] Current state: ready
[2025-07-07 12:13:45,794] [INFO] [_sm_handler.py::43] Current state: ready
[2025-07-07 12:13:45,846] [INFO] [_sm_handler.py::43] Current state: ready
[2025-07-07 12:13:45,899] [INFO] [_sm_handler.py::43] Current state: ready
[2025-07-07 12:13:45,951] [INFO] [_sm_handler.py::43] Current state: ready
[2025-07-07 12:13:46,003] [INFO] [_sm_handler.py::43] Current state: ready
[2025-07-07 12:13:46,055] [INFO] [_sm_handler.py::43] Current state: ready
[2025-07-07 12:13:46,107] [INFO] [_sm_handler.py::43] Current state: ready
[2025-07-07 12:13:46,160] [INFO] [_sm_handler.py::43] Current state: ready
[2025-07-07 12:13:46,212] [INFO] [_sm_handler.py::43] Current state: ready
[2025-07-07 12:13:46,265] [INFO] [_sm_handler.py::43] Current state: ready
[2025-07-07 12:13:46,317] [INFO] [_sm_handler.py::43] Current state: ready
[2025-07-07 12:13:46,369] [INFO] [_sm_handler.py::43] Current state: ready
[2025-07-07 12:13:46,422] [INFO] [_sm_handler.py::43] Current state: ready
[2025-07-07 12:13:46,474] [INFO] [_sm_handler.py::43] Current state: ready
[2025-07-07 12:13:46,526] [INFO] [_sm_handler.py::43] Current state: ready
[2025-07-07 12:13:46,578] [INFO] [_sm_handler.py::43] Current state: ready
[2025-07-07 12:13:46,631] [INFO] [_sm_handler.py::43] Current state: ready
[2025-07-07 12:13:46,683] [INFO] [_sm_handler.py::43] Current state: ready
[2025-07-07 12:13:46,735] [INFO] [_sm_handler.py::43] Current state: ready
[2025-07-07 12:13:46,787] [INFO] [_sm_handler.py::43] Current state: ready
[2025-07-07 12:13:46,843] [INFO] [_sm_handler.py::43] Current state: ready
[2025-07-07 12:13:46,898] [INFO] [_sm_handler.py::43] Current state: ready
[2025-07-07 12:13:46,951] [INFO] [_sm_handler.py::43] Current state: ready
[2025-07-07 12:13:47,003] [INFO] [_sm_handler.py::43] Current state: ready
[2025-07-07 12:13:47,055] [INFO] [_sm_handler.py::43] Current state: ready
[2025-07-07 12:13:47,108] [INFO] [_sm_handler.py::43] Current state: ready
[2025-07-07 12:13:47,161] [INFO] [_sm_handler.py::43] Current state: ready
[2025-07-07 12:13:47,213] [INFO] [_sm_handler.py::43] Current state: ready
[2025-07-07 12:13:47,265] [INFO] [_sm_handler.py::43] Current state: ready
[2025-07-07 12:13:47,317] [INFO] [_sm_handler.py::43] Current state: ready
[2025-07-07 12:13:47,370] [INFO] [_sm_handler.py::43] Current state: ready
[2025-07-07 12:13:55,390] [INFO] [_sm_handler.py::43] Current state: ready
[2025-07-07 12:13:55,442] [INFO] [_sm_handler.py::43] Current state: ready
[2025-07-07 12:13:55,494] [INFO] [_sm_handler.py::43] Current state: ready
[2025-07-07 12:13:55,547] [INFO] [_sm_handler.py::43] Current state: ready
[2025-07-07 12:13:55,599] [INFO] [_sm_handler.py::43] Current state: ready
[2025-07-07 12:13:55,651] [INFO] [_sm_handler.py::43] Current state: ready
[2025-07-07 12:13:55,703] [INFO] [_sm_handler.py::43] Current state: ready
[2025-07-07 12:13:55,756] [INFO] [_sm_handler.py::43] Current state: ready
[2025-07-07 12:13:55,808] [INFO] [_sm_handler.py::43] Current state: ready
[2025-07-07 12:13:55,860] [INFO] [_sm_handler.py::43] Current state: ready
[2025-07-07 12:13:55,913] [INFO] [_sm_handler.py::43] Current state: ready
[2025-07-07 12:13:55,965] [INFO] [_sm_handler.py::43] Current state: ready
[2025-07-07 12:13:56,017] [INFO] [_sm_handler.py::43] Current state: ready
[2025-07-07 12:13:56,070] [INFO] [_sm_handler.py::43] Current state: ready
[2025-07-07 12:13:56,122] [INFO] [_sm_handler.py::43] Current state: ready
[2025-07-07 12:13:56,174] [INFO] [_sm_handler.py::43] Current state: ready
[2025-07-07 12:13:56,227] [INFO] [_sm_handler.py::43] Current state: ready
[2025-07-07 12:13:56,279] [INFO] [_sm_handler.py::43] Current state: ready
[2025-07-07 12:13:56,332] [INFO] [_sm_handler.py::43] Current state: ready
[2025-07-07 12:13:56,384] [INFO] [_sm_handler.py::43] Current state: ready
[2025-07-07 12:13:56,436] [INFO] [_sm_handler.py::43] Current state: ready
[2025-07-07 12:13:56,488] [INFO] [_sm_handler.py::43] Current state: ready
[2025-07-07 12:13:56,540] [INFO] [_sm_handler.py::43] Current state: ready
[2025-07-07 12:13:56,593] [INFO] [_sm_handler.py::43] Current state: ready
[2025-07-07 12:13:56,645] [INFO] [_sm_handler.py::43] Current state: ready
[2025-07-07 12:13:56,697] [INFO] [_sm_handler.py::43] Current state: ready
[2025-07-07 12:13:56,749] [INFO] [_sm_handler.py::43] Current state: ready
[2025-07-07 12:13:56,801] [INFO] [_sm_handler.py::43] Current state: ready
[2025-07-07 12:13:56,853] [INFO] [_sm_handler.py::43] Current state: ready
[2025-07-07 12:13:56,905] [INFO] [_sm_handler.py::43] Current state: ready
[2025-07-07 12:13:56,958] [INFO] [_sm_handler.py::43] Current state: ready
[2025-07-07 12:13:57,010] [INFO] [_sm_handler.py::43] Current state: ready
[2025-07-07 12:13:57,062] [INFO] [_sm_handler.py::43] Current state: ready
[2025-07-07 12:13:57,117] [INFO] [_sm_handler.py::43] Current state: ready
[2025-07-07 12:13:57,173] [INFO] [_sm_handler.py::43] Current state: ready
[2025-07-07 12:13:57,225] [INFO] [_sm_handler.py::43] Current state: ready
[2025-07-07 12:13:57,277] [INFO] [_sm_handler.py::43] Current state: ready
[2025-07-07 12:13:57,330] [INFO] [_sm_handler.py::43] Current state: ready
[2025-07-07 12:13:57,382] [INFO] [_sm_handler.py::43] Current state: ready
[2025-07-07 12:16:34,785] [INFO] [_sm_handler.py::43] Current state: init
[2025-07-07 12:16:34,788] [INFO] [device_runtime.py::83] DeviceRuntime initialized
[2025-07-07 12:16:34,843] [INFO] [_sm_handler.py::43] Current state: send_init_request
[2025-07-07 12:16:34,909] [INFO] [_sm_handler.py::43] Current state: get_ecf_address
[2025-07-07 12:16:34,962] [INFO] [_sm_handler.py::43] Current state: ready
[2025-07-07 12:16:35,014] [INFO] [_sm_handler.py::43] Current state: ready
[2025-07-07 12:16:35,067] [INFO] [_sm_handler.py::43] Current state: ready
[2025-07-07 12:16:35,119] [INFO] [_sm_handler.py::43] Current state: ready
[2025-07-07 12:16:35,172] [INFO] [_sm_handler.py::43] Current state: ready
[2025-07-07 12:16:35,224] [INFO] [_sm_handler.py::43] Current state: ready
[2025-07-07 12:16:35,276] [INFO] [_sm_handler.py::43] Current state: ready
[2025-07-07 12:16:35,329] [INFO] [_sm_handler.py::43] Current state: ready
[2025-07-07 12:16:35,382] [INFO] [_sm_handler.py::43] Current state: ready
[2025-07-07 12:16:35,434] [INFO] [_sm_handler.py::43] Current state: ready
[2025-07-07 12:16:35,486] [INFO] [_sm_handler.py::43] Current state: ready
[2025-07-07 12:16:35,539] [INFO] [_sm_handler.py::43] Current state: ready
[2025-07-07 12:16:35,591] [INFO] [_sm_handler.py::43] Current state: ready
[2025-07-07 12:16:35,644] [INFO] [_sm_handler.py::43] Current state: ready
[2025-07-07 12:16:35,696] [INFO] [_sm_handler.py::43] Current state: ready
[2025-07-07 12:16:35,748] [INFO] [_sm_handler.py::43] Current state: ready
[2025-07-07 12:16:35,762] [INFO] [_sm_handler.py::43] Current state: init
[2025-07-07 12:16:35,764] [INFO] [device_runtime.py::83] DeviceRuntime initialized
[2025-07-07 12:16:35,801] [INFO] [_sm_handler.py::43] Current state: ready
[2025-07-07 12:16:35,821] [INFO] [_sm_handler.py::43] Current state: send_init_request
[2025-07-07 12:16:35,885] [INFO] [_sm_handler.py::43] Current state: get_ecf_address
[2025-07-07 12:16:35,937] [INFO] [_sm_handler.py::43] Current state: ready
[2025-07-07 12:16:35,989] [INFO] [_sm_handler.py::43] Current state: ready
[2025-07-07 12:16:36,042] [INFO] [_sm_handler.py::43] Current state: ready
[2025-07-07 12:16:36,094] [INFO] [_sm_handler.py::43] Current state: ready
[2025-07-07 12:16:36,146] [INFO] [_sm_handler.py::43] Current state: ready
[2025-07-07 12:16:36,198] [INFO] [_sm_handler.py::43] Current state: ready
[2025-07-07 12:16:36,251] [INFO] [_sm_handler.py::43] Current state: ready
[2025-07-07 12:16:36,303] [INFO] [_sm_handler.py::43] Current state: ready
[2025-07-07 12:16:36,355] [INFO] [_sm_handler.py::43] Current state: ready
[2025-07-07 12:16:36,407] [INFO] [_sm_handler.py::43] Current state: ready
[2025-07-07 12:16:36,460] [INFO] [_sm_handler.py::43] Current state: ready
[2025-07-07 12:16:36,512] [INFO] [_sm_handler.py::43] Current state: ready
[2025-07-07 12:16:36,564] [INFO] [_sm_handler.py::43] Current state: ready
[2025-07-07 12:16:36,616] [INFO] [_sm_handler.py::43] Current state: ready
[2025-07-07 12:16:36,668] [INFO] [_sm_handler.py::43] Current state: ready
[2025-07-07 12:16:36,721] [INFO] [_sm_handler.py::43] Current state: ready
[2025-07-07 12:16:36,763] [INFO] [_sm_handler.py::43] Current state: init
[2025-07-07 12:16:36,765] [INFO] [device_runtime.py::83] DeviceRuntime initialized
[2025-07-07 12:16:36,773] [INFO] [_sm_handler.py::43] Current state: ready
[2025-07-07 12:16:36,821] [INFO] [_sm_handler.py::43] Current state: send_init_request
[2025-07-07 12:16:36,885] [INFO] [_sm_handler.py::43] Current state: get_ecf_address
[2025-07-07 12:16:36,938] [INFO] [_sm_handler.py::43] Current state: ready
[2025-07-07 12:16:36,990] [INFO] [_sm_handler.py::43] Current state: ready
[2025-07-07 12:16:37,042] [INFO] [_sm_handler.py::43] Current state: ready
[2025-07-07 12:16:37,094] [INFO] [_sm_handler.py::43] Current state: ready
[2025-07-07 12:16:37,146] [INFO] [_sm_handler.py::43] Current state: ready
[2025-07-07 12:16:37,199] [INFO] [_sm_handler.py::43] Current state: ready
[2025-07-07 12:16:37,251] [INFO] [_sm_handler.py::43] Current state: ready
[2025-07-07 12:16:37,303] [INFO] [_sm_handler.py::43] Current state: ready
[2025-07-07 12:16:37,355] [INFO] [_sm_handler.py::43] Current state: ready
[2025-07-07 12:16:37,408] [INFO] [_sm_handler.py::43] Current state: ready
[2025-07-07 12:16:37,460] [INFO] [_sm_handler.py::43] Current state: ready
[2025-07-07 12:16:37,512] [INFO] [_sm_handler.py::43] Current state: ready
[2025-07-07 12:16:37,564] [INFO] [_sm_handler.py::43] Current state: ready
[2025-07-07 12:16:37,616] [INFO] [_sm_handler.py::43] Current state: ready
[2025-07-07 12:16:37,669] [INFO] [_sm_handler.py::43] Current state: ready
[2025-07-07 12:16:37,722] [INFO] [_sm_handler.py::43] Current state: ready
[2025-07-07 12:16:37,764] [INFO] [_sm_handler.py::43] Current state: init
[2025-07-07 12:16:37,766] [INFO] [device_runtime.py::83] DeviceRuntime initialized
[2025-07-07 12:16:37,774] [INFO] [_sm_handler.py::43] Current state: ready
[2025-07-07 12:16:37,822] [INFO] [_sm_handler.py::43] Current state: send_init_request
[2025-07-07 12:16:37,886] [INFO] [_sm_handler.py::43] Current state: get_ecf_address
[2025-07-07 12:16:37,938] [INFO] [_sm_handler.py::43] Current state: ready
[2025-07-07 12:16:37,991] [INFO] [_sm_handler.py::43] Current state: ready
[2025-07-07 12:16:38,043] [INFO] [_sm_handler.py::43] Current state: ready
[2025-07-07 12:16:38,095] [INFO] [_sm_handler.py::43] Current state: ready
[2025-07-07 12:16:38,148] [INFO] [_sm_handler.py::43] Current state: ready
[2025-07-07 12:16:38,200] [INFO] [_sm_handler.py::43] Current state: ready
[2025-07-07 12:16:38,253] [INFO] [_sm_handler.py::43] Current state: ready
[2025-07-07 12:16:38,305] [INFO] [_sm_handler.py::43] Current state: ready
[2025-07-07 12:16:38,357] [INFO] [_sm_handler.py::43] Current state: ready
[2025-07-07 12:16:38,410] [INFO] [_sm_handler.py::43] Current state: ready
[2025-07-07 12:16:38,462] [INFO] [_sm_handler.py::43] Current state: ready
[2025-07-07 12:16:38,514] [INFO] [_sm_handler.py::43] Current state: ready
[2025-07-07 12:16:38,567] [INFO] [_sm_handler.py::43] Current state: ready
[2025-07-07 12:16:38,619] [INFO] [_sm_handler.py::43] Current state: ready
[2025-07-07 12:16:38,671] [INFO] [_sm_handler.py::43] Current state: ready
[2025-07-07 12:16:38,723] [INFO] [_sm_handler.py::43] Current state: ready
[2025-07-07 12:16:38,776] [INFO] [_sm_handler.py::43] Current state: ready
[2025-07-07 12:16:45,903] [INFO] [_sm_handler.py::43] Current state: ready
[2025-07-07 12:16:45,956] [INFO] [_sm_handler.py::43] Current state: ready
[2025-07-07 12:16:46,008] [INFO] [_sm_handler.py::43] Current state: ready
[2025-07-07 12:16:46,061] [INFO] [_sm_handler.py::43] Current state: ready
[2025-07-07 12:16:46,113] [INFO] [_sm_handler.py::43] Current state: ready
[2025-07-07 12:16:46,165] [INFO] [_sm_handler.py::43] Current state: ready
[2025-07-07 12:16:46,217] [INFO] [_sm_handler.py::43] Current state: ready
[2025-07-07 12:16:46,270] [INFO] [_sm_handler.py::43] Current state: ready
[2025-07-07 12:16:46,322] [INFO] [_sm_handler.py::43] Current state: ready
[2025-07-07 12:16:46,374] [INFO] [_sm_handler.py::43] Current state: ready
[2025-07-07 12:16:46,426] [INFO] [_sm_handler.py::43] Current state: ready
[2025-07-07 12:16:46,479] [INFO] [_sm_handler.py::43] Current state: ready
[2025-07-07 12:16:46,531] [INFO] [_sm_handler.py::43] Current state: ready
[2025-07-07 12:16:46,583] [INFO] [_sm_handler.py::43] Current state: ready
[2025-07-07 12:16:46,635] [INFO] [_sm_handler.py::43] Current state: ready
[2025-07-07 12:16:46,687] [INFO] [_sm_handler.py::43] Current state: ready
[2025-07-07 12:16:46,740] [INFO] [_sm_handler.py::43] Current state: ready
[2025-07-07 12:16:46,792] [INFO] [_sm_handler.py::43] Current state: ready
[2025-07-07 12:16:46,844] [INFO] [_sm_handler.py::43] Current state: ready
[2025-07-07 12:16:46,897] [INFO] [_sm_handler.py::43] Current state: ready
[2025-07-07 12:16:46,949] [INFO] [_sm_handler.py::43] Current state: ready
[2025-07-07 12:16:47,001] [INFO] [_sm_handler.py::43] Current state: ready
[2025-07-07 12:16:47,054] [INFO] [_sm_handler.py::43] Current state: ready
[2025-07-07 12:16:47,106] [INFO] [_sm_handler.py::43] Current state: ready
[2025-07-07 12:16:47,159] [INFO] [_sm_handler.py::43] Current state: ready
[2025-07-07 12:16:47,211] [INFO] [_sm_handler.py::43] Current state: ready
[2025-07-07 12:16:47,263] [INFO] [_sm_handler.py::43] Current state: ready
[2025-07-07 12:16:47,316] [INFO] [_sm_handler.py::43] Current state: ready
[2025-07-07 12:16:47,368] [INFO] [_sm_handler.py::43] Current state: ready
[2025-07-07 12:16:47,421] [INFO] [_sm_handler.py::43] Current state: ready
[2025-07-07 12:16:47,473] [INFO] [_sm_handler.py::43] Current state: ready
[2025-07-07 12:16:47,526] [INFO] [_sm_handler.py::43] Current state: ready
[2025-07-07 12:16:47,578] [INFO] [_sm_handler.py::43] Current state: ready
[2025-07-07 12:16:47,630] [INFO] [_sm_handler.py::43] Current state: ready
[2025-07-07 12:16:47,683] [INFO] [_sm_handler.py::43] Current state: ready
[2025-07-07 12:16:47,735] [INFO] [_sm_handler.py::43] Current state: ready
[2025-07-07 12:16:47,788] [INFO] [_sm_handler.py::43] Current state: ready
[2025-07-07 12:16:47,840] [INFO] [_sm_handler.py::43] Current state: ready
[2025-07-07 12:16:47,893] [INFO] [_sm_handler.py::43] Current state: ready
[2025-07-07 12:16:55,917] [INFO] [_sm_handler.py::43] Current state: ready
[2025-07-07 12:16:55,970] [INFO] [_sm_handler.py::43] Current state: ready
[2025-07-07 12:16:56,022] [INFO] [_sm_handler.py::43] Current state: ready
[2025-07-07 12:16:56,075] [INFO] [_sm_handler.py::43] Current state: ready
[2025-07-07 12:16:56,127] [INFO] [_sm_handler.py::43] Current state: ready
[2025-07-07 12:16:56,179] [INFO] [_sm_handler.py::43] Current state: ready
[2025-07-07 12:16:56,232] [INFO] [_sm_handler.py::43] Current state: ready
[2025-07-07 12:16:56,284] [INFO] [_sm_handler.py::43] Current state: ready
[2025-07-07 12:16:56,336] [INFO] [_sm_handler.py::43] Current state: ready
[2025-07-07 12:16:56,388] [INFO] [_sm_handler.py::43] Current state: ready
[2025-07-07 12:16:56,441] [INFO] [_sm_handler.py::43] Current state: ready
[2025-07-07 12:16:56,493] [INFO] [_sm_handler.py::43] Current state: ready
[2025-07-07 12:16:56,545] [INFO] [_sm_handler.py::43] Current state: ready
[2025-07-07 12:16:56,598] [INFO] [_sm_handler.py::43] Current state: ready
[2025-07-07 12:16:56,650] [INFO] [_sm_handler.py::43] Current state: ready
[2025-07-07 12:16:56,702] [INFO] [_sm_handler.py::43] Current state: ready
[2025-07-07 12:16:56,755] [INFO] [_sm_handler.py::43] Current state: ready
[2025-07-07 12:16:56,807] [INFO] [_sm_handler.py::43] Current state: ready
[2025-07-07 12:16:56,860] [INFO] [_sm_handler.py::43] Current state: ready
[2025-07-07 12:16:56,912] [INFO] [_sm_handler.py::43] Current state: ready
[2025-07-07 12:16:56,964] [INFO] [_sm_handler.py::43] Current state: ready
[2025-07-07 12:16:57,017] [INFO] [_sm_handler.py::43] Current state: ready
[2025-07-07 12:16:57,069] [INFO] [_sm_handler.py::43] Current state: ready
[2025-07-07 12:16:57,121] [INFO] [_sm_handler.py::43] Current state: ready
[2025-07-07 12:16:57,173] [INFO] [_sm_handler.py::43] Current state: ready
[2025-07-07 12:16:57,226] [INFO] [_sm_handler.py::43] Current state: ready
[2025-07-07 12:16:57,278] [INFO] [_sm_handler.py::43] Current state: ready
[2025-07-07 12:16:57,330] [INFO] [_sm_handler.py::43] Current state: ready
[2025-07-07 12:16:57,382] [INFO] [_sm_handler.py::43] Current state: ready
[2025-07-07 12:16:57,435] [INFO] [_sm_handler.py::43] Current state: ready
[2025-07-07 12:16:57,487] [INFO] [_sm_handler.py::43] Current state: ready
[2025-07-07 12:16:57,539] [INFO] [_sm_handler.py::43] Current state: ready
[2025-07-07 12:16:57,591] [INFO] [_sm_handler.py::43] Current state: ready
[2025-07-07 12:16:57,644] [INFO] [_sm_handler.py::43] Current state: ready
[2025-07-07 12:16:57,696] [INFO] [_sm_handler.py::43] Current state: ready
[2025-07-07 12:16:57,748] [INFO] [_sm_handler.py::43] Current state: ready
[2025-07-07 12:16:57,800] [INFO] [_sm_handler.py::43] Current state: ready
[2025-07-07 12:16:57,852] [INFO] [_sm_handler.py::43] Current state: ready
[2025-07-07 12:16:57,905] [INFO] [_sm_handler.py::43] Current state: ready
[2025-07-07 12:17:05,932] [INFO] [_sm_handler.py::43] Current state: ready
[2025-07-07 12:17:05,985] [INFO] [_sm_handler.py::43] Current state: ready
[2025-07-07 12:17:06,037] [INFO] [_sm_handler.py::43] Current state: ready
[2025-07-07 12:17:06,090] [INFO] [_sm_handler.py::43] Current state: ready
[2025-07-07 12:17:06,142] [INFO] [_sm_handler.py::43] Current state: ready
[2025-07-07 12:17:06,194] [INFO] [_sm_handler.py::43] Current state: ready
[2025-07-07 12:17:06,246] [INFO] [_sm_handler.py::43] Current state: ready
[2025-07-07 12:17:06,299] [INFO] [_sm_handler.py::43] Current state: ready
[2025-07-07 12:17:06,351] [INFO] [_sm_handler.py::43] Current state: ready
[2025-07-07 12:17:06,404] [INFO] [_sm_handler.py::43] Current state: ready
[2025-07-07 12:17:06,456] [INFO] [_sm_handler.py::43] Current state: ready
[2025-07-07 12:17:06,508] [INFO] [_sm_handler.py::43] Current state: ready
[2025-07-07 12:17:06,561] [INFO] [_sm_handler.py::43] Current state: ready
[2025-07-07 12:17:06,613] [INFO] [_sm_handler.py::43] Current state: ready
[2025-07-07 12:17:06,665] [INFO] [_sm_handler.py::43] Current state: ready
[2025-07-07 12:17:06,718] [INFO] [_sm_handler.py::43] Current state: ready
[2025-07-07 12:17:06,770] [INFO] [_sm_handler.py::43] Current state: ready
[2025-07-07 12:17:06,823] [INFO] [_sm_handler.py::43] Current state: ready
[2025-07-07 12:17:06,875] [INFO] [_sm_handler.py::43] Current state: ready
[2025-07-07 12:17:06,927] [INFO] [_sm_handler.py::43] Current state: ready
[2025-07-07 12:17:06,979] [INFO] [_sm_handler.py::43] Current state: ready
[2025-07-07 12:17:07,032] [INFO] [_sm_handler.py::43] Current state: ready
[2025-07-07 12:17:07,084] [INFO] [_sm_handler.py::43] Current state: ready
[2025-07-07 12:17:07,136] [INFO] [_sm_handler.py::43] Current state: ready
[2025-07-07 12:17:07,188] [INFO] [_sm_handler.py::43] Current state: ready
[2025-07-07 12:17:07,241] [INFO] [_sm_handler.py::43] Current state: ready
[2025-07-07 12:17:07,293] [INFO] [_sm_handler.py::43] Current state: ready
[2025-07-07 12:17:07,345] [INFO] [_sm_handler.py::43] Current state: ready
[2025-07-07 12:17:07,398] [INFO] [_sm_handler.py::43] Current state: ready
[2025-07-07 12:17:07,450] [INFO] [_sm_handler.py::43] Current state: ready
[2025-07-07 12:17:07,502] [INFO] [_sm_handler.py::43] Current state: ready
[2025-07-07 12:17:07,555] [INFO] [_sm_handler.py::43] Current state: ready
[2025-07-07 12:17:07,607] [INFO] [_sm_handler.py::43] Current state: ready
[2025-07-07 12:17:07,659] [INFO] [_sm_handler.py::43] Current state: ready
[2025-07-07 12:17:07,711] [INFO] [_sm_handler.py::43] Current state: ready
[2025-07-07 12:17:07,763] [INFO] [_sm_handler.py::43] Current state: ready
[2025-07-07 12:17:07,816] [INFO] [_sm_handler.py::43] Current state: ready
[2025-07-07 12:17:07,868] [INFO] [_sm_handler.py::43] Current state: ready
[2025-07-07 12:17:07,921] [INFO] [_sm_handler.py::43] Current state: ready
[2025-07-07 12:17:15,949] [INFO] [_sm_handler.py::43] Current state: ready
[2025-07-07 12:17:16,001] [INFO] [_sm_handler.py::43] Current state: ready
[2025-07-07 12:17:16,054] [INFO] [_sm_handler.py::43] Current state: ready
[2025-07-07 12:17:16,106] [INFO] [_sm_handler.py::43] Current state: ready
[2025-07-07 12:17:16,158] [INFO] [_sm_handler.py::43] Current state: ready
[2025-07-07 12:17:16,210] [INFO] [_sm_handler.py::43] Current state: ready
[2025-07-07 12:17:16,263] [INFO] [_sm_handler.py::43] Current state: ready
[2025-07-07 12:17:16,315] [INFO] [_sm_handler.py::43] Current state: ready
[2025-07-07 12:17:16,368] [INFO] [_sm_handler.py::43] Current state: ready
[2025-07-07 12:17:16,420] [INFO] [_sm_handler.py::43] Current state: ready
[2025-07-07 12:17:16,472] [INFO] [_sm_handler.py::43] Current state: ready
[2025-07-07 12:17:16,524] [INFO] [_sm_handler.py::43] Current state: ready
[2025-07-07 12:17:16,577] [INFO] [_sm_handler.py::43] Current state: ready
[2025-07-07 12:17:16,629] [INFO] [_sm_handler.py::43] Current state: ready
[2025-07-07 12:17:16,681] [INFO] [_sm_handler.py::43] Current state: ready
[2025-07-07 12:17:16,734] [INFO] [_sm_handler.py::43] Current state: ready
[2025-07-07 12:17:16,787] [INFO] [_sm_handler.py::43] Current state: ready
[2025-07-07 12:17:16,839] [INFO] [_sm_handler.py::43] Current state: ready
[2025-07-07 12:17:16,891] [INFO] [_sm_handler.py::43] Current state: ready
[2025-07-07 12:17:16,944] [INFO] [_sm_handler.py::43] Current state: ready
[2025-07-07 12:17:16,996] [INFO] [_sm_handler.py::43] Current state: ready
[2025-07-07 12:17:17,048] [INFO] [_sm_handler.py::43] Current state: ready
[2025-07-07 12:17:17,100] [INFO] [_sm_handler.py::43] Current state: ready
[2025-07-07 12:17:17,152] [INFO] [_sm_handler.py::43] Current state: ready
[2025-07-07 12:17:17,204] [INFO] [_sm_handler.py::43] Current state: ready
[2025-07-07 12:17:17,256] [INFO] [_sm_handler.py::43] Current state: ready
[2025-07-07 12:17:17,309] [INFO] [_sm_handler.py::43] Current state: ready
[2025-07-07 12:17:17,361] [INFO] [_sm_handler.py::43] Current state: ready
[2025-07-07 12:17:17,413] [INFO] [_sm_handler.py::43] Current state: ready
[2025-07-07 12:17:17,465] [INFO] [_sm_handler.py::43] Current state: ready
[2025-07-07 12:17:17,517] [INFO] [_sm_handler.py::43] Current state: ready
[2025-07-07 12:17:17,570] [INFO] [_sm_handler.py::43] Current state: ready
[2025-07-07 12:17:17,622] [INFO] [_sm_handler.py::43] Current state: ready
[2025-07-07 12:17:17,675] [INFO] [_sm_handler.py::43] Current state: ready
[2025-07-07 12:17:17,727] [INFO] [_sm_handler.py::43] Current state: ready
[2025-07-07 12:17:17,779] [INFO] [_sm_handler.py::43] Current state: ready
[2025-07-07 12:17:17,831] [INFO] [_sm_handler.py::43] Current state: ready
[2025-07-07 12:17:17,884] [INFO] [_sm_handler.py::43] Current state: ready
[2025-07-07 12:17:17,937] [INFO] [_sm_handler.py::43] Current state: ready
[2025-07-07 12:17:25,962] [INFO] [_sm_handler.py::43] Current state: ready
[2025-07-07 12:17:26,015] [INFO] [_sm_handler.py::43] Current state: ready
[2025-07-07 12:17:26,067] [INFO] [_sm_handler.py::43] Current state: ready
[2025-07-07 12:17:26,120] [INFO] [_sm_handler.py::43] Current state: ready
[2025-07-07 12:17:26,172] [INFO] [_sm_handler.py::43] Current state: ready
[2025-07-07 12:17:26,224] [INFO] [_sm_handler.py::43] Current state: ready
[2025-07-07 12:17:26,277] [INFO] [_sm_handler.py::43] Current state: ready
[2025-07-07 12:17:26,329] [INFO] [_sm_handler.py::43] Current state: ready
[2025-07-07 12:17:26,381] [INFO] [_sm_handler.py::43] Current state: ready
[2025-07-07 12:17:26,434] [INFO] [_sm_handler.py::43] Current state: ready
[2025-07-07 12:17:26,486] [INFO] [_sm_handler.py::43] Current state: ready
[2025-07-07 12:17:26,538] [INFO] [_sm_handler.py::43] Current state: ready
[2025-07-07 12:17:26,590] [INFO] [_sm_handler.py::43] Current state: ready
[2025-07-07 12:17:26,643] [INFO] [_sm_handler.py::43] Current state: ready
[2025-07-07 12:17:26,695] [INFO] [_sm_handler.py::43] Current state: ready
[2025-07-07 12:17:26,747] [INFO] [_sm_handler.py::43] Current state: ready
[2025-07-07 12:17:26,800] [INFO] [_sm_handler.py::43] Current state: ready
[2025-07-07 12:17:26,852] [INFO] [_sm_handler.py::43] Current state: ready
[2025-07-07 12:17:26,905] [INFO] [_sm_handler.py::43] Current state: ready
[2025-07-07 12:17:26,957] [INFO] [_sm_handler.py::43] Current state: ready
[2025-07-07 12:17:27,009] [INFO] [_sm_handler.py::43] Current state: ready
[2025-07-07 12:17:27,061] [INFO] [_sm_handler.py::43] Current state: ready
[2025-07-07 12:17:27,113] [INFO] [_sm_handler.py::43] Current state: ready
[2025-07-07 12:17:27,166] [INFO] [_sm_handler.py::43] Current state: ready
[2025-07-07 12:17:27,218] [INFO] [_sm_handler.py::43] Current state: ready
[2025-07-07 12:17:27,270] [INFO] [_sm_handler.py::43] Current state: ready
[2025-07-07 12:17:27,322] [INFO] [_sm_handler.py::43] Current state: ready
[2025-07-07 12:17:27,375] [INFO] [_sm_handler.py::43] Current state: ready
[2025-07-07 12:17:27,427] [INFO] [_sm_handler.py::43] Current state: ready
[2025-07-07 12:17:27,479] [INFO] [_sm_handler.py::43] Current state: ready
[2025-07-07 12:17:27,531] [INFO] [_sm_handler.py::43] Current state: ready
[2025-07-07 12:17:27,584] [INFO] [_sm_handler.py::43] Current state: ready
[2025-07-07 12:17:27,636] [INFO] [_sm_handler.py::43] Current state: ready
[2025-07-07 12:17:27,688] [INFO] [_sm_handler.py::43] Current state: ready
[2025-07-07 12:17:27,740] [INFO] [_sm_handler.py::43] Current state: ready
[2025-07-07 12:17:27,793] [INFO] [_sm_handler.py::43] Current state: ready
[2025-07-07 12:17:27,845] [INFO] [_sm_handler.py::43] Current state: ready
[2025-07-07 12:17:27,898] [INFO] [_sm_handler.py::43] Current state: ready
[2025-07-07 12:17:27,951] [INFO] [_sm_handler.py::43] Current state: ready
[2025-07-07 12:17:35,976] [INFO] [_sm_handler.py::43] Current state: ready
[2025-07-07 12:17:36,028] [INFO] [_sm_handler.py::43] Current state: ready
[2025-07-07 12:17:36,080] [INFO] [_sm_handler.py::43] Current state: ready
[2025-07-07 12:17:36,133] [INFO] [_sm_handler.py::43] Current state: ready
[2025-07-07 12:17:36,185] [INFO] [_sm_handler.py::43] Current state: ready
[2025-07-07 12:17:36,237] [INFO] [_sm_handler.py::43] Current state: ready
[2025-07-07 12:17:36,289] [INFO] [_sm_handler.py::43] Current state: ready
[2025-07-07 12:17:36,342] [INFO] [_sm_handler.py::43] Current state: ready
[2025-07-07 12:17:36,394] [INFO] [_sm_handler.py::43] Current state: ready
[2025-07-07 12:17:36,447] [INFO] [_sm_handler.py::43] Current state: ready
[2025-07-07 12:17:36,499] [INFO] [_sm_handler.py::43] Current state: ready
[2025-07-07 12:17:36,552] [INFO] [_sm_handler.py::43] Current state: ready
[2025-07-07 12:17:36,604] [INFO] [_sm_handler.py::43] Current state: ready
[2025-07-07 12:17:36,657] [INFO] [_sm_handler.py::43] Current state: ready
[2025-07-07 12:17:36,709] [INFO] [_sm_handler.py::43] Current state: ready
[2025-07-07 12:17:36,762] [INFO] [_sm_handler.py::43] Current state: ready
[2025-07-07 12:17:36,814] [INFO] [_sm_handler.py::43] Current state: ready
[2025-07-07 12:17:36,867] [INFO] [_sm_handler.py::43] Current state: ready
[2025-07-07 12:17:36,919] [INFO] [_sm_handler.py::43] Current state: ready
[2025-07-07 12:17:36,971] [INFO] [_sm_handler.py::43] Current state: ready
[2025-07-07 12:17:37,023] [INFO] [_sm_handler.py::43] Current state: ready
[2025-07-07 12:17:37,075] [INFO] [_sm_handler.py::43] Current state: ready
[2025-07-07 12:17:37,128] [INFO] [_sm_handler.py::43] Current state: ready
[2025-07-07 12:17:37,180] [INFO] [_sm_handler.py::43] Current state: ready
[2025-07-07 12:17:37,232] [INFO] [_sm_handler.py::43] Current state: ready
[2025-07-07 12:17:37,285] [INFO] [_sm_handler.py::43] Current state: ready
[2025-07-07 12:17:37,337] [INFO] [_sm_handler.py::43] Current state: ready
[2025-07-07 12:17:37,389] [INFO] [_sm_handler.py::43] Current state: ready
[2025-07-07 12:17:37,441] [INFO] [_sm_handler.py::43] Current state: ready
[2025-07-07 12:17:37,493] [INFO] [_sm_handler.py::43] Current state: ready
[2025-07-07 12:17:37,545] [INFO] [_sm_handler.py::43] Current state: ready
[2025-07-07 12:17:37,598] [INFO] [_sm_handler.py::43] Current state: ready
[2025-07-07 12:17:37,650] [INFO] [_sm_handler.py::43] Current state: ready
[2025-07-07 12:17:37,702] [INFO] [_sm_handler.py::43] Current state: ready
[2025-07-07 12:17:37,754] [INFO] [_sm_handler.py::43] Current state: ready
[2025-07-07 12:17:37,806] [INFO] [_sm_handler.py::43] Current state: ready
[2025-07-07 12:17:37,859] [INFO] [_sm_handler.py::43] Current state: ready
[2025-07-07 12:17:37,911] [INFO] [_sm_handler.py::43] Current state: ready
[2025-07-07 12:17:37,964] [INFO] [_sm_handler.py::43] Current state: ready
[2025-07-07 12:17:45,988] [INFO] [_sm_handler.py::43] Current state: ready
[2025-07-07 12:17:46,040] [INFO] [_sm_handler.py::43] Current state: ready
[2025-07-07 12:17:46,093] [INFO] [_sm_handler.py::43] Current state: ready
[2025-07-07 12:17:46,145] [INFO] [_sm_handler.py::43] Current state: ready
[2025-07-07 12:17:46,198] [INFO] [_sm_handler.py::43] Current state: ready
[2025-07-07 12:17:46,250] [INFO] [_sm_handler.py::43] Current state: ready
[2025-07-07 12:17:46,302] [INFO] [_sm_handler.py::43] Current state: ready
[2025-07-07 12:17:46,355] [INFO] [_sm_handler.py::43] Current state: ready
[2025-07-07 12:17:46,407] [INFO] [_sm_handler.py::43] Current state: ready
[2025-07-07 12:17:46,460] [INFO] [_sm_handler.py::43] Current state: ready
[2025-07-07 12:17:46,512] [INFO] [_sm_handler.py::43] Current state: ready
[2025-07-07 12:17:46,565] [INFO] [_sm_handler.py::43] Current state: ready
[2025-07-07 12:17:46,617] [INFO] [_sm_handler.py::43] Current state: ready
[2025-07-07 12:17:46,669] [INFO] [_sm_handler.py::43] Current state: ready
[2025-07-07 12:17:46,722] [INFO] [_sm_handler.py::43] Current state: ready
[2025-07-07 12:17:46,774] [INFO] [_sm_handler.py::43] Current state: ready
[2025-07-07 12:17:46,827] [INFO] [_sm_handler.py::43] Current state: ready
[2025-07-07 12:17:46,880] [INFO] [_sm_handler.py::43] Current state: ready
[2025-07-07 12:17:46,933] [INFO] [_sm_handler.py::43] Current state: ready
[2025-07-07 12:17:46,985] [INFO] [_sm_handler.py::43] Current state: ready
[2025-07-07 12:17:47,037] [INFO] [_sm_handler.py::43] Current state: ready
[2025-07-07 12:17:47,089] [INFO] [_sm_handler.py::43] Current state: ready
[2025-07-07 12:17:47,142] [INFO] [_sm_handler.py::43] Current state: ready
[2025-07-07 12:17:47,194] [INFO] [_sm_handler.py::43] Current state: ready
[2025-07-07 12:17:47,246] [INFO] [_sm_handler.py::43] Current state: ready
[2025-07-07 12:17:47,298] [INFO] [_sm_handler.py::43] Current state: ready
[2025-07-07 12:17:47,351] [INFO] [_sm_handler.py::43] Current state: ready
[2025-07-07 12:17:47,403] [INFO] [_sm_handler.py::43] Current state: ready
[2025-07-07 12:17:47,455] [INFO] [_sm_handler.py::43] Current state: ready
[2025-07-07 12:17:47,508] [INFO] [_sm_handler.py::43] Current state: ready
[2025-07-07 12:17:47,560] [INFO] [_sm_handler.py::43] Current state: ready
[2025-07-07 12:17:47,613] [INFO] [_sm_handler.py::43] Current state: ready
[2025-07-07 12:17:47,665] [INFO] [_sm_handler.py::43] Current state: ready
[2025-07-07 12:17:47,717] [INFO] [_sm_handler.py::43] Current state: ready
[2025-07-07 12:17:47,769] [INFO] [_sm_handler.py::43] Current state: ready
[2025-07-07 12:17:47,822] [INFO] [_sm_handler.py::43] Current state: ready
[2025-07-07 12:17:47,874] [INFO] [_sm_handler.py::43] Current state: ready
[2025-07-07 12:17:47,926] [INFO] [_sm_handler.py::43] Current state: ready
[2025-07-07 12:17:47,979] [INFO] [_sm_handler.py::43] Current state: ready
[2025-07-07 12:17:56,002] [INFO] [_sm_handler.py::43] Current state: ready
[2025-07-07 12:17:56,055] [INFO] [_sm_handler.py::43] Current state: ready
[2025-07-07 12:17:56,107] [INFO] [_sm_handler.py::43] Current state: ready
[2025-07-07 12:17:56,159] [INFO] [_sm_handler.py::43] Current state: ready
[2025-07-07 12:17:56,212] [INFO] [_sm_handler.py::43] Current state: ready
[2025-07-07 12:17:56,264] [INFO] [_sm_handler.py::43] Current state: ready
[2025-07-07 12:17:56,316] [INFO] [_sm_handler.py::43] Current state: ready
[2025-07-07 12:17:56,368] [INFO] [_sm_handler.py::43] Current state: ready
[2025-07-07 12:17:56,421] [INFO] [_sm_handler.py::43] Current state: ready
[2025-07-07 12:17:56,473] [INFO] [_sm_handler.py::43] Current state: ready
[2025-07-07 12:17:56,525] [INFO] [_sm_handler.py::43] Current state: ready
[2025-07-07 12:17:56,577] [INFO] [_sm_handler.py::43] Current state: ready
[2025-07-07 12:17:56,630] [INFO] [_sm_handler.py::43] Current state: ready
[2025-07-07 12:17:56,682] [INFO] [_sm_handler.py::43] Current state: ready
[2025-07-07 12:17:56,734] [INFO] [_sm_handler.py::43] Current state: ready
[2025-07-07 12:17:56,787] [INFO] [_sm_handler.py::43] Current state: ready
[2025-07-07 12:17:56,839] [INFO] [_sm_handler.py::43] Current state: ready
[2025-07-07 12:17:56,892] [INFO] [_sm_handler.py::43] Current state: ready
[2025-07-07 12:17:56,944] [INFO] [_sm_handler.py::43] Current state: ready
[2025-07-07 12:17:56,997] [INFO] [_sm_handler.py::43] Current state: ready
[2025-07-07 12:17:57,049] [INFO] [_sm_handler.py::43] Current state: ready
[2025-07-07 12:17:57,101] [INFO] [_sm_handler.py::43] Current state: ready
[2025-07-07 12:17:57,153] [INFO] [_sm_handler.py::43] Current state: ready
[2025-07-07 12:17:57,206] [INFO] [_sm_handler.py::43] Current state: ready
[2025-07-07 12:17:57,258] [INFO] [_sm_handler.py::43] Current state: ready
[2025-07-07 12:17:57,310] [INFO] [_sm_handler.py::43] Current state: ready
[2025-07-07 12:17:57,363] [INFO] [_sm_handler.py::43] Current state: ready
[2025-07-07 12:17:57,415] [INFO] [_sm_handler.py::43] Current state: ready
[2025-07-07 12:17:57,467] [INFO] [_sm_handler.py::43] Current state: ready
[2025-07-07 12:17:57,520] [INFO] [_sm_handler.py::43] Current state: ready
[2025-07-07 12:17:57,572] [INFO] [_sm_handler.py::43] Current state: ready
[2025-07-07 12:17:57,624] [INFO] [_sm_handler.py::43] Current state: ready
[2025-07-07 12:17:57,677] [INFO] [_sm_handler.py::43] Current state: ready
[2025-07-07 12:17:57,729] [INFO] [_sm_handler.py::43] Current state: ready
[2025-07-07 12:17:57,781] [INFO] [_sm_handler.py::43] Current state: ready
[2025-07-07 12:17:57,834] [INFO] [_sm_handler.py::43] Current state: ready
[2025-07-07 12:17:57,886] [INFO] [_sm_handler.py::43] Current state: ready
[2025-07-07 12:17:57,938] [INFO] [_sm_handler.py::43] Current state: ready
[2025-07-07 12:17:57,992] [INFO] [_sm_handler.py::43] Current state: ready
[2025-07-07 12:18:06,015] [INFO] [_sm_handler.py::43] Current state: ready
[2025-07-07 12:18:06,068] [INFO] [_sm_handler.py::43] Current state: ready
[2025-07-07 12:18:06,120] [INFO] [_sm_handler.py::43] Current state: ready
[2025-07-07 12:18:06,172] [INFO] [_sm_handler.py::43] Current state: ready
[2025-07-07 12:18:06,224] [INFO] [_sm_handler.py::43] Current state: ready
[2025-07-07 12:18:06,277] [INFO] [_sm_handler.py::43] Current state: ready
[2025-07-07 12:18:06,329] [INFO] [_sm_handler.py::43] Current state: ready
[2025-07-07 12:18:06,381] [INFO] [_sm_handler.py::43] Current state: ready
[2025-07-07 12:18:06,433] [INFO] [_sm_handler.py::43] Current state: ready
[2025-07-07 12:18:06,486] [INFO] [_sm_handler.py::43] Current state: ready
[2025-07-07 12:18:06,538] [INFO] [_sm_handler.py::43] Current state: ready
[2025-07-07 12:18:06,590] [INFO] [_sm_handler.py::43] Current state: ready
[2025-07-07 12:18:06,642] [INFO] [_sm_handler.py::43] Current state: ready
[2025-07-07 12:18:06,695] [INFO] [_sm_handler.py::43] Current state: ready
[2025-07-07 12:18:06,747] [INFO] [_sm_handler.py::43] Current state: ready
[2025-07-07 12:18:06,799] [INFO] [_sm_handler.py::43] Current state: ready
[2025-07-07 12:18:06,852] [INFO] [_sm_handler.py::43] Current state: ready
[2025-07-07 12:18:06,904] [INFO] [_sm_handler.py::43] Current state: ready
[2025-07-07 12:18:06,957] [INFO] [_sm_handler.py::43] Current state: ready
[2025-07-07 12:18:07,009] [INFO] [_sm_handler.py::43] Current state: ready
[2025-07-07 12:18:07,061] [INFO] [_sm_handler.py::43] Current state: ready
[2025-07-07 12:18:07,113] [INFO] [_sm_handler.py::43] Current state: ready
[2025-07-07 12:18:07,165] [INFO] [_sm_handler.py::43] Current state: ready
[2025-07-07 12:18:07,217] [INFO] [_sm_handler.py::43] Current state: ready
[2025-07-07 12:18:07,270] [INFO] [_sm_handler.py::43] Current state: ready
[2025-07-07 12:18:07,322] [INFO] [_sm_handler.py::43] Current state: ready
[2025-07-07 12:18:07,374] [INFO] [_sm_handler.py::43] Current state: ready
[2025-07-07 12:18:07,426] [INFO] [_sm_handler.py::43] Current state: ready
[2025-07-07 12:18:07,478] [INFO] [_sm_handler.py::43] Current state: ready
[2025-07-07 12:18:07,531] [INFO] [_sm_handler.py::43] Current state: ready
[2025-07-07 12:18:07,583] [INFO] [_sm_handler.py::43] Current state: ready
[2025-07-07 12:18:07,635] [INFO] [_sm_handler.py::43] Current state: ready
[2025-07-07 12:18:07,687] [INFO] [_sm_handler.py::43] Current state: ready
[2025-07-07 12:18:07,740] [INFO] [_sm_handler.py::43] Current state: ready
[2025-07-07 12:18:07,792] [INFO] [_sm_handler.py::43] Current state: ready
[2025-07-07 12:18:07,844] [INFO] [_sm_handler.py::43] Current state: ready
[2025-07-07 12:18:07,896] [INFO] [_sm_handler.py::43] Current state: ready
[2025-07-07 12:18:07,949] [INFO] [_sm_handler.py::43] Current state: ready
[2025-07-07 12:18:08,001] [INFO] [_sm_handler.py::43] Current state: ready
[2025-07-07 12:18:16,029] [INFO] [_sm_handler.py::43] Current state: ready
[2025-07-07 12:18:16,081] [INFO] [_sm_handler.py::43] Current state: ready
[2025-07-07 12:18:16,133] [INFO] [_sm_handler.py::43] Current state: ready
[2025-07-07 12:18:16,185] [INFO] [_sm_handler.py::43] Current state: ready
[2025-07-07 12:18:16,238] [INFO] [_sm_handler.py::43] Current state: ready
[2025-07-07 12:18:16,290] [INFO] [_sm_handler.py::43] Current state: ready
[2025-07-07 12:18:16,343] [INFO] [_sm_handler.py::43] Current state: ready
[2025-07-07 12:18:16,395] [INFO] [_sm_handler.py::43] Current state: ready
[2025-07-07 12:18:16,447] [INFO] [_sm_handler.py::43] Current state: ready
[2025-07-07 12:18:16,500] [INFO] [_sm_handler.py::43] Current state: ready
[2025-07-07 12:18:16,553] [INFO] [_sm_handler.py::43] Current state: ready
[2025-07-07 12:18:16,605] [INFO] [_sm_handler.py::43] Current state: ready
[2025-07-07 12:18:16,658] [INFO] [_sm_handler.py::43] Current state: ready
[2025-07-07 12:18:16,710] [INFO] [_sm_handler.py::43] Current state: ready
[2025-07-07 12:18:16,763] [INFO] [_sm_handler.py::43] Current state: ready
[2025-07-07 12:18:16,816] [INFO] [_sm_handler.py::43] Current state: ready
[2025-07-07 12:18:16,868] [INFO] [_sm_handler.py::43] Current state: ready
[2025-07-07 12:18:16,921] [INFO] [_sm_handler.py::43] Current state: ready
[2025-07-07 12:18:16,973] [INFO] [_sm_handler.py::43] Current state: ready
[2025-07-07 12:18:17,025] [INFO] [_sm_handler.py::43] Current state: ready
[2025-07-07 12:18:17,077] [INFO] [_sm_handler.py::43] Current state: ready
[2025-07-07 12:18:17,130] [INFO] [_sm_handler.py::43] Current state: ready
[2025-07-07 12:18:17,182] [INFO] [_sm_handler.py::43] Current state: ready
[2025-07-07 12:18:17,235] [INFO] [_sm_handler.py::43] Current state: ready
[2025-07-07 12:18:17,287] [INFO] [_sm_handler.py::43] Current state: ready
[2025-07-07 12:18:17,339] [INFO] [_sm_handler.py::43] Current state: ready
[2025-07-07 12:18:17,392] [INFO] [_sm_handler.py::43] Current state: ready
[2025-07-07 12:18:17,444] [INFO] [_sm_handler.py::43] Current state: ready
[2025-07-07 12:18:17,497] [INFO] [_sm_handler.py::43] Current state: ready
[2025-07-07 12:18:17,549] [INFO] [_sm_handler.py::43] Current state: ready
[2025-07-07 12:18:17,602] [INFO] [_sm_handler.py::43] Current state: ready
[2025-07-07 12:18:17,654] [INFO] [_sm_handler.py::43] Current state: ready
[2025-07-07 12:18:17,706] [INFO] [_sm_handler.py::43] Current state: ready
[2025-07-07 12:18:17,759] [INFO] [_sm_handler.py::43] Current state: ready
[2025-07-07 12:18:17,811] [INFO] [_sm_handler.py::43] Current state: ready
[2025-07-07 12:18:17,864] [INFO] [_sm_handler.py::43] Current state: ready
[2025-07-07 12:18:17,916] [INFO] [_sm_handler.py::43] Current state: ready
[2025-07-07 12:18:17,969] [INFO] [_sm_handler.py::43] Current state: ready
[2025-07-07 12:18:18,021] [INFO] [_sm_handler.py::43] Current state: ready
[2025-07-07 12:18:26,041] [INFO] [_sm_handler.py::43] Current state: ready
[2025-07-07 12:18:26,093] [INFO] [_sm_handler.py::43] Current state: ready
[2025-07-07 12:18:26,146] [INFO] [_sm_handler.py::43] Current state: ready
[2025-07-07 12:18:26,198] [INFO] [_sm_handler.py::43] Current state: ready
[2025-07-07 12:18:26,251] [INFO] [_sm_handler.py::43] Current state: ready
[2025-07-07 12:18:26,303] [INFO] [_sm_handler.py::43] Current state: ready
[2025-07-07 12:18:26,356] [INFO] [_sm_handler.py::43] Current state: ready
[2025-07-07 12:18:26,408] [INFO] [_sm_handler.py::43] Current state: ready
[2025-07-07 12:18:26,461] [INFO] [_sm_handler.py::43] Current state: ready
[2025-07-07 12:18:26,513] [INFO] [_sm_handler.py::43] Current state: ready
[2025-07-07 12:18:26,565] [INFO] [_sm_handler.py::43] Current state: ready
[2025-07-07 12:18:26,617] [INFO] [_sm_handler.py::43] Current state: ready
[2025-07-07 12:18:26,670] [INFO] [_sm_handler.py::43] Current state: ready
[2025-07-07 12:18:26,722] [INFO] [_sm_handler.py::43] Current state: ready
[2025-07-07 12:18:26,774] [INFO] [_sm_handler.py::43] Current state: ready
[2025-07-07 12:18:26,827] [INFO] [_sm_handler.py::43] Current state: ready
[2025-07-07 12:18:26,880] [INFO] [_sm_handler.py::43] Current state: ready
[2025-07-07 12:18:26,932] [INFO] [_sm_handler.py::43] Current state: ready
[2025-07-07 12:18:26,984] [INFO] [_sm_handler.py::43] Current state: ready
[2025-07-07 12:18:27,036] [INFO] [_sm_handler.py::43] Current state: ready
[2025-07-07 12:18:27,089] [INFO] [_sm_handler.py::43] Current state: ready
[2025-07-07 12:18:27,141] [INFO] [_sm_handler.py::43] Current state: ready
[2025-07-07 12:18:27,193] [INFO] [_sm_handler.py::43] Current state: ready
[2025-07-07 12:18:27,246] [INFO] [_sm_handler.py::43] Current state: ready
[2025-07-07 12:18:27,298] [INFO] [_sm_handler.py::43] Current state: ready
[2025-07-07 12:18:27,350] [INFO] [_sm_handler.py::43] Current state: ready
[2025-07-07 12:18:27,402] [INFO] [_sm_handler.py::43] Current state: ready
[2025-07-07 12:18:27,454] [INFO] [_sm_handler.py::43] Current state: ready
[2025-07-07 12:18:27,507] [INFO] [_sm_handler.py::43] Current state: ready
[2025-07-07 12:18:27,559] [INFO] [_sm_handler.py::43] Current state: ready
[2025-07-07 12:18:27,611] [INFO] [_sm_handler.py::43] Current state: ready
[2025-07-07 12:18:27,663] [INFO] [_sm_handler.py::43] Current state: ready
[2025-07-07 12:18:27,716] [INFO] [_sm_handler.py::43] Current state: ready
[2025-07-07 12:18:27,768] [INFO] [_sm_handler.py::43] Current state: ready
[2025-07-07 12:18:27,821] [INFO] [_sm_handler.py::43] Current state: ready
[2025-07-07 12:18:27,873] [INFO] [_sm_handler.py::43] Current state: ready
[2025-07-07 12:18:27,925] [INFO] [_sm_handler.py::43] Current state: ready
[2025-07-07 12:18:27,977] [INFO] [_sm_handler.py::43] Current state: ready
[2025-07-07 12:18:28,030] [INFO] [_sm_handler.py::43] Current state: ready
[2025-07-07 12:18:36,054] [INFO] [_sm_handler.py::43] Current state: ready
[2025-07-07 12:18:36,106] [INFO] [_sm_handler.py::43] Current state: ready
[2025-07-07 12:18:36,158] [INFO] [_sm_handler.py::43] Current state: ready
[2025-07-07 12:18:36,210] [INFO] [_sm_handler.py::43] Current state: ready
[2025-07-07 12:18:36,262] [INFO] [_sm_handler.py::43] Current state: ready
[2025-07-07 12:18:36,315] [INFO] [_sm_handler.py::43] Current state: ready
[2025-07-07 12:18:36,367] [INFO] [_sm_handler.py::43] Current state: ready
[2025-07-07 12:18:36,419] [INFO] [_sm_handler.py::43] Current state: ready
[2025-07-07 12:18:36,471] [INFO] [_sm_handler.py::43] Current state: ready
[2025-07-07 12:18:36,523] [INFO] [_sm_handler.py::43] Current state: ready
[2025-07-07 12:18:36,575] [INFO] [_sm_handler.py::43] Current state: ready
[2025-07-07 12:18:36,627] [INFO] [_sm_handler.py::43] Current state: ready
[2025-07-07 12:18:36,679] [INFO] [_sm_handler.py::43] Current state: ready
[2025-07-07 12:18:36,732] [INFO] [_sm_handler.py::43] Current state: ready
[2025-07-07 12:18:36,784] [INFO] [_sm_handler.py::43] Current state: ready
[2025-07-07 12:18:36,836] [INFO] [_sm_handler.py::43] Current state: ready
[2025-07-07 12:18:36,889] [INFO] [_sm_handler.py::43] Current state: ready
[2025-07-07 12:18:36,941] [INFO] [_sm_handler.py::43] Current state: ready
[2025-07-07 12:18:36,993] [INFO] [_sm_handler.py::43] Current state: ready
[2025-07-07 12:18:37,045] [INFO] [_sm_handler.py::43] Current state: ready
[2025-07-07 12:18:37,098] [INFO] [_sm_handler.py::43] Current state: ready
[2025-07-07 12:18:37,150] [INFO] [_sm_handler.py::43] Current state: ready
[2025-07-07 12:18:37,202] [INFO] [_sm_handler.py::43] Current state: ready
[2025-07-07 12:18:37,254] [INFO] [_sm_handler.py::43] Current state: ready
[2025-07-07 12:18:37,306] [INFO] [_sm_handler.py::43] Current state: ready
[2025-07-07 12:18:37,359] [INFO] [_sm_handler.py::43] Current state: ready
[2025-07-07 12:18:37,411] [INFO] [_sm_handler.py::43] Current state: ready
[2025-07-07 12:18:37,463] [INFO] [_sm_handler.py::43] Current state: ready
[2025-07-07 12:18:37,515] [INFO] [_sm_handler.py::43] Current state: ready
[2025-07-07 12:18:37,568] [INFO] [_sm_handler.py::43] Current state: ready
[2025-07-07 12:18:37,620] [INFO] [_sm_handler.py::43] Current state: ready
[2025-07-07 12:18:37,672] [INFO] [_sm_handler.py::43] Current state: ready
[2025-07-07 12:18:37,724] [INFO] [_sm_handler.py::43] Current state: ready
[2025-07-07 12:18:37,776] [INFO] [_sm_handler.py::43] Current state: ready
[2025-07-07 12:18:37,828] [INFO] [_sm_handler.py::43] Current state: ready
[2025-07-07 12:18:37,880] [INFO] [_sm_handler.py::43] Current state: ready
[2025-07-07 12:18:37,933] [INFO] [_sm_handler.py::43] Current state: ready
[2025-07-07 12:18:37,985] [INFO] [_sm_handler.py::43] Current state: ready
[2025-07-07 12:18:38,038] [INFO] [_sm_handler.py::43] Current state: ready
[2025-07-07 12:18:46,068] [INFO] [_sm_handler.py::43] Current state: ready
[2025-07-07 12:18:46,121] [INFO] [_sm_handler.py::43] Current state: ready
[2025-07-07 12:18:46,173] [INFO] [_sm_handler.py::43] Current state: ready
[2025-07-07 12:18:46,225] [INFO] [_sm_handler.py::43] Current state: ready
[2025-07-07 12:18:46,278] [INFO] [_sm_handler.py::43] Current state: ready
[2025-07-07 12:18:46,330] [INFO] [_sm_handler.py::43] Current state: ready
[2025-07-07 12:18:46,383] [INFO] [_sm_handler.py::43] Current state: ready
[2025-07-07 12:18:46,436] [INFO] [_sm_handler.py::43] Current state: ready
[2025-07-07 12:18:46,488] [INFO] [_sm_handler.py::43] Current state: ready
[2025-07-07 12:18:46,540] [INFO] [_sm_handler.py::43] Current state: ready
[2025-07-07 12:18:46,592] [INFO] [_sm_handler.py::43] Current state: ready
[2025-07-07 12:18:46,644] [INFO] [_sm_handler.py::43] Current state: ready
[2025-07-07 12:18:46,697] [INFO] [_sm_handler.py::43] Current state: ready
[2025-07-07 12:18:46,749] [INFO] [_sm_handler.py::43] Current state: ready
[2025-07-07 12:18:46,801] [INFO] [_sm_handler.py::43] Current state: ready
[2025-07-07 12:18:46,854] [INFO] [_sm_handler.py::43] Current state: ready
[2025-07-07 12:18:46,906] [INFO] [_sm_handler.py::43] Current state: ready
[2025-07-07 12:18:46,958] [INFO] [_sm_handler.py::43] Current state: ready
[2025-07-07 12:18:47,010] [INFO] [_sm_handler.py::43] Current state: ready
[2025-07-07 12:18:47,062] [INFO] [_sm_handler.py::43] Current state: ready
[2025-07-07 12:18:47,115] [INFO] [_sm_handler.py::43] Current state: ready
[2025-07-07 12:18:47,167] [INFO] [_sm_handler.py::43] Current state: ready
[2025-07-07 12:18:47,219] [INFO] [_sm_handler.py::43] Current state: ready
[2025-07-07 12:18:47,272] [INFO] [_sm_handler.py::43] Current state: ready
[2025-07-07 12:18:47,324] [INFO] [_sm_handler.py::43] Current state: ready
[2025-07-07 12:18:47,376] [INFO] [_sm_handler.py::43] Current state: ready
[2025-07-07 12:18:47,428] [INFO] [_sm_handler.py::43] Current state: ready
[2025-07-07 12:18:47,480] [INFO] [_sm_handler.py::43] Current state: ready
[2025-07-07 12:18:47,532] [INFO] [_sm_handler.py::43] Current state: ready
[2025-07-07 12:18:47,584] [INFO] [_sm_handler.py::43] Current state: ready
[2025-07-07 12:18:47,636] [INFO] [_sm_handler.py::43] Current state: ready
[2025-07-07 12:18:47,689] [INFO] [_sm_handler.py::43] Current state: ready
[2025-07-07 12:18:47,741] [INFO] [_sm_handler.py::43] Current state: ready
[2025-07-07 12:18:47,793] [INFO] [_sm_handler.py::43] Current state: ready
[2025-07-07 12:18:47,845] [INFO] [_sm_handler.py::43] Current state: ready
[2025-07-07 12:18:47,898] [INFO] [_sm_handler.py::43] Current state: ready
[2025-07-07 12:18:47,950] [INFO] [_sm_handler.py::43] Current state: ready
[2025-07-07 12:18:48,003] [INFO] [_sm_handler.py::43] Current state: ready
[2025-07-07 12:18:48,056] [INFO] [_sm_handler.py::43] Current state: ready
[2025-07-07 12:18:56,081] [INFO] [_sm_handler.py::43] Current state: ready
[2025-07-07 12:18:56,133] [INFO] [_sm_handler.py::43] Current state: ready
[2025-07-07 12:18:56,186] [INFO] [_sm_handler.py::43] Current state: ready
[2025-07-07 12:18:56,239] [INFO] [_sm_handler.py::43] Current state: ready
[2025-07-07 12:18:56,291] [INFO] [_sm_handler.py::43] Current state: ready
[2025-07-07 12:18:56,343] [INFO] [_sm_handler.py::43] Current state: ready
[2025-07-07 12:18:56,396] [INFO] [_sm_handler.py::43] Current state: ready
[2025-07-07 12:18:56,448] [INFO] [_sm_handler.py::43] Current state: ready
[2025-07-07 12:18:56,500] [INFO] [_sm_handler.py::43] Current state: ready
[2025-07-07 12:18:56,552] [INFO] [_sm_handler.py::43] Current state: ready
[2025-07-07 12:18:56,604] [INFO] [_sm_handler.py::43] Current state: ready
[2025-07-07 12:18:56,657] [INFO] [_sm_handler.py::43] Current state: ready
[2025-07-07 12:18:56,710] [INFO] [_sm_handler.py::43] Current state: ready
[2025-07-07 12:18:56,762] [INFO] [_sm_handler.py::43] Current state: ready
[2025-07-07 12:18:56,815] [INFO] [_sm_handler.py::43] Current state: ready
[2025-07-07 12:18:56,868] [INFO] [_sm_handler.py::43] Current state: ready
[2025-07-07 12:18:56,921] [INFO] [_sm_handler.py::43] Current state: ready
[2025-07-07 12:18:56,973] [INFO] [_sm_handler.py::43] Current state: ready
[2025-07-07 12:18:57,025] [INFO] [_sm_handler.py::43] Current state: ready
[2025-07-07 12:18:57,077] [INFO] [_sm_handler.py::43] Current state: ready
[2025-07-07 12:18:57,129] [INFO] [_sm_handler.py::43] Current state: ready
[2025-07-07 12:18:57,182] [INFO] [_sm_handler.py::43] Current state: ready
[2025-07-07 12:18:57,234] [INFO] [_sm_handler.py::43] Current state: ready
[2025-07-07 12:18:57,287] [INFO] [_sm_handler.py::43] Current state: ready
[2025-07-07 12:18:57,339] [INFO] [_sm_handler.py::43] Current state: ready
[2025-07-07 12:18:57,391] [INFO] [_sm_handler.py::43] Current state: ready
[2025-07-07 12:18:57,444] [INFO] [_sm_handler.py::43] Current state: ready
[2025-07-07 12:18:57,497] [INFO] [_sm_handler.py::43] Current state: ready
[2025-07-07 12:18:57,549] [INFO] [_sm_handler.py::43] Current state: ready
[2025-07-07 12:18:57,601] [INFO] [_sm_handler.py::43] Current state: ready
[2025-07-07 12:18:57,653] [INFO] [_sm_handler.py::43] Current state: ready
[2025-07-07 12:18:57,705] [INFO] [_sm_handler.py::43] Current state: ready
[2025-07-07 12:18:57,757] [INFO] [_sm_handler.py::43] Current state: ready
[2025-07-07 12:18:57,810] [INFO] [_sm_handler.py::43] Current state: ready
[2025-07-07 12:18:57,862] [INFO] [_sm_handler.py::43] Current state: ready
[2025-07-07 12:18:57,914] [INFO] [_sm_handler.py::43] Current state: ready
[2025-07-07 12:18:57,966] [INFO] [_sm_handler.py::43] Current state: ready
[2025-07-07 12:18:58,019] [INFO] [_sm_handler.py::43] Current state: ready
[2025-07-07 12:18:58,072] [INFO] [_sm_handler.py::43] Current state: ready
[2025-07-07 12:19:06,096] [INFO] [_sm_handler.py::43] Current state: ready
[2025-07-07 12:19:06,148] [INFO] [_sm_handler.py::43] Current state: ready
[2025-07-07 12:19:06,200] [INFO] [_sm_handler.py::43] Current state: ready
[2025-07-07 12:19:06,253] [INFO] [_sm_handler.py::43] Current state: ready
[2025-07-07 12:19:06,305] [INFO] [_sm_handler.py::43] Current state: ready
[2025-07-07 12:19:06,358] [INFO] [_sm_handler.py::43] Current state: ready
[2025-07-07 12:19:06,410] [INFO] [_sm_handler.py::43] Current state: ready
[2025-07-07 12:19:06,463] [INFO] [_sm_handler.py::43] Current state: ready
[2025-07-07 12:19:06,515] [INFO] [_sm_handler.py::43] Current state: ready
[2025-07-07 12:19:06,568] [INFO] [_sm_handler.py::43] Current state: ready
[2025-07-07 12:19:06,620] [INFO] [_sm_handler.py::43] Current state: ready
[2025-07-07 12:19:06,673] [INFO] [_sm_handler.py::43] Current state: ready
[2025-07-07 12:19:06,725] [INFO] [_sm_handler.py::43] Current state: ready
[2025-07-07 12:19:06,778] [INFO] [_sm_handler.py::43] Current state: ready
[2025-07-07 12:19:06,830] [INFO] [_sm_handler.py::43] Current state: ready
[2025-07-07 12:19:06,883] [INFO] [_sm_handler.py::43] Current state: ready
[2025-07-07 12:19:06,935] [INFO] [_sm_handler.py::43] Current state: ready
[2025-07-07 12:19:06,988] [INFO] [_sm_handler.py::43] Current state: ready
[2025-07-07 12:19:07,040] [INFO] [_sm_handler.py::43] Current state: ready
[2025-07-07 12:19:07,092] [INFO] [_sm_handler.py::43] Current state: ready
[2025-07-07 12:19:07,145] [INFO] [_sm_handler.py::43] Current state: ready
[2025-07-07 12:19:07,197] [INFO] [_sm_handler.py::43] Current state: ready
[2025-07-07 12:19:07,249] [INFO] [_sm_handler.py::43] Current state: ready
[2025-07-07 12:19:07,302] [INFO] [_sm_handler.py::43] Current state: ready
[2025-07-07 12:19:07,354] [INFO] [_sm_handler.py::43] Current state: ready
[2025-07-07 12:19:07,406] [INFO] [_sm_handler.py::43] Current state: ready
[2025-07-07 12:19:07,458] [INFO] [_sm_handler.py::43] Current state: ready
[2025-07-07 12:19:07,511] [INFO] [_sm_handler.py::43] Current state: ready
[2025-07-07 12:19:07,564] [INFO] [_sm_handler.py::43] Current state: ready
[2025-07-07 12:19:07,616] [INFO] [_sm_handler.py::43] Current state: ready
[2025-07-07 12:19:07,668] [INFO] [_sm_handler.py::43] Current state: ready
[2025-07-07 12:19:07,721] [INFO] [_sm_handler.py::43] Current state: ready
[2025-07-07 12:19:07,773] [INFO] [_sm_handler.py::43] Current state: ready
[2025-07-07 12:19:07,826] [INFO] [_sm_handler.py::43] Current state: ready
[2025-07-07 12:19:07,878] [INFO] [_sm_handler.py::43] Current state: ready
[2025-07-07 12:19:07,931] [INFO] [_sm_handler.py::43] Current state: ready
[2025-07-07 12:19:07,983] [INFO] [_sm_handler.py::43] Current state: ready
[2025-07-07 12:19:08,035] [INFO] [_sm_handler.py::43] Current state: ready
[2025-07-07 12:19:08,088] [INFO] [_sm_handler.py::43] Current state: ready
[2025-07-07 12:19:16,107] [INFO] [_sm_handler.py::43] Current state: ready
[2025-07-07 12:19:16,159] [INFO] [_sm_handler.py::43] Current state: ready
[2025-07-07 12:19:16,212] [INFO] [_sm_handler.py::43] Current state: ready
[2025-07-07 12:19:16,264] [INFO] [_sm_handler.py::43] Current state: ready
[2025-07-07 12:19:16,316] [INFO] [_sm_handler.py::43] Current state: ready
[2025-07-07 12:19:16,368] [INFO] [_sm_handler.py::43] Current state: ready
[2025-07-07 12:19:16,420] [INFO] [_sm_handler.py::43] Current state: ready
[2025-07-07 12:19:16,472] [INFO] [_sm_handler.py::43] Current state: ready
[2025-07-07 12:19:16,524] [INFO] [_sm_handler.py::43] Current state: ready
[2025-07-07 12:19:16,577] [INFO] [_sm_handler.py::43] Current state: ready
[2025-07-07 12:19:16,629] [INFO] [_sm_handler.py::43] Current state: ready
[2025-07-07 12:19:16,682] [INFO] [_sm_handler.py::43] Current state: ready
[2025-07-07 12:19:16,734] [INFO] [_sm_handler.py::43] Current state: ready
[2025-07-07 12:19:16,787] [INFO] [_sm_handler.py::43] Current state: ready
[2025-07-07 12:19:16,839] [INFO] [_sm_handler.py::43] Current state: ready
[2025-07-07 12:19:16,892] [INFO] [_sm_handler.py::43] Current state: ready
[2025-07-07 12:19:16,944] [INFO] [_sm_handler.py::43] Current state: ready
[2025-07-07 12:19:16,997] [INFO] [_sm_handler.py::43] Current state: ready
[2025-07-07 12:19:17,049] [INFO] [_sm_handler.py::43] Current state: ready
[2025-07-07 12:19:17,101] [INFO] [_sm_handler.py::43] Current state: ready
[2025-07-07 12:19:17,153] [INFO] [_sm_handler.py::43] Current state: ready
[2025-07-07 12:19:17,206] [INFO] [_sm_handler.py::43] Current state: ready
[2025-07-07 12:19:17,258] [INFO] [_sm_handler.py::43] Current state: ready
[2025-07-07 12:19:17,310] [INFO] [_sm_handler.py::43] Current state: ready
[2025-07-07 12:19:17,363] [INFO] [_sm_handler.py::43] Current state: ready
[2025-07-07 12:19:17,415] [INFO] [_sm_handler.py::43] Current state: ready
[2025-07-07 12:19:17,467] [INFO] [_sm_handler.py::43] Current state: ready
[2025-07-07 12:19:17,520] [INFO] [_sm_handler.py::43] Current state: ready
[2025-07-07 12:19:17,572] [INFO] [_sm_handler.py::43] Current state: ready
[2025-07-07 12:19:17,625] [INFO] [_sm_handler.py::43] Current state: ready
[2025-07-07 12:19:17,677] [INFO] [_sm_handler.py::43] Current state: ready
[2025-07-07 12:19:17,729] [INFO] [_sm_handler.py::43] Current state: ready
[2025-07-07 12:19:17,782] [INFO] [_sm_handler.py::43] Current state: ready
[2025-07-07 12:19:17,834] [INFO] [_sm_handler.py::43] Current state: ready
[2025-07-07 12:19:17,886] [INFO] [_sm_handler.py::43] Current state: ready
[2025-07-07 12:19:17,939] [INFO] [_sm_handler.py::43] Current state: ready
[2025-07-07 12:19:17,991] [INFO] [_sm_handler.py::43] Current state: ready
[2025-07-07 12:19:18,044] [INFO] [_sm_handler.py::43] Current state: ready
[2025-07-07 12:19:18,096] [INFO] [_sm_handler.py::43] Current state: ready
[2025-07-07 12:19:26,121] [INFO] [_sm_handler.py::43] Current state: ready
[2025-07-07 12:19:26,174] [INFO] [_sm_handler.py::43] Current state: ready
[2025-07-07 12:19:26,226] [INFO] [_sm_handler.py::43] Current state: ready
[2025-07-07 12:19:26,278] [INFO] [_sm_handler.py::43] Current state: ready
[2025-07-07 12:19:26,331] [INFO] [_sm_handler.py::43] Current state: ready
[2025-07-07 12:19:26,384] [INFO] [_sm_handler.py::43] Current state: ready
[2025-07-07 12:19:26,436] [INFO] [_sm_handler.py::43] Current state: ready
[2025-07-07 12:19:26,488] [INFO] [_sm_handler.py::43] Current state: ready
[2025-07-07 12:19:26,541] [INFO] [_sm_handler.py::43] Current state: ready
[2025-07-07 12:19:26,593] [INFO] [_sm_handler.py::43] Current state: ready
[2025-07-07 12:19:26,645] [INFO] [_sm_handler.py::43] Current state: ready
[2025-07-07 12:19:26,698] [INFO] [_sm_handler.py::43] Current state: ready
[2025-07-07 12:19:26,750] [INFO] [_sm_handler.py::43] Current state: ready
[2025-07-07 12:19:26,803] [INFO] [_sm_handler.py::43] Current state: ready
[2025-07-07 12:19:26,855] [INFO] [_sm_handler.py::43] Current state: ready
[2025-07-07 12:19:26,908] [INFO] [_sm_handler.py::43] Current state: ready
[2025-07-07 12:19:26,960] [INFO] [_sm_handler.py::43] Current state: ready
[2025-07-07 12:19:27,013] [INFO] [_sm_handler.py::43] Current state: ready
[2025-07-07 12:19:27,065] [INFO] [_sm_handler.py::43] Current state: ready
[2025-07-07 12:19:27,117] [INFO] [_sm_handler.py::43] Current state: ready
[2025-07-07 12:19:27,169] [INFO] [_sm_handler.py::43] Current state: ready
[2025-07-07 12:19:27,222] [INFO] [_sm_handler.py::43] Current state: ready
[2025-07-07 12:19:27,274] [INFO] [_sm_handler.py::43] Current state: ready
[2025-07-07 12:19:27,327] [INFO] [_sm_handler.py::43] Current state: ready
[2025-07-07 12:19:27,379] [INFO] [_sm_handler.py::43] Current state: ready
[2025-07-07 12:19:27,431] [INFO] [_sm_handler.py::43] Current state: ready
[2025-07-07 12:19:27,484] [INFO] [_sm_handler.py::43] Current state: ready
[2025-07-07 12:19:27,536] [INFO] [_sm_handler.py::43] Current state: ready
[2025-07-07 12:19:27,588] [INFO] [_sm_handler.py::43] Current state: ready
[2025-07-07 12:19:27,641] [INFO] [_sm_handler.py::43] Current state: ready
[2025-07-07 12:19:27,694] [INFO] [_sm_handler.py::43] Current state: ready
[2025-07-07 12:19:27,746] [INFO] [_sm_handler.py::43] Current state: ready
[2025-07-07 12:19:27,798] [INFO] [_sm_handler.py::43] Current state: ready
[2025-07-07 12:19:27,850] [INFO] [_sm_handler.py::43] Current state: ready
[2025-07-07 12:19:27,903] [INFO] [_sm_handler.py::43] Current state: ready
[2025-07-07 12:19:27,955] [INFO] [_sm_handler.py::43] Current state: ready
[2025-07-07 12:19:28,007] [INFO] [_sm_handler.py::43] Current state: ready
[2025-07-07 12:19:28,060] [INFO] [_sm_handler.py::43] Current state: ready
[2025-07-07 12:19:28,113] [INFO] [_sm_handler.py::43] Current state: ready
[2025-07-07 12:19:36,134] [INFO] [_sm_handler.py::43] Current state: ready
[2025-07-07 12:19:36,187] [INFO] [_sm_handler.py::43] Current state: ready
[2025-07-07 12:19:36,239] [INFO] [_sm_handler.py::43] Current state: ready
[2025-07-07 12:19:36,292] [INFO] [_sm_handler.py::43] Current state: ready
[2025-07-07 12:19:36,344] [INFO] [_sm_handler.py::43] Current state: ready
[2025-07-07 12:19:36,396] [INFO] [_sm_handler.py::43] Current state: ready
[2025-07-07 12:19:36,448] [INFO] [_sm_handler.py::43] Current state: ready
[2025-07-07 12:19:36,501] [INFO] [_sm_handler.py::43] Current state: ready
[2025-07-07 12:19:36,553] [INFO] [_sm_handler.py::43] Current state: ready
[2025-07-07 12:19:36,605] [INFO] [_sm_handler.py::43] Current state: ready
[2025-07-07 12:19:36,658] [INFO] [_sm_handler.py::43] Current state: ready
[2025-07-07 12:19:36,710] [INFO] [_sm_handler.py::43] Current state: ready
[2025-07-07 12:19:36,762] [INFO] [_sm_handler.py::43] Current state: ready
[2025-07-07 12:19:36,815] [INFO] [_sm_handler.py::43] Current state: ready
[2025-07-07 12:19:36,868] [INFO] [_sm_handler.py::43] Current state: ready
[2025-07-07 12:19:36,920] [INFO] [_sm_handler.py::43] Current state: ready
[2025-07-07 12:19:36,972] [INFO] [_sm_handler.py::43] Current state: ready
[2025-07-07 12:19:37,025] [INFO] [_sm_handler.py::43] Current state: ready
[2025-07-07 12:19:37,077] [INFO] [_sm_handler.py::43] Current state: ready
[2025-07-07 12:19:37,129] [INFO] [_sm_handler.py::43] Current state: ready
[2025-07-07 12:19:37,182] [INFO] [_sm_handler.py::43] Current state: ready
[2025-07-07 12:19:37,234] [INFO] [_sm_handler.py::43] Current state: ready
[2025-07-07 12:19:37,286] [INFO] [_sm_handler.py::43] Current state: ready
[2025-07-07 12:19:37,339] [INFO] [_sm_handler.py::43] Current state: ready
[2025-07-07 12:19:37,391] [INFO] [_sm_handler.py::43] Current state: ready
[2025-07-07 12:19:37,443] [INFO] [_sm_handler.py::43] Current state: ready
[2025-07-07 12:19:37,495] [INFO] [_sm_handler.py::43] Current state: ready
[2025-07-07 12:19:37,548] [INFO] [_sm_handler.py::43] Current state: ready
[2025-07-07 12:19:37,600] [INFO] [_sm_handler.py::43] Current state: ready
[2025-07-07 12:19:37,653] [INFO] [_sm_handler.py::43] Current state: ready
[2025-07-07 12:19:37,705] [INFO] [_sm_handler.py::43] Current state: ready
[2025-07-07 12:19:37,758] [INFO] [_sm_handler.py::43] Current state: ready
[2025-07-07 12:19:37,810] [INFO] [_sm_handler.py::43] Current state: ready
[2025-07-07 12:19:37,862] [INFO] [_sm_handler.py::43] Current state: ready
[2025-07-07 12:19:37,914] [INFO] [_sm_handler.py::43] Current state: ready
[2025-07-07 12:19:37,967] [INFO] [_sm_handler.py::43] Current state: ready
[2025-07-07 12:19:38,019] [INFO] [_sm_handler.py::43] Current state: ready
[2025-07-07 12:19:38,072] [INFO] [_sm_handler.py::43] Current state: ready
[2025-07-07 12:19:38,124] [INFO] [_sm_handler.py::43] Current state: ready
[2025-07-07 12:19:46,148] [INFO] [_sm_handler.py::43] Current state: ready
[2025-07-07 12:19:46,200] [INFO] [_sm_handler.py::43] Current state: ready
[2025-07-07 12:19:46,253] [INFO] [_sm_handler.py::43] Current state: ready
[2025-07-07 12:19:46,305] [INFO] [_sm_handler.py::43] Current state: ready
[2025-07-07 12:19:46,358] [INFO] [_sm_handler.py::43] Current state: ready
[2025-07-07 12:19:46,410] [INFO] [_sm_handler.py::43] Current state: ready
[2025-07-07 12:19:46,463] [INFO] [_sm_handler.py::43] Current state: ready
[2025-07-07 12:19:46,515] [INFO] [_sm_handler.py::43] Current state: ready
[2025-07-07 12:19:46,567] [INFO] [_sm_handler.py::43] Current state: ready
[2025-07-07 12:19:46,619] [INFO] [_sm_handler.py::43] Current state: ready
[2025-07-07 12:19:46,671] [INFO] [_sm_handler.py::43] Current state: ready
[2025-07-07 12:19:46,724] [INFO] [_sm_handler.py::43] Current state: ready
[2025-07-07 12:19:46,776] [INFO] [_sm_handler.py::43] Current state: ready
[2025-07-07 12:19:46,828] [INFO] [_sm_handler.py::43] Current state: ready
[2025-07-07 12:19:46,881] [INFO] [_sm_handler.py::43] Current state: ready
[2025-07-07 12:19:46,933] [INFO] [_sm_handler.py::43] Current state: ready
[2025-07-07 12:19:46,985] [INFO] [_sm_handler.py::43] Current state: ready
[2025-07-07 12:19:47,038] [INFO] [_sm_handler.py::43] Current state: ready
[2025-07-07 12:19:47,090] [INFO] [_sm_handler.py::43] Current state: ready
[2025-07-07 12:19:47,142] [INFO] [_sm_handler.py::43] Current state: ready
[2025-07-07 12:19:47,195] [INFO] [_sm_handler.py::43] Current state: ready
[2025-07-07 12:19:47,247] [INFO] [_sm_handler.py::43] Current state: ready
[2025-07-07 12:19:47,300] [INFO] [_sm_handler.py::43] Current state: ready
[2025-07-07 12:19:47,352] [INFO] [_sm_handler.py::43] Current state: ready
[2025-07-07 12:19:47,404] [INFO] [_sm_handler.py::43] Current state: ready
[2025-07-07 12:19:47,456] [INFO] [_sm_handler.py::43] Current state: ready
[2025-07-07 12:19:47,509] [INFO] [_sm_handler.py::43] Current state: ready
[2025-07-07 12:19:47,561] [INFO] [_sm_handler.py::43] Current state: ready
[2025-07-07 12:19:47,614] [INFO] [_sm_handler.py::43] Current state: ready
[2025-07-07 12:19:47,666] [INFO] [_sm_handler.py::43] Current state: ready
[2025-07-07 12:19:47,718] [INFO] [_sm_handler.py::43] Current state: ready
[2025-07-07 12:19:47,770] [INFO] [_sm_handler.py::43] Current state: ready
[2025-07-07 12:19:47,823] [INFO] [_sm_handler.py::43] Current state: ready
[2025-07-07 12:19:47,875] [INFO] [_sm_handler.py::43] Current state: ready
[2025-07-07 12:19:47,927] [INFO] [_sm_handler.py::43] Current state: ready
[2025-07-07 12:19:47,979] [INFO] [_sm_handler.py::43] Current state: ready
[2025-07-07 12:19:48,032] [INFO] [_sm_handler.py::43] Current state: ready
[2025-07-07 12:19:48,084] [INFO] [_sm_handler.py::43] Current state: ready
[2025-07-07 12:19:48,136] [INFO] [_sm_handler.py::43] Current state: ready
[2025-07-07 12:19:56,160] [INFO] [_sm_handler.py::43] Current state: ready
[2025-07-07 12:19:56,213] [INFO] [_sm_handler.py::43] Current state: ready
[2025-07-07 12:19:56,265] [INFO] [_sm_handler.py::43] Current state: ready
[2025-07-07 12:19:56,318] [INFO] [_sm_handler.py::43] Current state: ready
[2025-07-07 12:19:56,370] [INFO] [_sm_handler.py::43] Current state: ready
[2025-07-07 12:19:56,422] [INFO] [_sm_handler.py::43] Current state: ready
[2025-07-07 12:19:56,474] [INFO] [_sm_handler.py::43] Current state: ready
[2025-07-07 12:19:56,526] [INFO] [_sm_handler.py::43] Current state: ready
[2025-07-07 12:19:56,579] [INFO] [_sm_handler.py::43] Current state: ready
[2025-07-07 12:19:56,631] [INFO] [_sm_handler.py::43] Current state: ready
[2025-07-07 12:19:56,683] [INFO] [_sm_handler.py::43] Current state: ready
[2025-07-07 12:19:56,735] [INFO] [_sm_handler.py::43] Current state: ready
[2025-07-07 12:19:56,787] [INFO] [_sm_handler.py::43] Current state: ready
[2025-07-07 12:19:56,840] [INFO] [_sm_handler.py::43] Current state: ready
[2025-07-07 12:19:56,892] [INFO] [_sm_handler.py::43] Current state: ready
[2025-07-07 12:19:56,945] [INFO] [_sm_handler.py::43] Current state: ready
[2025-07-07 12:19:56,997] [INFO] [_sm_handler.py::43] Current state: ready
[2025-07-07 12:19:57,050] [INFO] [_sm_handler.py::43] Current state: ready
[2025-07-07 12:19:57,102] [INFO] [_sm_handler.py::43] Current state: ready
[2025-07-07 12:19:57,154] [INFO] [_sm_handler.py::43] Current state: ready
[2025-07-07 12:19:57,207] [INFO] [_sm_handler.py::43] Current state: ready
[2025-07-07 12:19:57,259] [INFO] [_sm_handler.py::43] Current state: ready
[2025-07-07 12:19:57,311] [INFO] [_sm_handler.py::43] Current state: ready
[2025-07-07 12:19:57,364] [INFO] [_sm_handler.py::43] Current state: ready
[2025-07-07 12:19:57,417] [INFO] [_sm_handler.py::43] Current state: ready
[2025-07-07 12:19:57,469] [INFO] [_sm_handler.py::43] Current state: ready
[2025-07-07 12:19:57,522] [INFO] [_sm_handler.py::43] Current state: ready
[2025-07-07 12:19:57,574] [INFO] [_sm_handler.py::43] Current state: ready
[2025-07-07 12:19:57,627] [INFO] [_sm_handler.py::43] Current state: ready
[2025-07-07 12:19:57,680] [INFO] [_sm_handler.py::43] Current state: ready
[2025-07-07 12:19:57,732] [INFO] [_sm_handler.py::43] Current state: ready
[2025-07-07 12:19:57,785] [INFO] [_sm_handler.py::43] Current state: ready
[2025-07-07 12:19:57,837] [INFO] [_sm_handler.py::43] Current state: ready
[2025-07-07 12:19:57,889] [INFO] [_sm_handler.py::43] Current state: ready
[2025-07-07 12:19:57,942] [INFO] [_sm_handler.py::43] Current state: ready
[2025-07-07 12:19:57,994] [INFO] [_sm_handler.py::43] Current state: ready
[2025-07-07 12:19:58,046] [INFO] [_sm_handler.py::43] Current state: ready
[2025-07-07 12:19:58,099] [INFO] [_sm_handler.py::43] Current state: ready
[2025-07-07 12:19:58,152] [INFO] [_sm_handler.py::43] Current state: ready
[2025-07-07 12:20:06,174] [INFO] [_sm_handler.py::43] Current state: ready
[2025-07-07 12:20:06,226] [INFO] [_sm_handler.py::43] Current state: ready
[2025-07-07 12:20:06,279] [INFO] [_sm_handler.py::43] Current state: ready
[2025-07-07 12:20:06,331] [INFO] [_sm_handler.py::43] Current state: ready
[2025-07-07 12:20:06,383] [INFO] [_sm_handler.py::43] Current state: ready
[2025-07-07 12:20:06,436] [INFO] [_sm_handler.py::43] Current state: ready
[2025-07-07 12:20:06,488] [INFO] [_sm_handler.py::43] Current state: ready
[2025-07-07 12:20:06,541] [INFO] [_sm_handler.py::43] Current state: ready
[2025-07-07 12:20:06,593] [INFO] [_sm_handler.py::43] Current state: ready
[2025-07-07 12:20:06,646] [INFO] [_sm_handler.py::43] Current state: ready
[2025-07-07 12:20:06,699] [INFO] [_sm_handler.py::43] Current state: ready
[2025-07-07 12:20:06,751] [INFO] [_sm_handler.py::43] Current state: ready
[2025-07-07 12:20:06,804] [INFO] [_sm_handler.py::43] Current state: ready
[2025-07-07 12:20:06,856] [INFO] [_sm_handler.py::43] Current state: ready
[2025-07-07 12:20:06,909] [INFO] [_sm_handler.py::43] Current state: ready
[2025-07-07 12:20:06,961] [INFO] [_sm_handler.py::43] Current state: ready
[2025-07-07 12:20:07,013] [INFO] [_sm_handler.py::43] Current state: ready
[2025-07-07 12:20:07,065] [INFO] [_sm_handler.py::43] Current state: ready
[2025-07-07 12:20:07,118] [INFO] [_sm_handler.py::43] Current state: ready
[2025-07-07 12:20:07,170] [INFO] [_sm_handler.py::43] Current state: ready
[2025-07-07 12:20:07,223] [INFO] [_sm_handler.py::43] Current state: ready
[2025-07-07 12:20:07,275] [INFO] [_sm_handler.py::43] Current state: ready
[2025-07-07 12:20:07,327] [INFO] [_sm_handler.py::43] Current state: ready
[2025-07-07 12:20:07,380] [INFO] [_sm_handler.py::43] Current state: ready
[2025-07-07 12:20:07,432] [INFO] [_sm_handler.py::43] Current state: ready
[2025-07-07 12:20:07,484] [INFO] [_sm_handler.py::43] Current state: ready
[2025-07-07 12:20:07,537] [INFO] [_sm_handler.py::43] Current state: ready
[2025-07-07 12:20:07,589] [INFO] [_sm_handler.py::43] Current state: ready
[2025-07-07 12:20:07,641] [INFO] [_sm_handler.py::43] Current state: ready
[2025-07-07 12:20:07,693] [INFO] [_sm_handler.py::43] Current state: ready
[2025-07-07 12:20:07,746] [INFO] [_sm_handler.py::43] Current state: ready
[2025-07-07 12:20:07,798] [INFO] [_sm_handler.py::43] Current state: ready
[2025-07-07 12:20:07,851] [INFO] [_sm_handler.py::43] Current state: ready
[2025-07-07 12:20:07,904] [INFO] [_sm_handler.py::43] Current state: ready
[2025-07-07 12:20:07,956] [INFO] [_sm_handler.py::43] Current state: ready
[2025-07-07 12:20:08,008] [INFO] [_sm_handler.py::43] Current state: ready
[2025-07-07 12:20:08,060] [INFO] [_sm_handler.py::43] Current state: ready
[2025-07-07 12:20:08,113] [INFO] [_sm_handler.py::43] Current state: ready
[2025-07-07 12:20:08,166] [INFO] [_sm_handler.py::43] Current state: ready
[2025-07-07 12:20:16,188] [INFO] [_sm_handler.py::43] Current state: ready
[2025-07-07 12:20:16,240] [INFO] [_sm_handler.py::43] Current state: ready
[2025-07-07 12:20:16,292] [INFO] [_sm_handler.py::43] Current state: ready
[2025-07-07 12:20:16,345] [INFO] [_sm_handler.py::43] Current state: ready
[2025-07-07 12:20:16,397] [INFO] [_sm_handler.py::43] Current state: ready
[2025-07-07 12:20:16,450] [INFO] [_sm_handler.py::43] Current state: ready
[2025-07-07 12:20:16,502] [INFO] [_sm_handler.py::43] Current state: ready
[2025-07-07 12:20:16,555] [INFO] [_sm_handler.py::43] Current state: ready
[2025-07-07 12:20:16,607] [INFO] [_sm_handler.py::43] Current state: ready
[2025-07-07 12:20:16,660] [INFO] [_sm_handler.py::43] Current state: ready
[2025-07-07 12:20:16,712] [INFO] [_sm_handler.py::43] Current state: ready
[2025-07-07 12:20:16,764] [INFO] [_sm_handler.py::43] Current state: ready
[2025-07-07 12:20:16,817] [INFO] [_sm_handler.py::43] Current state: ready
[2025-07-07 12:20:16,869] [INFO] [_sm_handler.py::43] Current state: ready
[2025-07-07 12:20:16,921] [INFO] [_sm_handler.py::43] Current state: ready
[2025-07-07 12:20:16,973] [INFO] [_sm_handler.py::43] Current state: ready
[2025-07-07 12:20:17,026] [INFO] [_sm_handler.py::43] Current state: ready
[2025-07-07 12:20:17,078] [INFO] [_sm_handler.py::43] Current state: ready
[2025-07-07 12:20:17,131] [INFO] [_sm_handler.py::43] Current state: ready
[2025-07-07 12:20:17,183] [INFO] [_sm_handler.py::43] Current state: ready
[2025-07-07 12:20:17,236] [INFO] [_sm_handler.py::43] Current state: ready
[2025-07-07 12:20:17,288] [INFO] [_sm_handler.py::43] Current state: ready
[2025-07-07 12:20:17,341] [INFO] [_sm_handler.py::43] Current state: ready
[2025-07-07 12:20:17,393] [INFO] [_sm_handler.py::43] Current state: ready
[2025-07-07 12:20:17,446] [INFO] [_sm_handler.py::43] Current state: ready
[2025-07-07 12:20:17,498] [INFO] [_sm_handler.py::43] Current state: ready
[2025-07-07 12:20:17,550] [INFO] [_sm_handler.py::43] Current state: ready
[2025-07-07 12:20:17,602] [INFO] [_sm_handler.py::43] Current state: ready
[2025-07-07 12:20:17,655] [INFO] [_sm_handler.py::43] Current state: ready
[2025-07-07 12:20:17,707] [INFO] [_sm_handler.py::43] Current state: ready
[2025-07-07 12:20:17,759] [INFO] [_sm_handler.py::43] Current state: ready
[2025-07-07 12:20:17,812] [INFO] [_sm_handler.py::43] Current state: ready
[2025-07-07 12:20:17,865] [INFO] [_sm_handler.py::43] Current state: ready
[2025-07-07 12:20:17,917] [INFO] [_sm_handler.py::43] Current state: ready
[2025-07-07 12:20:17,969] [INFO] [_sm_handler.py::43] Current state: ready
[2025-07-07 12:20:18,022] [INFO] [_sm_handler.py::43] Current state: ready
[2025-07-07 12:20:18,074] [INFO] [_sm_handler.py::43] Current state: ready
[2025-07-07 12:20:18,127] [INFO] [_sm_handler.py::43] Current state: ready
[2025-07-07 12:20:18,179] [INFO] [_sm_handler.py::43] Current state: ready
[2025-07-07 12:20:26,200] [INFO] [_sm_handler.py::43] Current state: ready
[2025-07-07 12:20:26,255] [INFO] [_sm_handler.py::43] Current state: ready
[2025-07-07 12:20:26,308] [INFO] [_sm_handler.py::43] Current state: ready
[2025-07-07 12:20:26,360] [INFO] [_sm_handler.py::43] Current state: ready
[2025-07-07 12:20:26,413] [INFO] [_sm_handler.py::43] Current state: ready
[2025-07-07 12:20:26,466] [INFO] [_sm_handler.py::43] Current state: ready
[2025-07-07 12:20:26,519] [INFO] [_sm_handler.py::43] Current state: ready
[2025-07-07 12:20:26,571] [INFO] [_sm_handler.py::43] Current state: ready
[2025-07-07 12:20:26,624] [INFO] [_sm_handler.py::43] Current state: ready
[2025-07-07 12:20:26,676] [INFO] [_sm_handler.py::43] Current state: ready
[2025-07-07 12:20:26,728] [INFO] [_sm_handler.py::43] Current state: ready
[2025-07-07 12:20:26,780] [INFO] [_sm_handler.py::43] Current state: ready
[2025-07-07 12:20:26,832] [INFO] [_sm_handler.py::43] Current state: ready
[2025-07-07 12:20:26,885] [INFO] [_sm_handler.py::43] Current state: ready
[2025-07-07 12:20:26,938] [INFO] [_sm_handler.py::43] Current state: ready
[2025-07-07 12:20:26,990] [INFO] [_sm_handler.py::43] Current state: ready
[2025-07-07 12:20:27,042] [INFO] [_sm_handler.py::43] Current state: ready
[2025-07-07 12:20:27,095] [INFO] [_sm_handler.py::43] Current state: ready
[2025-07-07 12:20:27,147] [INFO] [_sm_handler.py::43] Current state: ready
[2025-07-07 12:20:27,200] [INFO] [_sm_handler.py::43] Current state: ready
[2025-07-07 12:20:27,252] [INFO] [_sm_handler.py::43] Current state: ready
[2025-07-07 12:20:27,305] [INFO] [_sm_handler.py::43] Current state: ready
[2025-07-07 12:20:27,357] [INFO] [_sm_handler.py::43] Current state: ready
[2025-07-07 12:20:27,409] [INFO] [_sm_handler.py::43] Current state: ready
[2025-07-07 12:20:27,461] [INFO] [_sm_handler.py::43] Current state: ready
[2025-07-07 12:20:27,514] [INFO] [_sm_handler.py::43] Current state: ready
[2025-07-07 12:20:27,567] [INFO] [_sm_handler.py::43] Current state: ready
[2025-07-07 12:20:27,619] [INFO] [_sm_handler.py::43] Current state: ready
[2025-07-07 12:20:27,672] [INFO] [_sm_handler.py::43] Current state: ready
[2025-07-07 12:20:27,724] [INFO] [_sm_handler.py::43] Current state: ready
[2025-07-07 12:20:27,776] [INFO] [_sm_handler.py::43] Current state: ready
[2025-07-07 12:20:27,828] [INFO] [_sm_handler.py::43] Current state: ready
[2025-07-07 12:20:27,880] [INFO] [_sm_handler.py::43] Current state: ready
[2025-07-07 12:20:27,932] [INFO] [_sm_handler.py::43] Current state: ready
[2025-07-07 12:20:27,984] [INFO] [_sm_handler.py::43] Current state: ready
[2025-07-07 12:20:28,036] [INFO] [_sm_handler.py::43] Current state: ready
[2025-07-07 12:20:28,089] [INFO] [_sm_handler.py::43] Current state: ready
[2025-07-07 12:20:28,142] [INFO] [_sm_handler.py::43] Current state: ready
[2025-07-07 12:20:28,194] [INFO] [_sm_handler.py::43] Current state: ready
[2025-07-07 12:20:36,214] [INFO] [_sm_handler.py::43] Current state: ready
[2025-07-07 12:20:36,267] [INFO] [_sm_handler.py::43] Current state: ready
[2025-07-07 12:20:36,320] [INFO] [_sm_handler.py::43] Current state: ready
[2025-07-07 12:20:36,373] [INFO] [_sm_handler.py::43] Current state: ready
[2025-07-07 12:20:36,426] [INFO] [_sm_handler.py::43] Current state: ready
[2025-07-07 12:20:36,478] [INFO] [_sm_handler.py::43] Current state: ready
[2025-07-07 12:20:36,530] [INFO] [_sm_handler.py::43] Current state: ready
[2025-07-07 12:20:36,582] [INFO] [_sm_handler.py::43] Current state: ready
[2025-07-07 12:20:36,634] [INFO] [_sm_handler.py::43] Current state: ready
[2025-07-07 12:20:36,687] [INFO] [_sm_handler.py::43] Current state: ready
[2025-07-07 12:20:36,739] [INFO] [_sm_handler.py::43] Current state: ready
[2025-07-07 12:20:36,792] [INFO] [_sm_handler.py::43] Current state: ready
[2025-07-07 12:20:36,844] [INFO] [_sm_handler.py::43] Current state: ready
[2025-07-07 12:20:36,897] [INFO] [_sm_handler.py::43] Current state: ready
[2025-07-07 12:20:36,949] [INFO] [_sm_handler.py::43] Current state: ready
[2025-07-07 12:20:37,001] [INFO] [_sm_handler.py::43] Current state: ready
[2025-07-07 12:20:37,054] [INFO] [_sm_handler.py::43] Current state: ready
[2025-07-07 12:20:37,106] [INFO] [_sm_handler.py::43] Current state: ready
[2025-07-07 12:20:37,159] [INFO] [_sm_handler.py::43] Current state: ready
[2025-07-07 12:20:37,211] [INFO] [_sm_handler.py::43] Current state: ready
[2025-07-07 12:20:37,263] [INFO] [_sm_handler.py::43] Current state: ready
[2025-07-07 12:20:37,316] [INFO] [_sm_handler.py::43] Current state: ready
[2025-07-07 12:20:37,368] [INFO] [_sm_handler.py::43] Current state: ready
[2025-07-07 12:20:37,421] [INFO] [_sm_handler.py::43] Current state: ready
[2025-07-07 12:20:37,473] [INFO] [_sm_handler.py::43] Current state: ready
[2025-07-07 12:20:37,526] [INFO] [_sm_handler.py::43] Current state: ready
[2025-07-07 12:20:37,579] [INFO] [_sm_handler.py::43] Current state: ready
[2025-07-07 12:20:37,631] [INFO] [_sm_handler.py::43] Current state: ready
[2025-07-07 12:20:37,684] [INFO] [_sm_handler.py::43] Current state: ready
[2025-07-07 12:20:37,736] [INFO] [_sm_handler.py::43] Current state: ready
[2025-07-07 12:20:37,788] [INFO] [_sm_handler.py::43] Current state: ready
[2025-07-07 12:20:37,840] [INFO] [_sm_handler.py::43] Current state: ready
[2025-07-07 12:20:37,892] [INFO] [_sm_handler.py::43] Current state: ready
[2025-07-07 12:20:37,945] [INFO] [_sm_handler.py::43] Current state: ready
[2025-07-07 12:20:37,997] [INFO] [_sm_handler.py::43] Current state: ready
[2025-07-07 12:20:38,049] [INFO] [_sm_handler.py::43] Current state: ready
[2025-07-07 12:20:38,101] [INFO] [_sm_handler.py::43] Current state: ready
[2025-07-07 12:20:38,153] [INFO] [_sm_handler.py::43] Current state: ready
[2025-07-07 12:20:38,206] [INFO] [_sm_handler.py::43] Current state: ready
[2025-07-07 12:20:46,229] [INFO] [_sm_handler.py::43] Current state: ready
[2025-07-07 12:20:46,281] [INFO] [_sm_handler.py::43] Current state: ready
[2025-07-07 12:20:46,334] [INFO] [_sm_handler.py::43] Current state: ready
[2025-07-07 12:20:46,386] [INFO] [_sm_handler.py::43] Current state: ready
[2025-07-07 12:20:46,439] [INFO] [_sm_handler.py::43] Current state: ready
[2025-07-07 12:20:46,493] [INFO] [_sm_handler.py::43] Current state: ready
[2025-07-07 12:20:46,545] [INFO] [_sm_handler.py::43] Current state: ready
[2025-07-07 12:20:46,597] [INFO] [_sm_handler.py::43] Current state: ready
[2025-07-07 12:20:46,649] [INFO] [_sm_handler.py::43] Current state: ready
[2025-07-07 12:20:46,702] [INFO] [_sm_handler.py::43] Current state: ready
[2025-07-07 12:20:46,754] [INFO] [_sm_handler.py::43] Current state: ready
[2025-07-07 12:20:46,806] [INFO] [_sm_handler.py::43] Current state: ready
[2025-07-07 12:20:46,858] [INFO] [_sm_handler.py::43] Current state: ready
[2025-07-07 12:20:46,911] [INFO] [_sm_handler.py::43] Current state: ready
[2025-07-07 12:20:46,963] [INFO] [_sm_handler.py::43] Current state: ready
[2025-07-07 12:20:47,015] [INFO] [_sm_handler.py::43] Current state: ready
[2025-07-07 12:20:47,067] [INFO] [_sm_handler.py::43] Current state: ready
[2025-07-07 12:20:47,119] [INFO] [_sm_handler.py::43] Current state: ready
[2025-07-07 12:20:47,171] [INFO] [_sm_handler.py::43] Current state: ready
[2025-07-07 12:20:47,223] [INFO] [_sm_handler.py::43] Current state: ready
[2025-07-07 12:20:47,275] [INFO] [_sm_handler.py::43] Current state: ready
[2025-07-07 12:20:47,328] [INFO] [_sm_handler.py::43] Current state: ready
[2025-07-07 12:20:47,380] [INFO] [_sm_handler.py::43] Current state: ready
[2025-07-07 12:20:47,432] [INFO] [_sm_handler.py::43] Current state: ready
[2025-07-07 12:20:47,484] [INFO] [_sm_handler.py::43] Current state: ready
[2025-07-07 12:20:47,536] [INFO] [_sm_handler.py::43] Current state: ready
[2025-07-07 12:20:47,588] [INFO] [_sm_handler.py::43] Current state: ready
[2025-07-07 12:20:47,640] [INFO] [_sm_handler.py::43] Current state: ready
[2025-07-07 12:20:47,693] [INFO] [_sm_handler.py::43] Current state: ready
[2025-07-07 12:20:47,745] [INFO] [_sm_handler.py::43] Current state: ready
[2025-07-07 12:20:47,797] [INFO] [_sm_handler.py::43] Current state: ready
[2025-07-07 12:20:47,849] [INFO] [_sm_handler.py::43] Current state: ready
[2025-07-07 12:20:47,901] [INFO] [_sm_handler.py::43] Current state: ready
[2025-07-07 12:20:47,953] [INFO] [_sm_handler.py::43] Current state: ready
[2025-07-07 12:20:48,006] [INFO] [_sm_handler.py::43] Current state: ready
[2025-07-07 12:20:48,058] [INFO] [_sm_handler.py::43] Current state: ready
[2025-07-07 12:20:48,110] [INFO] [_sm_handler.py::43] Current state: ready
[2025-07-07 12:20:48,162] [INFO] [_sm_handler.py::43] Current state: ready
[2025-07-07 12:20:48,215] [INFO] [_sm_handler.py::43] Current state: ready
[2025-07-07 12:20:56,246] [INFO] [_sm_handler.py::43] Current state: ready
[2025-07-07 12:20:56,298] [INFO] [_sm_handler.py::43] Current state: ready
[2025-07-07 12:20:56,350] [INFO] [_sm_handler.py::43] Current state: ready
[2025-07-07 12:20:56,403] [INFO] [_sm_handler.py::43] Current state: ready
[2025-07-07 12:20:56,455] [INFO] [_sm_handler.py::43] Current state: ready
[2025-07-07 12:20:56,507] [INFO] [_sm_handler.py::43] Current state: ready
[2025-07-07 12:20:56,559] [INFO] [_sm_handler.py::43] Current state: ready
[2025-07-07 12:20:56,611] [INFO] [_sm_handler.py::43] Current state: ready
[2025-07-07 12:20:56,664] [INFO] [_sm_handler.py::43] Current state: ready
[2025-07-07 12:20:56,717] [INFO] [_sm_handler.py::43] Current state: ready
[2025-07-07 12:20:56,769] [INFO] [_sm_handler.py::43] Current state: ready
[2025-07-07 12:20:56,821] [INFO] [_sm_handler.py::43] Current state: ready
[2025-07-07 12:20:56,873] [INFO] [_sm_handler.py::43] Current state: ready
[2025-07-07 12:20:56,926] [INFO] [_sm_handler.py::43] Current state: ready
[2025-07-07 12:20:56,978] [INFO] [_sm_handler.py::43] Current state: ready
[2025-07-07 12:20:57,030] [INFO] [_sm_handler.py::43] Current state: ready
[2025-07-07 12:20:57,083] [INFO] [_sm_handler.py::43] Current state: ready
[2025-07-07 12:20:57,135] [INFO] [_sm_handler.py::43] Current state: ready
[2025-07-07 12:20:57,187] [INFO] [_sm_handler.py::43] Current state: ready
[2025-07-07 12:20:57,239] [INFO] [_sm_handler.py::43] Current state: ready
[2025-07-07 12:20:57,292] [INFO] [_sm_handler.py::43] Current state: ready
[2025-07-07 12:20:57,344] [INFO] [_sm_handler.py::43] Current state: ready
[2025-07-07 12:20:57,396] [INFO] [_sm_handler.py::43] Current state: ready
[2025-07-07 12:20:57,448] [INFO] [_sm_handler.py::43] Current state: ready
[2025-07-07 12:20:57,500] [INFO] [_sm_handler.py::43] Current state: ready
[2025-07-07 12:20:57,552] [INFO] [_sm_handler.py::43] Current state: ready
[2025-07-07 12:20:57,605] [INFO] [_sm_handler.py::43] Current state: ready
[2025-07-07 12:20:57,657] [INFO] [_sm_handler.py::43] Current state: ready
[2025-07-07 12:20:57,709] [INFO] [_sm_handler.py::43] Current state: ready
[2025-07-07 12:20:57,761] [INFO] [_sm_handler.py::43] Current state: ready
[2025-07-07 12:20:57,813] [INFO] [_sm_handler.py::43] Current state: ready
[2025-07-07 12:20:57,865] [INFO] [_sm_handler.py::43] Current state: ready
[2025-07-07 12:20:57,918] [INFO] [_sm_handler.py::43] Current state: ready
[2025-07-07 12:20:57,970] [INFO] [_sm_handler.py::43] Current state: ready
[2025-07-07 12:20:58,022] [INFO] [_sm_handler.py::43] Current state: ready
[2025-07-07 12:20:58,074] [INFO] [_sm_handler.py::43] Current state: ready
[2025-07-07 12:20:58,126] [INFO] [_sm_handler.py::43] Current state: ready
[2025-07-07 12:20:58,178] [INFO] [_sm_handler.py::43] Current state: ready
[2025-07-07 12:20:58,231] [INFO] [_sm_handler.py::43] Current state: ready
[2025-07-07 12:21:06,262] [INFO] [_sm_handler.py::43] Current state: ready
[2025-07-07 12:21:06,314] [INFO] [_sm_handler.py::43] Current state: ready
[2025-07-07 12:21:06,366] [INFO] [_sm_handler.py::43] Current state: ready
[2025-07-07 12:21:06,418] [INFO] [_sm_handler.py::43] Current state: ready
[2025-07-07 12:21:06,470] [INFO] [_sm_handler.py::43] Current state: ready
[2025-07-07 12:21:06,522] [INFO] [_sm_handler.py::43] Current state: ready
[2025-07-07 12:21:06,575] [INFO] [_sm_handler.py::43] Current state: ready
[2025-07-07 12:21:06,627] [INFO] [_sm_handler.py::43] Current state: ready
[2025-07-07 12:21:06,679] [INFO] [_sm_handler.py::43] Current state: ready
[2025-07-07 12:21:06,731] [INFO] [_sm_handler.py::43] Current state: ready
[2025-07-07 12:21:06,784] [INFO] [_sm_handler.py::43] Current state: ready
[2025-07-07 12:21:06,837] [INFO] [_sm_handler.py::43] Current state: ready
[2025-07-07 12:21:06,889] [INFO] [_sm_handler.py::43] Current state: ready
[2025-07-07 12:21:06,941] [INFO] [_sm_handler.py::43] Current state: ready
[2025-07-07 12:21:06,993] [INFO] [_sm_handler.py::43] Current state: ready
[2025-07-07 12:21:07,045] [INFO] [_sm_handler.py::43] Current state: ready
[2025-07-07 12:21:07,097] [INFO] [_sm_handler.py::43] Current state: ready
[2025-07-07 12:21:07,150] [INFO] [_sm_handler.py::43] Current state: ready
[2025-07-07 12:21:07,202] [INFO] [_sm_handler.py::43] Current state: ready
[2025-07-07 12:21:07,254] [INFO] [_sm_handler.py::43] Current state: ready
[2025-07-07 12:21:07,306] [INFO] [_sm_handler.py::43] Current state: ready
[2025-07-07 12:21:07,358] [INFO] [_sm_handler.py::43] Current state: ready
[2025-07-07 12:21:07,410] [INFO] [_sm_handler.py::43] Current state: ready
[2025-07-07 12:21:07,462] [INFO] [_sm_handler.py::43] Current state: ready
[2025-07-07 12:21:07,514] [INFO] [_sm_handler.py::43] Current state: ready
[2025-07-07 12:21:07,566] [INFO] [_sm_handler.py::43] Current state: ready
[2025-07-07 12:21:07,618] [INFO] [_sm_handler.py::43] Current state: ready
[2025-07-07 12:21:07,670] [INFO] [_sm_handler.py::43] Current state: ready
[2025-07-07 12:21:07,722] [INFO] [_sm_handler.py::43] Current state: ready
[2025-07-07 12:21:07,774] [INFO] [_sm_handler.py::43] Current state: ready
[2025-07-07 12:21:07,826] [INFO] [_sm_handler.py::43] Current state: ready
[2025-07-07 12:21:07,878] [INFO] [_sm_handler.py::43] Current state: ready
[2025-07-07 12:21:07,931] [INFO] [_sm_handler.py::43] Current state: ready
[2025-07-07 12:21:07,983] [INFO] [_sm_handler.py::43] Current state: ready
[2025-07-07 12:21:08,035] [INFO] [_sm_handler.py::43] Current state: ready
[2025-07-07 12:21:08,087] [INFO] [_sm_handler.py::43] Current state: ready
[2025-07-07 12:21:08,139] [INFO] [_sm_handler.py::43] Current state: ready
[2025-07-07 12:21:08,191] [INFO] [_sm_handler.py::43] Current state: ready
[2025-07-07 12:21:08,244] [INFO] [_sm_handler.py::43] Current state: ready
[2025-07-07 12:21:16,278] [INFO] [_sm_handler.py::43] Current state: ready
[2025-07-07 12:21:16,330] [INFO] [_sm_handler.py::43] Current state: ready
[2025-07-07 12:21:16,382] [INFO] [_sm_handler.py::43] Current state: ready
[2025-07-07 12:21:16,435] [INFO] [_sm_handler.py::43] Current state: ready
[2025-07-07 12:21:16,488] [INFO] [_sm_handler.py::43] Current state: ready
[2025-07-07 12:21:16,540] [INFO] [_sm_handler.py::43] Current state: ready
[2025-07-07 12:21:16,592] [INFO] [_sm_handler.py::43] Current state: ready
[2025-07-07 12:21:16,644] [INFO] [_sm_handler.py::43] Current state: ready
[2025-07-07 12:21:16,696] [INFO] [_sm_handler.py::43] Current state: ready
[2025-07-07 12:21:16,749] [INFO] [_sm_handler.py::43] Current state: ready
[2025-07-07 12:21:16,801] [INFO] [_sm_handler.py::43] Current state: ready
[2025-07-07 12:21:16,853] [INFO] [_sm_handler.py::43] Current state: ready
[2025-07-07 12:21:16,906] [INFO] [_sm_handler.py::43] Current state: ready
[2025-07-07 12:21:16,959] [INFO] [_sm_handler.py::43] Current state: ready
[2025-07-07 12:21:17,012] [INFO] [_sm_handler.py::43] Current state: ready
[2025-07-07 12:21:17,065] [INFO] [_sm_handler.py::43] Current state: ready
[2025-07-07 12:21:17,117] [INFO] [_sm_handler.py::43] Current state: ready
[2025-07-07 12:21:17,169] [INFO] [_sm_handler.py::43] Current state: ready
[2025-07-07 12:21:17,221] [INFO] [_sm_handler.py::43] Current state: ready
[2025-07-07 12:21:17,273] [INFO] [_sm_handler.py::43] Current state: ready
[2025-07-07 12:21:17,325] [INFO] [_sm_handler.py::43] Current state: ready
[2025-07-07 12:21:17,377] [INFO] [_sm_handler.py::43] Current state: ready
[2025-07-07 12:21:17,429] [INFO] [_sm_handler.py::43] Current state: ready
[2025-07-07 12:21:17,481] [INFO] [_sm_handler.py::43] Current state: ready
[2025-07-07 12:21:17,534] [INFO] [_sm_handler.py::43] Current state: ready
[2025-07-07 12:21:17,586] [INFO] [_sm_handler.py::43] Current state: ready
[2025-07-07 12:21:17,638] [INFO] [_sm_handler.py::43] Current state: ready
[2025-07-07 12:21:17,690] [INFO] [_sm_handler.py::43] Current state: ready
[2025-07-07 12:21:17,742] [INFO] [_sm_handler.py::43] Current state: ready
[2025-07-07 12:21:17,794] [INFO] [_sm_handler.py::43] Current state: ready
[2025-07-07 12:21:17,846] [INFO] [_sm_handler.py::43] Current state: ready
[2025-07-07 12:21:17,898] [INFO] [_sm_handler.py::43] Current state: ready
[2025-07-07 12:21:17,950] [INFO] [_sm_handler.py::43] Current state: ready
[2025-07-07 12:21:18,002] [INFO] [_sm_handler.py::43] Current state: ready
[2025-07-07 12:21:18,054] [INFO] [_sm_handler.py::43] Current state: ready
[2025-07-07 12:21:18,106] [INFO] [_sm_handler.py::43] Current state: ready
[2025-07-07 12:21:18,158] [INFO] [_sm_handler.py::43] Current state: ready
[2025-07-07 12:21:18,211] [INFO] [_sm_handler.py::43] Current state: ready
[2025-07-07 12:21:18,264] [INFO] [_sm_handler.py::43] Current state: ready
[2025-07-07 12:21:26,293] [INFO] [_sm_handler.py::43] Current state: ready
[2025-07-07 12:21:26,345] [INFO] [_sm_handler.py::43] Current state: ready
[2025-07-07 12:21:26,398] [INFO] [_sm_handler.py::43] Current state: ready
[2025-07-07 12:21:26,450] [INFO] [_sm_handler.py::43] Current state: ready
[2025-07-07 12:21:26,502] [INFO] [_sm_handler.py::43] Current state: ready
[2025-07-07 12:21:26,554] [INFO] [_sm_handler.py::43] Current state: ready
[2025-07-07 12:21:26,608] [INFO] [_sm_handler.py::43] Current state: ready
[2025-07-07 12:21:26,662] [INFO] [_sm_handler.py::43] Current state: ready
[2025-07-07 12:21:26,714] [INFO] [_sm_handler.py::43] Current state: ready
[2025-07-07 12:21:26,766] [INFO] [_sm_handler.py::43] Current state: ready
[2025-07-07 12:21:26,819] [INFO] [_sm_handler.py::43] Current state: ready
[2025-07-07 12:21:26,871] [INFO] [_sm_handler.py::43] Current state: ready
[2025-07-07 12:21:26,924] [INFO] [_sm_handler.py::43] Current state: ready
[2025-07-07 12:21:26,976] [INFO] [_sm_handler.py::43] Current state: ready
[2025-07-07 12:21:27,028] [INFO] [_sm_handler.py::43] Current state: ready
[2025-07-07 12:21:27,080] [INFO] [_sm_handler.py::43] Current state: ready
[2025-07-07 12:21:27,133] [INFO] [_sm_handler.py::43] Current state: ready
[2025-07-07 12:21:27,187] [INFO] [_sm_handler.py::43] Current state: ready
[2025-07-07 12:21:27,242] [INFO] [_sm_handler.py::43] Current state: ready
[2025-07-07 12:21:27,295] [INFO] [_sm_handler.py::43] Current state: ready
[2025-07-07 12:21:27,348] [INFO] [_sm_handler.py::43] Current state: ready
[2025-07-07 12:21:27,401] [INFO] [_sm_handler.py::43] Current state: ready
[2025-07-07 12:21:27,453] [INFO] [_sm_handler.py::43] Current state: ready
[2025-07-07 12:21:27,505] [INFO] [_sm_handler.py::43] Current state: ready
[2025-07-07 12:21:27,557] [INFO] [_sm_handler.py::43] Current state: ready
[2025-07-07 12:21:27,610] [INFO] [_sm_handler.py::43] Current state: ready
[2025-07-07 12:21:27,662] [INFO] [_sm_handler.py::43] Current state: ready
[2025-07-07 12:21:27,715] [INFO] [_sm_handler.py::43] Current state: ready
[2025-07-07 12:21:27,767] [INFO] [_sm_handler.py::43] Current state: ready
[2025-07-07 12:21:27,819] [INFO] [_sm_handler.py::43] Current state: ready
[2025-07-07 12:21:27,871] [INFO] [_sm_handler.py::43] Current state: ready
[2025-07-07 12:21:27,923] [INFO] [_sm_handler.py::43] Current state: ready
[2025-07-07 12:21:27,976] [INFO] [_sm_handler.py::43] Current state: ready
[2025-07-07 12:21:28,028] [INFO] [_sm_handler.py::43] Current state: ready
[2025-07-07 12:21:28,080] [INFO] [_sm_handler.py::43] Current state: ready
[2025-07-07 12:21:28,132] [INFO] [_sm_handler.py::43] Current state: ready
[2025-07-07 12:21:28,184] [INFO] [_sm_handler.py::43] Current state: ready
[2025-07-07 12:21:28,237] [INFO] [_sm_handler.py::43] Current state: ready
[2025-07-07 12:21:28,290] [INFO] [_sm_handler.py::43] Current state: ready
[2025-07-07 12:21:36,309] [INFO] [_sm_handler.py::43] Current state: ready
[2025-07-07 12:21:36,362] [INFO] [_sm_handler.py::43] Current state: ready
[2025-07-07 12:21:36,414] [INFO] [_sm_handler.py::43] Current state: ready
[2025-07-07 12:21:36,466] [INFO] [_sm_handler.py::43] Current state: ready
[2025-07-07 12:21:36,518] [INFO] [_sm_handler.py::43] Current state: ready
[2025-07-07 12:21:36,570] [INFO] [_sm_handler.py::43] Current state: ready
[2025-07-07 12:21:36,622] [INFO] [_sm_handler.py::43] Current state: ready
[2025-07-07 12:21:36,675] [INFO] [_sm_handler.py::43] Current state: ready
[2025-07-07 12:21:36,728] [INFO] [_sm_handler.py::43] Current state: ready
[2025-07-07 12:21:36,781] [INFO] [_sm_handler.py::43] Current state: ready
[2025-07-07 12:21:36,833] [INFO] [_sm_handler.py::43] Current state: ready
[2025-07-07 12:21:36,886] [INFO] [_sm_handler.py::43] Current state: ready
[2025-07-07 12:21:36,938] [INFO] [_sm_handler.py::43] Current state: ready
[2025-07-07 12:21:36,991] [INFO] [_sm_handler.py::43] Current state: ready
[2025-07-07 12:21:37,043] [INFO] [_sm_handler.py::43] Current state: ready
[2025-07-07 12:21:37,095] [INFO] [_sm_handler.py::43] Current state: ready
[2025-07-07 12:21:37,148] [INFO] [_sm_handler.py::43] Current state: ready
[2025-07-07 12:21:37,200] [INFO] [_sm_handler.py::43] Current state: ready
[2025-07-07 12:21:37,253] [INFO] [_sm_handler.py::43] Current state: ready
[2025-07-07 12:21:37,310] [INFO] [_sm_handler.py::43] Current state: ready
[2025-07-07 12:21:37,364] [INFO] [_sm_handler.py::43] Current state: ready
[2025-07-07 12:21:37,418] [INFO] [_sm_handler.py::43] Current state: ready
[2025-07-07 12:21:37,470] [INFO] [_sm_handler.py::43] Current state: ready
[2025-07-07 12:21:37,522] [INFO] [_sm_handler.py::43] Current state: ready
[2025-07-07 12:21:37,574] [INFO] [_sm_handler.py::43] Current state: ready
[2025-07-07 12:21:37,626] [INFO] [_sm_handler.py::43] Current state: ready
[2025-07-07 12:21:37,678] [INFO] [_sm_handler.py::43] Current state: ready
[2025-07-07 12:21:37,731] [INFO] [_sm_handler.py::43] Current state: ready
[2025-07-07 12:21:37,783] [INFO] [_sm_handler.py::43] Current state: ready
[2025-07-07 12:21:37,835] [INFO] [_sm_handler.py::43] Current state: ready
[2025-07-07 12:21:37,887] [INFO] [_sm_handler.py::43] Current state: ready
[2025-07-07 12:21:37,939] [INFO] [_sm_handler.py::43] Current state: ready
[2025-07-07 12:21:37,991] [INFO] [_sm_handler.py::43] Current state: ready
[2025-07-07 12:21:38,044] [INFO] [_sm_handler.py::43] Current state: ready
[2025-07-07 12:21:38,096] [INFO] [_sm_handler.py::43] Current state: ready
[2025-07-07 12:21:38,148] [INFO] [_sm_handler.py::43] Current state: ready
[2025-07-07 12:21:38,200] [INFO] [_sm_handler.py::43] Current state: ready
[2025-07-07 12:21:38,252] [INFO] [_sm_handler.py::43] Current state: ready
[2025-07-07 12:21:38,305] [INFO] [_sm_handler.py::43] Current state: ready
[2025-07-07 12:21:46,333] [INFO] [_sm_handler.py::43] Current state: ready
[2025-07-07 12:21:46,386] [INFO] [_sm_handler.py::43] Current state: ready
[2025-07-07 12:21:46,438] [INFO] [_sm_handler.py::43] Current state: ready
[2025-07-07 12:21:46,490] [INFO] [_sm_handler.py::43] Current state: ready
[2025-07-07 12:21:46,542] [INFO] [_sm_handler.py::43] Current state: ready
[2025-07-07 12:21:46,594] [INFO] [_sm_handler.py::43] Current state: ready
[2025-07-07 12:21:46,647] [INFO] [_sm_handler.py::43] Current state: ready
[2025-07-07 12:21:46,699] [INFO] [_sm_handler.py::43] Current state: ready
[2025-07-07 12:21:46,751] [INFO] [_sm_handler.py::43] Current state: ready
[2025-07-07 12:21:46,803] [INFO] [_sm_handler.py::43] Current state: ready
[2025-07-07 12:21:46,855] [INFO] [_sm_handler.py::43] Current state: ready
[2025-07-07 12:21:46,908] [INFO] [_sm_handler.py::43] Current state: ready
[2025-07-07 12:21:46,961] [INFO] [_sm_handler.py::43] Current state: ready
[2025-07-07 12:21:47,013] [INFO] [_sm_handler.py::43] Current state: ready
[2025-07-07 12:21:47,065] [INFO] [_sm_handler.py::43] Current state: ready
[2025-07-07 12:21:47,117] [INFO] [_sm_handler.py::43] Current state: ready
[2025-07-07 12:21:47,169] [INFO] [_sm_handler.py::43] Current state: ready
[2025-07-07 12:21:47,222] [INFO] [_sm_handler.py::43] Current state: ready
[2025-07-07 12:21:47,274] [INFO] [_sm_handler.py::43] Current state: ready
[2025-07-07 12:21:47,326] [INFO] [_sm_handler.py::43] Current state: ready
[2025-07-07 12:21:47,378] [INFO] [_sm_handler.py::43] Current state: ready
[2025-07-07 12:21:47,432] [INFO] [_sm_handler.py::43] Current state: ready
[2025-07-07 12:21:47,487] [INFO] [_sm_handler.py::43] Current state: ready
[2025-07-07 12:21:47,539] [INFO] [_sm_handler.py::43] Current state: ready
[2025-07-07 12:21:47,591] [INFO] [_sm_handler.py::43] Current state: ready
[2025-07-07 12:21:47,643] [INFO] [_sm_handler.py::43] Current state: ready
[2025-07-07 12:21:47,695] [INFO] [_sm_handler.py::43] Current state: ready
[2025-07-07 12:21:47,747] [INFO] [_sm_handler.py::43] Current state: ready
[2025-07-07 12:21:47,800] [INFO] [_sm_handler.py::43] Current state: ready
[2025-07-07 12:21:47,852] [INFO] [_sm_handler.py::43] Current state: ready
[2025-07-07 12:21:47,904] [INFO] [_sm_handler.py::43] Current state: ready
[2025-07-07 12:21:47,956] [INFO] [_sm_handler.py::43] Current state: ready
[2025-07-07 12:21:48,008] [INFO] [_sm_handler.py::43] Current state: ready
[2025-07-07 12:21:48,060] [INFO] [_sm_handler.py::43] Current state: ready
[2025-07-07 12:21:48,112] [INFO] [_sm_handler.py::43] Current state: ready
[2025-07-07 12:21:48,164] [INFO] [_sm_handler.py::43] Current state: ready
[2025-07-07 12:21:48,216] [INFO] [_sm_handler.py::43] Current state: ready
[2025-07-07 12:21:48,268] [INFO] [_sm_handler.py::43] Current state: ready
[2025-07-07 12:21:48,321] [INFO] [_sm_handler.py::43] Current state: ready
[2025-07-07 12:21:56,348] [INFO] [_sm_handler.py::43] Current state: ready
[2025-07-07 12:21:56,400] [INFO] [_sm_handler.py::43] Current state: ready
[2025-07-07 12:21:56,452] [INFO] [_sm_handler.py::43] Current state: ready
[2025-07-07 12:21:56,505] [INFO] [_sm_handler.py::43] Current state: ready
[2025-07-07 12:21:56,558] [INFO] [_sm_handler.py::43] Current state: ready
[2025-07-07 12:21:56,610] [INFO] [_sm_handler.py::43] Current state: ready
[2025-07-07 12:21:56,662] [INFO] [_sm_handler.py::43] Current state: ready
[2025-07-07 12:21:56,714] [INFO] [_sm_handler.py::43] Current state: ready
[2025-07-07 12:21:56,766] [INFO] [_sm_handler.py::43] Current state: ready
[2025-07-07 12:21:56,819] [INFO] [_sm_handler.py::43] Current state: ready
[2025-07-07 12:21:56,871] [INFO] [_sm_handler.py::43] Current state: ready
[2025-07-07 12:21:56,923] [INFO] [_sm_handler.py::43] Current state: ready
[2025-07-07 12:21:56,975] [INFO] [_sm_handler.py::43] Current state: ready
[2025-07-07 12:21:57,027] [INFO] [_sm_handler.py::43] Current state: ready
[2025-07-07 12:21:57,080] [INFO] [_sm_handler.py::43] Current state: ready
[2025-07-07 12:21:57,133] [INFO] [_sm_handler.py::43] Current state: ready
[2025-07-07 12:21:57,185] [INFO] [_sm_handler.py::43] Current state: ready
[2025-07-07 12:21:57,237] [INFO] [_sm_handler.py::43] Current state: ready
[2025-07-07 12:21:57,289] [INFO] [_sm_handler.py::43] Current state: ready
[2025-07-07 12:21:57,341] [INFO] [_sm_handler.py::43] Current state: ready
[2025-07-07 12:21:57,393] [INFO] [_sm_handler.py::43] Current state: ready
[2025-07-07 12:21:57,446] [INFO] [_sm_handler.py::43] Current state: ready
[2025-07-07 12:21:57,498] [INFO] [_sm_handler.py::43] Current state: ready
[2025-07-07 12:21:57,550] [INFO] [_sm_handler.py::43] Current state: ready
[2025-07-07 12:21:57,602] [INFO] [_sm_handler.py::43] Current state: ready
[2025-07-07 12:21:57,655] [INFO] [_sm_handler.py::43] Current state: ready
[2025-07-07 12:21:57,707] [INFO] [_sm_handler.py::43] Current state: ready
[2025-07-07 12:21:57,759] [INFO] [_sm_handler.py::43] Current state: ready
[2025-07-07 12:21:57,811] [INFO] [_sm_handler.py::43] Current state: ready
[2025-07-07 12:21:57,863] [INFO] [_sm_handler.py::43] Current state: ready
[2025-07-07 12:21:57,915] [INFO] [_sm_handler.py::43] Current state: ready
[2025-07-07 12:21:57,967] [INFO] [_sm_handler.py::43] Current state: ready
[2025-07-07 12:21:58,019] [INFO] [_sm_handler.py::43] Current state: ready
[2025-07-07 12:21:58,072] [INFO] [_sm_handler.py::43] Current state: ready
[2025-07-07 12:21:58,124] [INFO] [_sm_handler.py::43] Current state: ready
[2025-07-07 12:21:58,176] [INFO] [_sm_handler.py::43] Current state: ready
[2025-07-07 12:21:58,228] [INFO] [_sm_handler.py::43] Current state: ready
[2025-07-07 12:21:58,280] [INFO] [_sm_handler.py::43] Current state: ready
[2025-07-07 12:21:58,333] [INFO] [_sm_handler.py::43] Current state: ready
[2025-07-07 12:22:06,361] [INFO] [_sm_handler.py::43] Current state: ready
[2025-07-07 12:22:06,414] [INFO] [_sm_handler.py::43] Current state: ready
[2025-07-07 12:22:06,466] [INFO] [_sm_handler.py::43] Current state: ready
[2025-07-07 12:22:06,518] [INFO] [_sm_handler.py::43] Current state: ready
[2025-07-07 12:22:06,570] [INFO] [_sm_handler.py::43] Current state: ready
[2025-07-07 12:22:06,623] [INFO] [_sm_handler.py::43] Current state: ready
[2025-07-07 12:22:06,677] [INFO] [_sm_handler.py::43] Current state: ready
[2025-07-07 12:22:06,730] [INFO] [_sm_handler.py::43] Current state: ready
[2025-07-07 12:22:06,782] [INFO] [_sm_handler.py::43] Current state: ready
[2025-07-07 12:22:06,835] [INFO] [_sm_handler.py::43] Current state: ready
[2025-07-07 12:22:06,887] [INFO] [_sm_handler.py::43] Current state: ready
[2025-07-07 12:22:06,939] [INFO] [_sm_handler.py::43] Current state: ready
[2025-07-07 12:22:06,991] [INFO] [_sm_handler.py::43] Current state: ready
[2025-07-07 12:22:07,044] [INFO] [_sm_handler.py::43] Current state: ready
[2025-07-07 12:22:07,096] [INFO] [_sm_handler.py::43] Current state: ready
[2025-07-07 12:22:07,148] [INFO] [_sm_handler.py::43] Current state: ready
[2025-07-07 12:22:07,200] [INFO] [_sm_handler.py::43] Current state: ready
[2025-07-07 12:22:07,253] [INFO] [_sm_handler.py::43] Current state: ready
[2025-07-07 12:22:07,305] [INFO] [_sm_handler.py::43] Current state: ready
[2025-07-07 12:22:07,357] [INFO] [_sm_handler.py::43] Current state: ready
[2025-07-07 12:22:07,410] [INFO] [_sm_handler.py::43] Current state: ready
[2025-07-07 12:22:07,462] [INFO] [_sm_handler.py::43] Current state: ready
[2025-07-07 12:22:07,514] [INFO] [_sm_handler.py::43] Current state: ready
[2025-07-07 12:22:07,566] [INFO] [_sm_handler.py::43] Current state: ready
[2025-07-07 12:22:07,618] [INFO] [_sm_handler.py::43] Current state: ready
[2025-07-07 12:22:07,670] [INFO] [_sm_handler.py::43] Current state: ready
[2025-07-07 12:22:07,722] [INFO] [_sm_handler.py::43] Current state: ready
[2025-07-07 12:22:07,774] [INFO] [_sm_handler.py::43] Current state: ready
[2025-07-07 12:22:07,828] [INFO] [_sm_handler.py::43] Current state: ready
[2025-07-07 12:22:07,880] [INFO] [_sm_handler.py::43] Current state: ready
[2025-07-07 12:22:07,932] [INFO] [_sm_handler.py::43] Current state: ready
[2025-07-07 12:22:07,984] [INFO] [_sm_handler.py::43] Current state: ready
[2025-07-07 12:22:08,036] [INFO] [_sm_handler.py::43] Current state: ready
[2025-07-07 12:22:08,088] [INFO] [_sm_handler.py::43] Current state: ready
[2025-07-07 12:22:08,140] [INFO] [_sm_handler.py::43] Current state: ready
[2025-07-07 12:22:08,192] [INFO] [_sm_handler.py::43] Current state: ready
[2025-07-07 12:22:08,244] [INFO] [_sm_handler.py::43] Current state: ready
[2025-07-07 12:22:08,296] [INFO] [_sm_handler.py::43] Current state: ready
[2025-07-07 12:22:08,349] [INFO] [_sm_handler.py::43] Current state: ready
[2025-07-07 12:22:16,378] [INFO] [_sm_handler.py::43] Current state: ready
[2025-07-07 12:22:16,430] [INFO] [_sm_handler.py::43] Current state: ready
[2025-07-07 12:22:16,483] [INFO] [_sm_handler.py::43] Current state: ready
[2025-07-07 12:22:16,535] [INFO] [_sm_handler.py::43] Current state: ready
[2025-07-07 12:22:16,587] [INFO] [_sm_handler.py::43] Current state: ready
[2025-07-07 12:22:16,639] [INFO] [_sm_handler.py::43] Current state: ready
[2025-07-07 12:22:16,691] [INFO] [_sm_handler.py::43] Current state: ready
[2025-07-07 12:22:16,744] [INFO] [_sm_handler.py::43] Current state: ready
[2025-07-07 12:22:16,796] [INFO] [_sm_handler.py::43] Current state: ready
[2025-07-07 12:22:16,849] [INFO] [_sm_handler.py::43] Current state: ready
[2025-07-07 12:22:16,903] [INFO] [_sm_handler.py::43] Current state: ready
[2025-07-07 12:22:16,955] [INFO] [_sm_handler.py::43] Current state: ready
[2025-07-07 12:22:17,007] [INFO] [_sm_handler.py::43] Current state: ready
[2025-07-07 12:22:17,060] [INFO] [_sm_handler.py::43] Current state: ready
[2025-07-07 12:22:17,112] [INFO] [_sm_handler.py::43] Current state: ready
[2025-07-07 12:22:17,164] [INFO] [_sm_handler.py::43] Current state: ready
[2025-07-07 12:22:17,216] [INFO] [_sm_handler.py::43] Current state: ready
[2025-07-07 12:22:17,269] [INFO] [_sm_handler.py::43] Current state: ready
[2025-07-07 12:22:17,321] [INFO] [_sm_handler.py::43] Current state: ready
[2025-07-07 12:22:17,373] [INFO] [_sm_handler.py::43] Current state: ready
[2025-07-07 12:22:17,426] [INFO] [_sm_handler.py::43] Current state: ready
[2025-07-07 12:22:17,480] [INFO] [_sm_handler.py::43] Current state: ready
[2025-07-07 12:22:17,533] [INFO] [_sm_handler.py::43] Current state: ready
[2025-07-07 12:22:17,585] [INFO] [_sm_handler.py::43] Current state: ready
[2025-07-07 12:22:17,637] [INFO] [_sm_handler.py::43] Current state: ready
[2025-07-07 12:22:17,689] [INFO] [_sm_handler.py::43] Current state: ready
[2025-07-07 12:22:17,741] [INFO] [_sm_handler.py::43] Current state: ready
[2025-07-07 12:22:17,793] [INFO] [_sm_handler.py::43] Current state: ready
[2025-07-07 12:22:17,845] [INFO] [_sm_handler.py::43] Current state: ready
[2025-07-07 12:22:17,897] [INFO] [_sm_handler.py::43] Current state: ready
[2025-07-07 12:22:17,950] [INFO] [_sm_handler.py::43] Current state: ready
[2025-07-07 12:22:18,003] [INFO] [_sm_handler.py::43] Current state: ready
[2025-07-07 12:22:18,056] [INFO] [_sm_handler.py::43] Current state: ready
[2025-07-07 12:22:18,108] [INFO] [_sm_handler.py::43] Current state: ready
[2025-07-07 12:22:18,160] [INFO] [_sm_handler.py::43] Current state: ready
[2025-07-07 12:22:18,212] [INFO] [_sm_handler.py::43] Current state: ready
[2025-07-07 12:22:18,264] [INFO] [_sm_handler.py::43] Current state: ready
[2025-07-07 12:22:18,316] [INFO] [_sm_handler.py::43] Current state: ready
[2025-07-07 12:22:18,369] [INFO] [_sm_handler.py::43] Current state: ready
[2025-07-07 12:22:26,392] [INFO] [_sm_handler.py::43] Current state: ready
[2025-07-07 12:22:26,445] [INFO] [_sm_handler.py::43] Current state: ready
[2025-07-07 12:22:26,497] [INFO] [_sm_handler.py::43] Current state: ready
[2025-07-07 12:22:26,550] [INFO] [_sm_handler.py::43] Current state: ready
[2025-07-07 12:22:26,603] [INFO] [_sm_handler.py::43] Current state: ready
[2025-07-07 12:22:26,655] [INFO] [_sm_handler.py::43] Current state: ready
[2025-07-07 12:22:26,707] [INFO] [_sm_handler.py::43] Current state: ready
[2025-07-07 12:22:26,760] [INFO] [_sm_handler.py::43] Current state: ready
[2025-07-07 12:22:26,812] [INFO] [_sm_handler.py::43] Current state: ready
[2025-07-07 12:22:26,864] [INFO] [_sm_handler.py::43] Current state: ready
[2025-07-07 12:22:26,916] [INFO] [_sm_handler.py::43] Current state: ready
[2025-07-07 12:22:26,969] [INFO] [_sm_handler.py::43] Current state: ready
[2025-07-07 12:22:27,023] [INFO] [_sm_handler.py::43] Current state: ready
[2025-07-07 12:22:27,078] [INFO] [_sm_handler.py::43] Current state: ready
[2025-07-07 12:22:27,131] [INFO] [_sm_handler.py::43] Current state: ready
[2025-07-07 12:22:27,183] [INFO] [_sm_handler.py::43] Current state: ready
[2025-07-07 12:22:27,235] [INFO] [_sm_handler.py::43] Current state: ready
[2025-07-07 12:22:27,287] [INFO] [_sm_handler.py::43] Current state: ready
[2025-07-07 12:22:27,340] [INFO] [_sm_handler.py::43] Current state: ready
[2025-07-07 12:22:27,392] [INFO] [_sm_handler.py::43] Current state: ready
[2025-07-07 12:22:27,444] [INFO] [_sm_handler.py::43] Current state: ready
[2025-07-07 12:22:27,497] [INFO] [_sm_handler.py::43] Current state: ready
[2025-07-07 12:22:27,549] [INFO] [_sm_handler.py::43] Current state: ready
[2025-07-07 12:22:27,603] [INFO] [_sm_handler.py::43] Current state: ready
[2025-07-07 12:22:27,655] [INFO] [_sm_handler.py::43] Current state: ready
[2025-07-07 12:22:27,707] [INFO] [_sm_handler.py::43] Current state: ready
[2025-07-07 12:22:27,760] [INFO] [_sm_handler.py::43] Current state: ready
[2025-07-07 12:22:27,812] [INFO] [_sm_handler.py::43] Current state: ready
[2025-07-07 12:22:27,864] [INFO] [_sm_handler.py::43] Current state: ready
[2025-07-07 12:22:27,916] [INFO] [_sm_handler.py::43] Current state: ready
[2025-07-07 12:22:27,969] [INFO] [_sm_handler.py::43] Current state: ready
[2025-07-07 12:22:28,021] [INFO] [_sm_handler.py::43] Current state: ready
[2025-07-07 12:22:28,073] [INFO] [_sm_handler.py::43] Current state: ready
[2025-07-07 12:22:28,125] [INFO] [_sm_handler.py::43] Current state: ready
[2025-07-07 12:22:28,180] [INFO] [_sm_handler.py::43] Current state: ready
[2025-07-07 12:22:28,232] [INFO] [_sm_handler.py::43] Current state: ready
[2025-07-07 12:22:28,285] [INFO] [_sm_handler.py::43] Current state: ready
[2025-07-07 12:22:28,338] [INFO] [_sm_handler.py::43] Current state: ready
[2025-07-07 12:22:28,391] [INFO] [_sm_handler.py::43] Current state: ready
[2025-07-07 12:22:36,409] [INFO] [_sm_handler.py::43] Current state: ready
[2025-07-07 12:22:36,462] [INFO] [_sm_handler.py::43] Current state: ready
[2025-07-07 12:22:36,514] [INFO] [_sm_handler.py::43] Current state: ready
[2025-07-07 12:22:36,567] [INFO] [_sm_handler.py::43] Current state: ready
[2025-07-07 12:22:36,620] [INFO] [_sm_handler.py::43] Current state: ready
[2025-07-07 12:22:36,672] [INFO] [_sm_handler.py::43] Current state: ready
[2025-07-07 12:22:36,725] [INFO] [_sm_handler.py::43] Current state: ready
[2025-07-07 12:22:36,777] [INFO] [_sm_handler.py::43] Current state: ready
[2025-07-07 12:22:36,829] [INFO] [_sm_handler.py::43] Current state: ready
[2025-07-07 12:22:36,881] [INFO] [_sm_handler.py::43] Current state: ready
[2025-07-07 12:22:36,934] [INFO] [_sm_handler.py::43] Current state: ready
[2025-07-07 12:22:36,986] [INFO] [_sm_handler.py::43] Current state: ready
[2025-07-07 12:22:37,038] [INFO] [_sm_handler.py::43] Current state: ready
[2025-07-07 12:22:37,091] [INFO] [_sm_handler.py::43] Current state: ready
[2025-07-07 12:22:37,146] [INFO] [_sm_handler.py::43] Current state: ready
[2025-07-07 12:22:37,202] [INFO] [_sm_handler.py::43] Current state: ready
[2025-07-07 12:22:37,254] [INFO] [_sm_handler.py::43] Current state: ready
[2025-07-07 12:22:37,307] [INFO] [_sm_handler.py::43] Current state: ready
[2025-07-07 12:22:37,359] [INFO] [_sm_handler.py::43] Current state: ready
[2025-07-07 12:22:37,411] [INFO] [_sm_handler.py::43] Current state: ready
[2025-07-07 12:22:37,463] [INFO] [_sm_handler.py::43] Current state: ready
[2025-07-07 12:22:37,516] [INFO] [_sm_handler.py::43] Current state: ready
[2025-07-07 12:22:37,568] [INFO] [_sm_handler.py::43] Current state: ready
[2025-07-07 12:22:37,620] [INFO] [_sm_handler.py::43] Current state: ready
[2025-07-07 12:22:37,674] [INFO] [_sm_handler.py::43] Current state: ready
[2025-07-07 12:22:37,727] [INFO] [_sm_handler.py::43] Current state: ready
[2025-07-07 12:22:37,779] [INFO] [_sm_handler.py::43] Current state: ready
[2025-07-07 12:22:37,832] [INFO] [_sm_handler.py::43] Current state: ready
[2025-07-07 12:22:37,884] [INFO] [_sm_handler.py::43] Current state: ready
[2025-07-07 12:22:37,936] [INFO] [_sm_handler.py::43] Current state: ready
[2025-07-07 12:22:37,988] [INFO] [_sm_handler.py::43] Current state: ready
[2025-07-07 12:22:38,040] [INFO] [_sm_handler.py::43] Current state: ready
[2025-07-07 12:22:38,093] [INFO] [_sm_handler.py::43] Current state: ready
[2025-07-07 12:22:38,145] [INFO] [_sm_handler.py::43] Current state: ready
[2025-07-07 12:22:38,202] [INFO] [_sm_handler.py::43] Current state: ready
[2025-07-07 12:22:38,257] [INFO] [_sm_handler.py::43] Current state: ready
[2025-07-07 12:22:38,309] [INFO] [_sm_handler.py::43] Current state: ready
[2025-07-07 12:22:38,362] [INFO] [_sm_handler.py::43] Current state: ready
[2025-07-07 12:22:46,425] [INFO] [_sm_handler.py::43] Current state: ready
[2025-07-07 12:22:46,477] [INFO] [_sm_handler.py::43] Current state: ready
[2025-07-07 12:22:46,530] [INFO] [_sm_handler.py::43] Current state: ready
[2025-07-07 12:22:46,582] [INFO] [_sm_handler.py::43] Current state: ready
[2025-07-07 12:22:46,635] [INFO] [_sm_handler.py::43] Current state: ready
[2025-07-07 12:22:46,687] [INFO] [_sm_handler.py::43] Current state: ready
[2025-07-07 12:22:46,739] [INFO] [_sm_handler.py::43] Current state: ready
[2025-07-07 12:22:46,791] [INFO] [_sm_handler.py::43] Current state: ready
[2025-07-07 12:22:46,843] [INFO] [_sm_handler.py::43] Current state: ready
[2025-07-07 12:22:46,896] [INFO] [_sm_handler.py::43] Current state: ready
[2025-07-07 12:22:46,948] [INFO] [_sm_handler.py::43] Current state: ready
[2025-07-07 12:22:47,001] [INFO] [_sm_handler.py::43] Current state: ready
[2025-07-07 12:22:47,053] [INFO] [_sm_handler.py::43] Current state: ready
[2025-07-07 12:22:47,105] [INFO] [_sm_handler.py::43] Current state: ready
[2025-07-07 12:22:47,157] [INFO] [_sm_handler.py::43] Current state: ready
[2025-07-07 12:22:47,214] [INFO] [_sm_handler.py::43] Current state: ready
[2025-07-07 12:22:47,268] [INFO] [_sm_handler.py::43] Current state: ready
[2025-07-07 12:22:47,320] [INFO] [_sm_handler.py::43] Current state: ready
[2025-07-07 12:22:47,372] [INFO] [_sm_handler.py::43] Current state: ready
[2025-07-07 12:22:47,425] [INFO] [_sm_handler.py::43] Current state: ready
[2025-07-07 12:22:47,477] [INFO] [_sm_handler.py::43] Current state: ready
[2025-07-07 12:22:47,529] [INFO] [_sm_handler.py::43] Current state: ready
[2025-07-07 12:22:47,582] [INFO] [_sm_handler.py::43] Current state: ready
[2025-07-07 12:22:47,634] [INFO] [_sm_handler.py::43] Current state: ready
[2025-07-07 12:22:47,686] [INFO] [_sm_handler.py::43] Current state: ready
[2025-07-07 12:22:47,738] [INFO] [_sm_handler.py::43] Current state: ready
[2025-07-07 12:22:47,792] [INFO] [_sm_handler.py::43] Current state: ready
[2025-07-07 12:22:47,846] [INFO] [_sm_handler.py::43] Current state: ready
[2025-07-07 12:22:47,899] [INFO] [_sm_handler.py::43] Current state: ready
[2025-07-07 12:22:47,951] [INFO] [_sm_handler.py::43] Current state: ready
[2025-07-07 12:22:48,004] [INFO] [_sm_handler.py::43] Current state: ready
[2025-07-07 12:22:48,056] [INFO] [_sm_handler.py::43] Current state: ready
[2025-07-07 12:22:48,108] [INFO] [_sm_handler.py::43] Current state: ready
[2025-07-07 12:22:48,161] [INFO] [_sm_handler.py::43] Current state: ready
[2025-07-07 12:22:48,213] [INFO] [_sm_handler.py::43] Current state: ready
[2025-07-07 12:22:48,265] [INFO] [_sm_handler.py::43] Current state: ready
[2025-07-07 12:22:48,317] [INFO] [_sm_handler.py::43] Current state: ready
[2025-07-07 12:22:48,372] [INFO] [_sm_handler.py::43] Current state: ready
[2025-07-07 12:22:48,428] [INFO] [_sm_handler.py::43] Current state: ready
[2025-07-07 12:22:56,441] [INFO] [_sm_handler.py::43] Current state: ready
[2025-07-07 12:22:56,493] [INFO] [_sm_handler.py::43] Current state: ready
[2025-07-07 12:22:56,545] [INFO] [_sm_handler.py::43] Current state: ready
[2025-07-07 12:22:56,598] [INFO] [_sm_handler.py::43] Current state: ready
[2025-07-07 12:22:56,650] [INFO] [_sm_handler.py::43] Current state: ready
[2025-07-07 12:22:56,703] [INFO] [_sm_handler.py::43] Current state: ready
[2025-07-07 12:22:56,755] [INFO] [_sm_handler.py::43] Current state: ready
[2025-07-07 12:22:56,808] [INFO] [_sm_handler.py::43] Current state: ready
[2025-07-07 12:22:56,860] [INFO] [_sm_handler.py::43] Current state: ready
[2025-07-07 12:22:56,912] [INFO] [_sm_handler.py::43] Current state: ready
[2025-07-07 12:22:56,965] [INFO] [_sm_handler.py::43] Current state: ready
[2025-07-07 12:22:57,018] [INFO] [_sm_handler.py::43] Current state: ready
[2025-07-07 12:22:57,070] [INFO] [_sm_handler.py::43] Current state: ready
[2025-07-07 12:22:57,122] [INFO] [_sm_handler.py::43] Current state: ready
[2025-07-07 12:22:57,174] [INFO] [_sm_handler.py::43] Current state: ready
[2025-07-07 12:22:57,227] [INFO] [_sm_handler.py::43] Current state: ready
[2025-07-07 12:22:57,279] [INFO] [_sm_handler.py::43] Current state: ready
[2025-07-07 12:22:57,332] [INFO] [_sm_handler.py::43] Current state: ready
[2025-07-07 12:22:57,385] [INFO] [_sm_handler.py::43] Current state: ready
[2025-07-07 12:22:57,437] [INFO] [_sm_handler.py::43] Current state: ready
[2025-07-07 12:22:57,490] [INFO] [_sm_handler.py::43] Current state: ready
[2025-07-07 12:22:57,542] [INFO] [_sm_handler.py::43] Current state: ready
[2025-07-07 12:22:57,594] [INFO] [_sm_handler.py::43] Current state: ready
[2025-07-07 12:22:57,647] [INFO] [_sm_handler.py::43] Current state: ready
[2025-07-07 12:22:57,699] [INFO] [_sm_handler.py::43] Current state: ready
[2025-07-07 12:22:57,751] [INFO] [_sm_handler.py::43] Current state: ready
[2025-07-07 12:22:57,804] [INFO] [_sm_handler.py::43] Current state: ready
[2025-07-07 12:22:57,856] [INFO] [_sm_handler.py::43] Current state: ready
[2025-07-07 12:22:57,913] [INFO] [_sm_handler.py::43] Current state: ready
[2025-07-07 12:22:57,969] [INFO] [_sm_handler.py::43] Current state: ready
[2025-07-07 12:22:58,021] [INFO] [_sm_handler.py::43] Current state: ready
[2025-07-07 12:22:58,074] [INFO] [_sm_handler.py::43] Current state: ready
[2025-07-07 12:22:58,126] [INFO] [_sm_handler.py::43] Current state: ready
[2025-07-07 12:22:58,178] [INFO] [_sm_handler.py::43] Current state: ready
[2025-07-07 12:22:58,231] [INFO] [_sm_handler.py::43] Current state: ready
[2025-07-07 12:22:58,283] [INFO] [_sm_handler.py::43] Current state: ready
[2025-07-07 12:22:58,335] [INFO] [_sm_handler.py::43] Current state: ready
[2025-07-07 12:22:58,387] [INFO] [_sm_handler.py::43] Current state: ready
[2025-07-07 12:22:58,440] [INFO] [_sm_handler.py::43] Current state: ready
[2025-07-07 12:23:06,458] [INFO] [_sm_handler.py::43] Current state: ready
[2025-07-07 12:23:06,510] [INFO] [_sm_handler.py::43] Current state: ready
[2025-07-07 12:23:06,563] [INFO] [_sm_handler.py::43] Current state: ready
[2025-07-07 12:23:06,615] [INFO] [_sm_handler.py::43] Current state: ready
[2025-07-07 12:23:06,667] [INFO] [_sm_handler.py::43] Current state: ready
[2025-07-07 12:23:06,719] [INFO] [_sm_handler.py::43] Current state: ready
[2025-07-07 12:23:06,772] [INFO] [_sm_handler.py::43] Current state: ready
[2025-07-07 12:23:06,824] [INFO] [_sm_handler.py::43] Current state: ready
[2025-07-07 12:23:06,876] [INFO] [_sm_handler.py::43] Current state: ready
[2025-07-07 12:23:06,929] [INFO] [_sm_handler.py::43] Current state: ready
[2025-07-07 12:23:06,981] [INFO] [_sm_handler.py::43] Current state: ready
[2025-07-07 12:23:07,034] [INFO] [_sm_handler.py::43] Current state: ready
[2025-07-07 12:23:07,086] [INFO] [_sm_handler.py::43] Current state: ready
[2025-07-07 12:23:07,138] [INFO] [_sm_handler.py::43] Current state: ready
[2025-07-07 12:23:07,191] [INFO] [_sm_handler.py::43] Current state: ready
[2025-07-07 12:23:07,243] [INFO] [_sm_handler.py::43] Current state: ready
[2025-07-07 12:23:07,295] [INFO] [_sm_handler.py::43] Current state: ready
[2025-07-07 12:23:07,348] [INFO] [_sm_handler.py::43] Current state: ready
[2025-07-07 12:23:07,400] [INFO] [_sm_handler.py::43] Current state: ready
[2025-07-07 12:23:07,452] [INFO] [_sm_handler.py::43] Current state: ready
[2025-07-07 12:23:07,507] [INFO] [_sm_handler.py::43] Current state: ready
[2025-07-07 12:23:07,562] [INFO] [_sm_handler.py::43] Current state: ready
[2025-07-07 12:23:07,614] [INFO] [_sm_handler.py::43] Current state: ready
[2025-07-07 12:23:07,667] [INFO] [_sm_handler.py::43] Current state: ready
[2025-07-07 12:23:07,719] [INFO] [_sm_handler.py::43] Current state: ready
[2025-07-07 12:23:07,771] [INFO] [_sm_handler.py::43] Current state: ready
[2025-07-07 12:23:07,823] [INFO] [_sm_handler.py::43] Current state: ready
[2025-07-07 12:23:07,876] [INFO] [_sm_handler.py::43] Current state: ready
[2025-07-07 12:23:07,928] [INFO] [_sm_handler.py::43] Current state: ready
[2025-07-07 12:23:07,980] [INFO] [_sm_handler.py::43] Current state: ready
[2025-07-07 12:23:08,033] [INFO] [_sm_handler.py::43] Current state: ready
[2025-07-07 12:23:08,089] [INFO] [_sm_handler.py::43] Current state: ready
[2025-07-07 12:23:08,144] [INFO] [_sm_handler.py::43] Current state: ready
[2025-07-07 12:23:08,197] [INFO] [_sm_handler.py::43] Current state: ready
[2025-07-07 12:23:08,249] [INFO] [_sm_handler.py::43] Current state: ready
[2025-07-07 12:23:08,302] [INFO] [_sm_handler.py::43] Current state: ready
[2025-07-07 12:23:08,354] [INFO] [_sm_handler.py::43] Current state: ready
[2025-07-07 12:23:08,407] [INFO] [_sm_handler.py::43] Current state: ready
[2025-07-07 12:23:08,459] [INFO] [_sm_handler.py::43] Current state: ready
[2025-07-07 12:23:16,476] [INFO] [_sm_handler.py::43] Current state: ready
[2025-07-07 12:23:16,528] [INFO] [_sm_handler.py::43] Current state: ready
[2025-07-07 12:23:16,581] [INFO] [_sm_handler.py::43] Current state: ready
[2025-07-07 12:23:16,634] [INFO] [_sm_handler.py::43] Current state: ready
[2025-07-07 12:23:16,686] [INFO] [_sm_handler.py::43] Current state: ready
[2025-07-07 12:23:16,739] [INFO] [_sm_handler.py::43] Current state: ready
[2025-07-07 12:23:16,792] [INFO] [_sm_handler.py::43] Current state: ready
[2025-07-07 12:23:16,845] [INFO] [_sm_handler.py::43] Current state: ready
[2025-07-07 12:23:16,897] [INFO] [_sm_handler.py::43] Current state: ready
[2025-07-07 12:23:16,950] [INFO] [_sm_handler.py::43] Current state: ready
[2025-07-07 12:23:17,003] [INFO] [_sm_handler.py::43] Current state: ready
[2025-07-07 12:23:17,055] [INFO] [_sm_handler.py::43] Current state: ready
[2025-07-07 12:23:17,107] [INFO] [_sm_handler.py::43] Current state: ready
[2025-07-07 12:23:17,160] [INFO] [_sm_handler.py::43] Current state: ready
[2025-07-07 12:23:17,212] [INFO] [_sm_handler.py::43] Current state: ready
[2025-07-07 12:23:17,265] [INFO] [_sm_handler.py::43] Current state: ready
[2025-07-07 12:23:17,317] [INFO] [_sm_handler.py::43] Current state: ready
[2025-07-07 12:23:17,369] [INFO] [_sm_handler.py::43] Current state: ready
[2025-07-07 12:23:17,421] [INFO] [_sm_handler.py::43] Current state: ready
[2025-07-07 12:23:17,473] [INFO] [_sm_handler.py::43] Current state: ready
[2025-07-07 12:23:17,526] [INFO] [_sm_handler.py::43] Current state: ready
[2025-07-07 12:23:17,578] [INFO] [_sm_handler.py::43] Current state: ready
[2025-07-07 12:23:17,631] [INFO] [_sm_handler.py::43] Current state: ready
[2025-07-07 12:23:17,685] [INFO] [_sm_handler.py::43] Current state: ready
[2025-07-07 12:23:17,737] [INFO] [_sm_handler.py::43] Current state: ready
[2025-07-07 12:23:17,790] [INFO] [_sm_handler.py::43] Current state: ready
[2025-07-07 12:23:17,842] [INFO] [_sm_handler.py::43] Current state: ready
[2025-07-07 12:23:17,895] [INFO] [_sm_handler.py::43] Current state: ready
[2025-07-07 12:23:17,947] [INFO] [_sm_handler.py::43] Current state: ready
[2025-07-07 12:23:17,999] [INFO] [_sm_handler.py::43] Current state: ready
[2025-07-07 12:23:18,051] [INFO] [_sm_handler.py::43] Current state: ready
[2025-07-07 12:23:18,104] [INFO] [_sm_handler.py::43] Current state: ready
[2025-07-07 12:23:18,156] [INFO] [_sm_handler.py::43] Current state: ready
[2025-07-07 12:23:18,209] [INFO] [_sm_handler.py::43] Current state: ready
[2025-07-07 12:23:18,265] [INFO] [_sm_handler.py::43] Current state: ready
[2025-07-07 12:23:18,317] [INFO] [_sm_handler.py::43] Current state: ready
[2025-07-07 12:23:18,370] [INFO] [_sm_handler.py::43] Current state: ready
[2025-07-07 12:23:18,422] [INFO] [_sm_handler.py::43] Current state: ready
[2025-07-07 12:23:18,475] [INFO] [_sm_handler.py::43] Current state: ready
[2025-07-07 12:23:26,492] [INFO] [_sm_handler.py::43] Current state: ready
[2025-07-07 12:23:26,544] [INFO] [_sm_handler.py::43] Current state: ready
[2025-07-07 12:23:26,597] [INFO] [_sm_handler.py::43] Current state: ready
[2025-07-07 12:23:26,650] [INFO] [_sm_handler.py::43] Current state: ready
[2025-07-07 12:23:26,702] [INFO] [_sm_handler.py::43] Current state: ready
[2025-07-07 12:23:26,755] [INFO] [_sm_handler.py::43] Current state: ready
[2025-07-07 12:23:26,807] [INFO] [_sm_handler.py::43] Current state: ready
[2025-07-07 12:23:26,860] [INFO] [_sm_handler.py::43] Current state: ready
[2025-07-07 12:23:26,912] [INFO] [_sm_handler.py::43] Current state: ready
[2025-07-07 12:23:26,965] [INFO] [_sm_handler.py::43] Current state: ready
[2025-07-07 12:23:27,018] [INFO] [_sm_handler.py::43] Current state: ready
[2025-07-07 12:23:27,070] [INFO] [_sm_handler.py::43] Current state: ready
[2025-07-07 12:23:27,123] [INFO] [_sm_handler.py::43] Current state: ready
[2025-07-07 12:23:27,175] [INFO] [_sm_handler.py::43] Current state: ready
[2025-07-07 12:23:27,229] [INFO] [_sm_handler.py::43] Current state: ready
[2025-07-07 12:23:27,281] [INFO] [_sm_handler.py::43] Current state: ready
[2025-07-07 12:23:27,333] [INFO] [_sm_handler.py::43] Current state: ready
[2025-07-07 12:23:27,385] [INFO] [_sm_handler.py::43] Current state: ready
[2025-07-07 12:23:27,438] [INFO] [_sm_handler.py::43] Current state: ready
[2025-07-07 12:23:27,490] [INFO] [_sm_handler.py::43] Current state: ready
[2025-07-07 12:23:27,543] [INFO] [_sm_handler.py::43] Current state: ready
[2025-07-07 12:23:27,595] [INFO] [_sm_handler.py::43] Current state: ready
[2025-07-07 12:23:27,647] [INFO] [_sm_handler.py::43] Current state: ready
[2025-07-07 12:23:27,699] [INFO] [_sm_handler.py::43] Current state: ready
[2025-07-07 12:23:27,752] [INFO] [_sm_handler.py::43] Current state: ready
[2025-07-07 12:23:27,807] [INFO] [_sm_handler.py::43] Current state: ready
[2025-07-07 12:23:27,862] [INFO] [_sm_handler.py::43] Current state: ready
[2025-07-07 12:23:27,914] [INFO] [_sm_handler.py::43] Current state: ready
[2025-07-07 12:23:27,966] [INFO] [_sm_handler.py::43] Current state: ready
[2025-07-07 12:23:28,019] [INFO] [_sm_handler.py::43] Current state: ready
[2025-07-07 12:23:28,071] [INFO] [_sm_handler.py::43] Current state: ready
[2025-07-07 12:23:28,123] [INFO] [_sm_handler.py::43] Current state: ready
[2025-07-07 12:23:28,176] [INFO] [_sm_handler.py::43] Current state: ready
[2025-07-07 12:23:28,229] [INFO] [_sm_handler.py::43] Current state: ready
[2025-07-07 12:23:28,281] [INFO] [_sm_handler.py::43] Current state: ready
[2025-07-07 12:23:28,333] [INFO] [_sm_handler.py::43] Current state: ready
[2025-07-07 12:23:28,388] [INFO] [_sm_handler.py::43] Current state: ready
[2025-07-07 12:23:28,443] [INFO] [_sm_handler.py::43] Current state: ready
[2025-07-07 12:23:36,509] [INFO] [_sm_handler.py::43] Current state: ready
[2025-07-07 12:23:36,562] [INFO] [_sm_handler.py::43] Current state: ready
[2025-07-07 12:23:36,614] [INFO] [_sm_handler.py::43] Current state: ready
[2025-07-07 12:23:36,666] [INFO] [_sm_handler.py::43] Current state: ready
[2025-07-07 12:23:36,718] [INFO] [_sm_handler.py::43] Current state: ready
[2025-07-07 12:23:36,771] [INFO] [_sm_handler.py::43] Current state: ready
[2025-07-07 12:23:36,823] [INFO] [_sm_handler.py::43] Current state: ready
[2025-07-07 12:23:36,876] [INFO] [_sm_handler.py::43] Current state: ready
[2025-07-07 12:23:36,928] [INFO] [_sm_handler.py::43] Current state: ready
[2025-07-07 12:23:36,981] [INFO] [_sm_handler.py::43] Current state: ready
[2025-07-07 12:23:37,033] [INFO] [_sm_handler.py::43] Current state: ready
[2025-07-07 12:23:37,086] [INFO] [_sm_handler.py::43] Current state: ready
[2025-07-07 12:23:37,138] [INFO] [_sm_handler.py::43] Current state: ready
[2025-07-07 12:23:37,190] [INFO] [_sm_handler.py::43] Current state: ready
[2025-07-07 12:23:37,243] [INFO] [_sm_handler.py::43] Current state: ready
[2025-07-07 12:23:37,295] [INFO] [_sm_handler.py::43] Current state: ready
[2025-07-07 12:23:37,347] [INFO] [_sm_handler.py::43] Current state: ready
[2025-07-07 12:23:37,399] [INFO] [_sm_handler.py::43] Current state: ready
[2025-07-07 12:23:37,451] [INFO] [_sm_handler.py::43] Current state: ready
[2025-07-07 12:23:37,503] [INFO] [_sm_handler.py::43] Current state: ready
[2025-07-07 12:23:37,556] [INFO] [_sm_handler.py::43] Current state: ready
[2025-07-07 12:23:37,608] [INFO] [_sm_handler.py::43] Current state: ready
[2025-07-07 12:23:37,660] [INFO] [_sm_handler.py::43] Current state: ready
[2025-07-07 12:23:37,713] [INFO] [_sm_handler.py::43] Current state: ready
[2025-07-07 12:23:37,765] [INFO] [_sm_handler.py::43] Current state: ready
[2025-07-07 12:23:37,817] [INFO] [_sm_handler.py::43] Current state: ready
[2025-07-07 12:23:37,869] [INFO] [_sm_handler.py::43] Current state: ready
[2025-07-07 12:23:37,922] [INFO] [_sm_handler.py::43] Current state: ready
[2025-07-07 12:23:37,974] [INFO] [_sm_handler.py::43] Current state: ready
[2025-07-07 12:23:38,031] [INFO] [_sm_handler.py::43] Current state: ready
[2025-07-07 12:23:38,083] [INFO] [_sm_handler.py::43] Current state: ready
[2025-07-07 12:23:38,135] [INFO] [_sm_handler.py::43] Current state: ready
[2025-07-07 12:23:38,188] [INFO] [_sm_handler.py::43] Current state: ready
[2025-07-07 12:23:38,240] [INFO] [_sm_handler.py::43] Current state: ready
[2025-07-07 12:23:38,292] [INFO] [_sm_handler.py::43] Current state: ready
[2025-07-07 12:23:38,344] [INFO] [_sm_handler.py::43] Current state: ready
[2025-07-07 12:23:38,397] [INFO] [_sm_handler.py::43] Current state: ready
[2025-07-07 12:23:38,449] [INFO] [_sm_handler.py::43] Current state: ready
[2025-07-07 12:23:38,502] [INFO] [_sm_handler.py::43] Current state: ready
[2025-07-07 12:23:46,527] [INFO] [_sm_handler.py::43] Current state: ready
[2025-07-07 12:23:46,579] [INFO] [_sm_handler.py::43] Current state: ready
[2025-07-07 12:23:46,632] [INFO] [_sm_handler.py::43] Current state: ready
[2025-07-07 12:23:46,684] [INFO] [_sm_handler.py::43] Current state: ready
[2025-07-07 12:23:46,736] [INFO] [_sm_handler.py::43] Current state: ready
[2025-07-07 12:23:46,789] [INFO] [_sm_handler.py::43] Current state: ready
[2025-07-07 12:23:46,841] [INFO] [_sm_handler.py::43] Current state: ready
[2025-07-07 12:23:46,893] [INFO] [_sm_handler.py::43] Current state: ready
[2025-07-07 12:23:46,945] [INFO] [_sm_handler.py::43] Current state: ready
[2025-07-07 12:23:46,998] [INFO] [_sm_handler.py::43] Current state: ready
[2025-07-07 12:23:47,050] [INFO] [_sm_handler.py::43] Current state: ready
[2025-07-07 12:23:47,103] [INFO] [_sm_handler.py::43] Current state: ready
[2025-07-07 12:23:47,156] [INFO] [_sm_handler.py::43] Current state: ready
[2025-07-07 12:23:47,208] [INFO] [_sm_handler.py::43] Current state: ready
[2025-07-07 12:23:47,260] [INFO] [_sm_handler.py::43] Current state: ready
[2025-07-07 12:23:47,313] [INFO] [_sm_handler.py::43] Current state: ready
[2025-07-07 12:23:47,365] [INFO] [_sm_handler.py::43] Current state: ready
[2025-07-07 12:23:47,417] [INFO] [_sm_handler.py::43] Current state: ready
[2025-07-07 12:23:47,469] [INFO] [_sm_handler.py::43] Current state: ready
[2025-07-07 12:23:47,522] [INFO] [_sm_handler.py::43] Current state: ready
[2025-07-07 12:23:47,574] [INFO] [_sm_handler.py::43] Current state: ready
[2025-07-07 12:23:47,626] [INFO] [_sm_handler.py::43] Current state: ready
[2025-07-07 12:23:47,679] [INFO] [_sm_handler.py::43] Current state: ready
[2025-07-07 12:23:47,731] [INFO] [_sm_handler.py::43] Current state: ready
[2025-07-07 12:23:47,783] [INFO] [_sm_handler.py::43] Current state: ready
[2025-07-07 12:23:47,835] [INFO] [_sm_handler.py::43] Current state: ready
[2025-07-07 12:23:47,888] [INFO] [_sm_handler.py::43] Current state: ready
[2025-07-07 12:23:47,940] [INFO] [_sm_handler.py::43] Current state: ready
[2025-07-07 12:23:47,993] [INFO] [_sm_handler.py::43] Current state: ready
[2025-07-07 12:23:48,045] [INFO] [_sm_handler.py::43] Current state: ready
[2025-07-07 12:23:48,098] [INFO] [_sm_handler.py::43] Current state: ready
[2025-07-07 12:23:48,150] [INFO] [_sm_handler.py::43] Current state: ready
[2025-07-07 12:23:48,202] [INFO] [_sm_handler.py::43] Current state: ready
[2025-07-07 12:23:48,255] [INFO] [_sm_handler.py::43] Current state: ready
[2025-07-07 12:23:48,308] [INFO] [_sm_handler.py::43] Current state: ready
[2025-07-07 12:23:48,360] [INFO] [_sm_handler.py::43] Current state: ready
[2025-07-07 12:23:48,413] [INFO] [_sm_handler.py::43] Current state: ready
[2025-07-07 12:23:48,465] [INFO] [_sm_handler.py::43] Current state: ready
[2025-07-07 12:23:48,518] [INFO] [_sm_handler.py::43] Current state: ready
[2025-07-07 12:23:56,542] [INFO] [_sm_handler.py::43] Current state: ready
[2025-07-07 12:23:56,594] [INFO] [_sm_handler.py::43] Current state: ready
[2025-07-07 12:23:56,646] [INFO] [_sm_handler.py::43] Current state: ready
[2025-07-07 12:23:56,699] [INFO] [_sm_handler.py::43] Current state: ready
[2025-07-07 12:23:56,751] [INFO] [_sm_handler.py::43] Current state: ready
[2025-07-07 12:23:56,804] [INFO] [_sm_handler.py::43] Current state: ready
[2025-07-07 12:23:56,856] [INFO] [_sm_handler.py::43] Current state: ready
[2025-07-07 12:23:56,909] [INFO] [_sm_handler.py::43] Current state: ready
[2025-07-07 12:23:56,961] [INFO] [_sm_handler.py::43] Current state: ready
[2025-07-07 12:23:57,014] [INFO] [_sm_handler.py::43] Current state: ready
[2025-07-07 12:23:57,066] [INFO] [_sm_handler.py::43] Current state: ready
[2025-07-07 12:23:57,118] [INFO] [_sm_handler.py::43] Current state: ready
[2025-07-07 12:23:57,171] [INFO] [_sm_handler.py::43] Current state: ready
[2025-07-07 12:23:57,223] [INFO] [_sm_handler.py::43] Current state: ready
[2025-07-07 12:23:57,275] [INFO] [_sm_handler.py::43] Current state: ready
[2025-07-07 12:23:57,327] [INFO] [_sm_handler.py::43] Current state: ready
[2025-07-07 12:23:57,380] [INFO] [_sm_handler.py::43] Current state: ready
[2025-07-07 12:23:57,432] [INFO] [_sm_handler.py::43] Current state: ready
[2025-07-07 12:23:57,484] [INFO] [_sm_handler.py::43] Current state: ready
[2025-07-07 12:23:57,536] [INFO] [_sm_handler.py::43] Current state: ready
[2025-07-07 12:23:57,589] [INFO] [_sm_handler.py::43] Current state: ready
[2025-07-07 12:23:57,641] [INFO] [_sm_handler.py::43] Current state: ready
[2025-07-07 12:23:57,694] [INFO] [_sm_handler.py::43] Current state: ready
[2025-07-07 12:23:57,747] [INFO] [_sm_handler.py::43] Current state: ready
[2025-07-07 12:23:57,799] [INFO] [_sm_handler.py::43] Current state: ready
[2025-07-07 12:23:57,851] [INFO] [_sm_handler.py::43] Current state: ready
[2025-07-07 12:23:57,904] [INFO] [_sm_handler.py::43] Current state: ready
[2025-07-07 12:23:57,957] [INFO] [_sm_handler.py::43] Current state: ready
[2025-07-07 12:23:58,009] [INFO] [_sm_handler.py::43] Current state: ready
[2025-07-07 12:23:58,062] [INFO] [_sm_handler.py::43] Current state: ready
[2025-07-07 12:23:58,114] [INFO] [_sm_handler.py::43] Current state: ready
[2025-07-07 12:23:58,167] [INFO] [_sm_handler.py::43] Current state: ready
[2025-07-07 12:23:58,219] [INFO] [_sm_handler.py::43] Current state: ready
[2025-07-07 12:23:58,271] [INFO] [_sm_handler.py::43] Current state: ready
[2025-07-07 12:23:58,323] [INFO] [_sm_handler.py::43] Current state: ready
[2025-07-07 12:23:58,376] [INFO] [_sm_handler.py::43] Current state: ready
[2025-07-07 12:23:58,428] [INFO] [_sm_handler.py::43] Current state: ready
[2025-07-07 12:23:58,485] [INFO] [_sm_handler.py::43] Current state: ready
[2025-07-07 12:23:58,542] [INFO] [_sm_handler.py::43] Current state: ready
[2025-07-07 12:24:06,560] [INFO] [_sm_handler.py::43] Current state: ready
[2025-07-07 12:24:06,612] [INFO] [_sm_handler.py::43] Current state: ready
[2025-07-07 12:24:06,665] [INFO] [_sm_handler.py::43] Current state: ready
[2025-07-07 12:24:06,717] [INFO] [_sm_handler.py::43] Current state: ready
[2025-07-07 12:24:06,769] [INFO] [_sm_handler.py::43] Current state: ready
[2025-07-07 12:24:06,822] [INFO] [_sm_handler.py::43] Current state: ready
[2025-07-07 12:24:06,874] [INFO] [_sm_handler.py::43] Current state: ready
[2025-07-07 12:24:06,926] [INFO] [_sm_handler.py::43] Current state: ready
[2025-07-07 12:24:06,979] [INFO] [_sm_handler.py::43] Current state: ready
[2025-07-07 12:24:07,031] [INFO] [_sm_handler.py::43] Current state: ready
[2025-07-07 12:24:07,083] [INFO] [_sm_handler.py::43] Current state: ready
[2025-07-07 12:24:07,136] [INFO] [_sm_handler.py::43] Current state: ready
[2025-07-07 12:24:07,188] [INFO] [_sm_handler.py::43] Current state: ready
[2025-07-07 12:24:07,241] [INFO] [_sm_handler.py::43] Current state: ready
[2025-07-07 12:24:07,293] [INFO] [_sm_handler.py::43] Current state: ready
[2025-07-07 12:24:07,345] [INFO] [_sm_handler.py::43] Current state: ready
[2025-07-07 12:24:07,398] [INFO] [_sm_handler.py::43] Current state: ready
[2025-07-07 12:24:07,450] [INFO] [_sm_handler.py::43] Current state: ready
[2025-07-07 12:24:07,503] [INFO] [_sm_handler.py::43] Current state: ready
[2025-07-07 12:24:07,555] [INFO] [_sm_handler.py::43] Current state: ready
[2025-07-07 12:24:07,608] [INFO] [_sm_handler.py::43] Current state: ready
[2025-07-07 12:24:07,660] [INFO] [_sm_handler.py::43] Current state: ready
[2025-07-07 12:24:07,713] [INFO] [_sm_handler.py::43] Current state: ready
[2025-07-07 12:24:07,765] [INFO] [_sm_handler.py::43] Current state: ready
[2025-07-07 12:24:07,817] [INFO] [_sm_handler.py::43] Current state: ready
[2025-07-07 12:24:07,869] [INFO] [_sm_handler.py::43] Current state: ready
[2025-07-07 12:24:07,921] [INFO] [_sm_handler.py::43] Current state: ready
[2025-07-07 12:24:07,973] [INFO] [_sm_handler.py::43] Current state: ready
[2025-07-07 12:24:08,026] [INFO] [_sm_handler.py::43] Current state: ready
[2025-07-07 12:24:08,078] [INFO] [_sm_handler.py::43] Current state: ready
[2025-07-07 12:24:08,130] [INFO] [_sm_handler.py::43] Current state: ready
[2025-07-07 12:24:08,183] [INFO] [_sm_handler.py::43] Current state: ready
[2025-07-07 12:24:08,235] [INFO] [_sm_handler.py::43] Current state: ready
[2025-07-07 12:24:08,287] [INFO] [_sm_handler.py::43] Current state: ready
[2025-07-07 12:24:08,340] [INFO] [_sm_handler.py::43] Current state: ready
[2025-07-07 12:24:08,393] [INFO] [_sm_handler.py::43] Current state: ready
[2025-07-07 12:24:08,445] [INFO] [_sm_handler.py::43] Current state: ready
[2025-07-07 12:24:08,497] [INFO] [_sm_handler.py::43] Current state: ready
[2025-07-07 12:24:08,549] [INFO] [_sm_handler.py::43] Current state: ready
[2025-07-07 12:24:16,578] [INFO] [_sm_handler.py::43] Current state: ready
[2025-07-07 12:24:16,630] [INFO] [_sm_handler.py::43] Current state: ready
[2025-07-07 12:24:16,682] [INFO] [_sm_handler.py::43] Current state: ready
[2025-07-07 12:24:16,735] [INFO] [_sm_handler.py::43] Current state: ready
[2025-07-07 12:24:16,787] [INFO] [_sm_handler.py::43] Current state: ready
[2025-07-07 12:24:16,840] [INFO] [_sm_handler.py::43] Current state: ready
[2025-07-07 12:24:16,892] [INFO] [_sm_handler.py::43] Current state: ready
[2025-07-07 12:24:16,945] [INFO] [_sm_handler.py::43] Current state: ready
[2025-07-07 12:24:16,998] [INFO] [_sm_handler.py::43] Current state: ready
[2025-07-07 12:24:17,050] [INFO] [_sm_handler.py::43] Current state: ready
[2025-07-07 12:24:17,102] [INFO] [_sm_handler.py::43] Current state: ready
[2025-07-07 12:24:17,154] [INFO] [_sm_handler.py::43] Current state: ready
[2025-07-07 12:24:17,206] [INFO] [_sm_handler.py::43] Current state: ready
[2025-07-07 12:24:17,259] [INFO] [_sm_handler.py::43] Current state: ready
[2025-07-07 12:24:17,311] [INFO] [_sm_handler.py::43] Current state: ready
[2025-07-07 12:24:17,364] [INFO] [_sm_handler.py::43] Current state: ready
[2025-07-07 12:24:17,416] [INFO] [_sm_handler.py::43] Current state: ready
[2025-07-07 12:24:17,468] [INFO] [_sm_handler.py::43] Current state: ready
[2025-07-07 12:24:17,520] [INFO] [_sm_handler.py::43] Current state: ready
[2025-07-07 12:24:17,572] [INFO] [_sm_handler.py::43] Current state: ready
[2025-07-07 12:24:17,624] [INFO] [_sm_handler.py::43] Current state: ready
[2025-07-07 12:24:17,677] [INFO] [_sm_handler.py::43] Current state: ready
[2025-07-07 12:24:17,729] [INFO] [_sm_handler.py::43] Current state: ready
[2025-07-07 12:24:17,781] [INFO] [_sm_handler.py::43] Current state: ready
[2025-07-07 12:24:17,834] [INFO] [_sm_handler.py::43] Current state: ready
[2025-07-07 12:24:17,887] [INFO] [_sm_handler.py::43] Current state: ready
[2025-07-07 12:24:17,939] [INFO] [_sm_handler.py::43] Current state: ready
[2025-07-07 12:24:17,992] [INFO] [_sm_handler.py::43] Current state: ready
[2025-07-07 12:24:18,044] [INFO] [_sm_handler.py::43] Current state: ready
[2025-07-07 12:24:18,097] [INFO] [_sm_handler.py::43] Current state: ready
[2025-07-07 12:24:18,149] [INFO] [_sm_handler.py::43] Current state: ready
[2025-07-07 12:24:18,201] [INFO] [_sm_handler.py::43] Current state: ready
[2025-07-07 12:24:18,254] [INFO] [_sm_handler.py::43] Current state: ready
[2025-07-07 12:24:18,306] [INFO] [_sm_handler.py::43] Current state: ready
[2025-07-07 12:24:18,358] [INFO] [_sm_handler.py::43] Current state: ready
[2025-07-07 12:24:18,411] [INFO] [_sm_handler.py::43] Current state: ready
[2025-07-07 12:24:18,463] [INFO] [_sm_handler.py::43] Current state: ready
[2025-07-07 12:24:18,516] [INFO] [_sm_handler.py::43] Current state: ready
[2025-07-07 12:24:18,569] [INFO] [_sm_handler.py::43] Current state: ready
[2025-07-07 12:24:26,594] [INFO] [_sm_handler.py::43] Current state: ready
[2025-07-07 12:24:26,646] [INFO] [_sm_handler.py::43] Current state: ready
[2025-07-07 12:24:26,698] [INFO] [_sm_handler.py::43] Current state: ready
[2025-07-07 12:24:26,750] [INFO] [_sm_handler.py::43] Current state: ready
[2025-07-07 12:24:26,803] [INFO] [_sm_handler.py::43] Current state: ready
[2025-07-07 12:24:26,856] [INFO] [_sm_handler.py::43] Current state: ready
[2025-07-07 12:24:26,908] [INFO] [_sm_handler.py::43] Current state: ready
[2025-07-07 12:24:26,960] [INFO] [_sm_handler.py::43] Current state: ready
[2025-07-07 12:24:27,013] [INFO] [_sm_handler.py::43] Current state: ready
[2025-07-07 12:24:27,065] [INFO] [_sm_handler.py::43] Current state: ready
[2025-07-07 12:24:27,117] [INFO] [_sm_handler.py::43] Current state: ready
[2025-07-07 12:24:27,170] [INFO] [_sm_handler.py::43] Current state: ready
[2025-07-07 12:24:27,222] [INFO] [_sm_handler.py::43] Current state: ready
[2025-07-07 12:24:27,275] [INFO] [_sm_handler.py::43] Current state: ready
[2025-07-07 12:24:27,328] [INFO] [_sm_handler.py::43] Current state: ready
[2025-07-07 12:24:27,380] [INFO] [_sm_handler.py::43] Current state: ready
[2025-07-07 12:24:27,433] [INFO] [_sm_handler.py::43] Current state: ready
[2025-07-07 12:24:27,485] [INFO] [_sm_handler.py::43] Current state: ready
[2025-07-07 12:24:27,537] [INFO] [_sm_handler.py::43] Current state: ready
[2025-07-07 12:24:27,589] [INFO] [_sm_handler.py::43] Current state: ready
[2025-07-07 12:24:27,641] [INFO] [_sm_handler.py::43] Current state: ready
[2025-07-07 12:24:27,693] [INFO] [_sm_handler.py::43] Current state: ready
[2025-07-07 12:24:27,746] [INFO] [_sm_handler.py::43] Current state: ready
[2025-07-07 12:24:27,798] [INFO] [_sm_handler.py::43] Current state: ready
[2025-07-07 12:24:27,850] [INFO] [_sm_handler.py::43] Current state: ready
[2025-07-07 12:24:27,902] [INFO] [_sm_handler.py::43] Current state: ready
[2025-07-07 12:24:27,954] [INFO] [_sm_handler.py::43] Current state: ready
[2025-07-07 12:24:28,007] [INFO] [_sm_handler.py::43] Current state: ready
[2025-07-07 12:24:28,060] [INFO] [_sm_handler.py::43] Current state: ready
[2025-07-07 12:24:28,112] [INFO] [_sm_handler.py::43] Current state: ready
[2025-07-07 12:24:28,164] [INFO] [_sm_handler.py::43] Current state: ready
[2025-07-07 12:24:28,217] [INFO] [_sm_handler.py::43] Current state: ready
[2025-07-07 12:24:28,269] [INFO] [_sm_handler.py::43] Current state: ready
[2025-07-07 12:24:28,321] [INFO] [_sm_handler.py::43] Current state: ready
[2025-07-07 12:24:28,373] [INFO] [_sm_handler.py::43] Current state: ready
[2025-07-07 12:24:28,426] [INFO] [_sm_handler.py::43] Current state: ready
[2025-07-07 12:24:28,478] [INFO] [_sm_handler.py::43] Current state: ready
[2025-07-07 12:24:28,531] [INFO] [_sm_handler.py::43] Current state: ready
[2025-07-07 12:24:28,584] [INFO] [_sm_handler.py::43] Current state: ready
[2025-07-07 12:24:36,610] [INFO] [_sm_handler.py::43] Current state: ready
[2025-07-07 12:24:36,662] [INFO] [_sm_handler.py::43] Current state: ready
[2025-07-07 12:24:36,715] [INFO] [_sm_handler.py::43] Current state: ready
[2025-07-07 12:24:36,767] [INFO] [_sm_handler.py::43] Current state: ready
[2025-07-07 12:24:36,820] [INFO] [_sm_handler.py::43] Current state: ready
[2025-07-07 12:24:36,872] [INFO] [_sm_handler.py::43] Current state: ready
[2025-07-07 12:24:36,925] [INFO] [_sm_handler.py::43] Current state: ready
[2025-07-07 12:24:36,977] [INFO] [_sm_handler.py::43] Current state: ready
[2025-07-07 12:24:37,030] [INFO] [_sm_handler.py::43] Current state: ready
[2025-07-07 12:24:37,082] [INFO] [_sm_handler.py::43] Current state: ready
[2025-07-07 12:24:37,135] [INFO] [_sm_handler.py::43] Current state: ready
[2025-07-07 12:24:37,187] [INFO] [_sm_handler.py::43] Current state: ready
[2025-07-07 12:24:37,240] [INFO] [_sm_handler.py::43] Current state: ready
[2025-07-07 12:24:37,292] [INFO] [_sm_handler.py::43] Current state: ready
[2025-07-07 12:24:37,344] [INFO] [_sm_handler.py::43] Current state: ready
[2025-07-07 12:24:37,397] [INFO] [_sm_handler.py::43] Current state: ready
[2025-07-07 12:24:37,449] [INFO] [_sm_handler.py::43] Current state: ready
[2025-07-07 12:24:37,502] [INFO] [_sm_handler.py::43] Current state: ready
[2025-07-07 12:24:37,555] [INFO] [_sm_handler.py::43] Current state: ready
[2025-07-07 12:24:37,607] [INFO] [_sm_handler.py::43] Current state: ready
[2025-07-07 12:24:37,660] [INFO] [_sm_handler.py::43] Current state: ready
[2025-07-07 12:24:37,712] [INFO] [_sm_handler.py::43] Current state: ready
[2025-07-07 12:24:37,764] [INFO] [_sm_handler.py::43] Current state: ready
[2025-07-07 12:24:37,817] [INFO] [_sm_handler.py::43] Current state: ready
[2025-07-07 12:24:37,869] [INFO] [_sm_handler.py::43] Current state: ready
[2025-07-07 12:24:37,922] [INFO] [_sm_handler.py::43] Current state: ready
[2025-07-07 12:24:37,974] [INFO] [_sm_handler.py::43] Current state: ready
[2025-07-07 12:24:38,026] [INFO] [_sm_handler.py::43] Current state: ready
[2025-07-07 12:24:38,078] [INFO] [_sm_handler.py::43] Current state: ready
[2025-07-07 12:24:38,131] [INFO] [_sm_handler.py::43] Current state: ready
[2025-07-07 12:24:38,183] [INFO] [_sm_handler.py::43] Current state: ready
[2025-07-07 12:24:38,236] [INFO] [_sm_handler.py::43] Current state: ready
[2025-07-07 12:24:38,288] [INFO] [_sm_handler.py::43] Current state: ready
[2025-07-07 12:24:38,341] [INFO] [_sm_handler.py::43] Current state: ready
[2025-07-07 12:24:38,393] [INFO] [_sm_handler.py::43] Current state: ready
[2025-07-07 12:24:38,446] [INFO] [_sm_handler.py::43] Current state: ready
[2025-07-07 12:24:38,499] [INFO] [_sm_handler.py::43] Current state: ready
[2025-07-07 12:24:38,551] [INFO] [_sm_handler.py::43] Current state: ready
[2025-07-07 12:24:38,604] [INFO] [_sm_handler.py::43] Current state: ready
[2025-07-07 12:24:46,628] [INFO] [_sm_handler.py::43] Current state: ready
[2025-07-07 12:24:46,680] [INFO] [_sm_handler.py::43] Current state: ready
[2025-07-07 12:24:46,732] [INFO] [_sm_handler.py::43] Current state: ready
[2025-07-07 12:24:46,785] [INFO] [_sm_handler.py::43] Current state: ready
[2025-07-07 12:24:46,837] [INFO] [_sm_handler.py::43] Current state: ready
[2025-07-07 12:24:46,890] [INFO] [_sm_handler.py::43] Current state: ready
[2025-07-07 12:24:46,942] [INFO] [_sm_handler.py::43] Current state: ready
[2025-07-07 12:24:46,994] [INFO] [_sm_handler.py::43] Current state: ready
[2025-07-07 12:24:47,047] [INFO] [_sm_handler.py::43] Current state: ready
[2025-07-07 12:24:47,099] [INFO] [_sm_handler.py::43] Current state: ready
[2025-07-07 12:24:47,151] [INFO] [_sm_handler.py::43] Current state: ready
[2025-07-07 12:24:47,203] [INFO] [_sm_handler.py::43] Current state: ready
[2025-07-07 12:24:47,256] [INFO] [_sm_handler.py::43] Current state: ready
[2025-07-07 12:24:47,308] [INFO] [_sm_handler.py::43] Current state: ready
[2025-07-07 12:24:47,361] [INFO] [_sm_handler.py::43] Current state: ready
[2025-07-07 12:24:47,413] [INFO] [_sm_handler.py::43] Current state: ready
[2025-07-07 12:24:47,466] [INFO] [_sm_handler.py::43] Current state: ready
[2025-07-07 12:24:47,518] [INFO] [_sm_handler.py::43] Current state: ready
[2025-07-07 12:24:47,570] [INFO] [_sm_handler.py::43] Current state: ready
[2025-07-07 12:24:47,623] [INFO] [_sm_handler.py::43] Current state: ready
[2025-07-07 12:24:47,675] [INFO] [_sm_handler.py::43] Current state: ready
[2025-07-07 12:24:47,727] [INFO] [_sm_handler.py::43] Current state: ready
[2025-07-07 12:24:47,780] [INFO] [_sm_handler.py::43] Current state: ready
[2025-07-07 12:24:47,832] [INFO] [_sm_handler.py::43] Current state: ready
[2025-07-07 12:24:47,885] [INFO] [_sm_handler.py::43] Current state: ready
[2025-07-07 12:24:47,937] [INFO] [_sm_handler.py::43] Current state: ready
[2025-07-07 12:24:47,990] [INFO] [_sm_handler.py::43] Current state: ready
[2025-07-07 12:24:48,042] [INFO] [_sm_handler.py::43] Current state: ready
[2025-07-07 12:24:48,095] [INFO] [_sm_handler.py::43] Current state: ready
[2025-07-07 12:24:48,147] [INFO] [_sm_handler.py::43] Current state: ready
[2025-07-07 12:24:48,199] [INFO] [_sm_handler.py::43] Current state: ready
[2025-07-07 12:24:48,251] [INFO] [_sm_handler.py::43] Current state: ready
[2025-07-07 12:24:48,304] [INFO] [_sm_handler.py::43] Current state: ready
[2025-07-07 12:24:48,356] [INFO] [_sm_handler.py::43] Current state: ready
[2025-07-07 12:24:48,409] [INFO] [_sm_handler.py::43] Current state: ready
[2025-07-07 12:24:48,461] [INFO] [_sm_handler.py::43] Current state: ready
[2025-07-07 12:24:48,514] [INFO] [_sm_handler.py::43] Current state: ready
[2025-07-07 12:24:48,567] [INFO] [_sm_handler.py::43] Current state: ready
[2025-07-07 12:24:48,619] [INFO] [_sm_handler.py::43] Current state: ready
[2025-07-07 12:24:56,645] [INFO] [_sm_handler.py::43] Current state: ready
[2025-07-07 12:24:56,697] [INFO] [_sm_handler.py::43] Current state: ready
[2025-07-07 12:24:56,750] [INFO] [_sm_handler.py::43] Current state: ready
[2025-07-07 12:24:56,802] [INFO] [_sm_handler.py::43] Current state: ready
[2025-07-07 12:24:56,855] [INFO] [_sm_handler.py::43] Current state: ready
[2025-07-07 12:24:56,907] [INFO] [_sm_handler.py::43] Current state: ready
[2025-07-07 12:24:56,960] [INFO] [_sm_handler.py::43] Current state: ready
[2025-07-07 12:24:57,012] [INFO] [_sm_handler.py::43] Current state: ready
[2025-07-07 12:24:57,065] [INFO] [_sm_handler.py::43] Current state: ready
[2025-07-07 12:24:57,117] [INFO] [_sm_handler.py::43] Current state: ready
[2025-07-07 12:24:57,169] [INFO] [_sm_handler.py::43] Current state: ready
[2025-07-07 12:24:57,221] [INFO] [_sm_handler.py::43] Current state: ready
[2025-07-07 12:24:57,274] [INFO] [_sm_handler.py::43] Current state: ready
[2025-07-07 12:24:57,326] [INFO] [_sm_handler.py::43] Current state: ready
[2025-07-07 12:24:57,378] [INFO] [_sm_handler.py::43] Current state: ready
[2025-07-07 12:24:57,431] [INFO] [_sm_handler.py::43] Current state: ready
[2025-07-07 12:24:57,483] [INFO] [_sm_handler.py::43] Current state: ready
[2025-07-07 12:24:57,536] [INFO] [_sm_handler.py::43] Current state: ready
[2025-07-07 12:24:57,588] [INFO] [_sm_handler.py::43] Current state: ready
[2025-07-07 12:24:57,640] [INFO] [_sm_handler.py::43] Current state: ready
[2025-07-07 12:24:57,693] [INFO] [_sm_handler.py::43] Current state: ready
[2025-07-07 12:24:57,745] [INFO] [_sm_handler.py::43] Current state: ready
[2025-07-07 12:24:57,798] [INFO] [_sm_handler.py::43] Current state: ready
[2025-07-07 12:24:57,850] [INFO] [_sm_handler.py::43] Current state: ready
[2025-07-07 12:24:57,903] [INFO] [_sm_handler.py::43] Current state: ready
[2025-07-07 12:24:57,955] [INFO] [_sm_handler.py::43] Current state: ready
[2025-07-07 12:24:58,008] [INFO] [_sm_handler.py::43] Current state: ready
[2025-07-07 12:24:58,060] [INFO] [_sm_handler.py::43] Current state: ready
[2025-07-07 12:24:58,113] [INFO] [_sm_handler.py::43] Current state: ready
[2025-07-07 12:24:58,165] [INFO] [_sm_handler.py::43] Current state: ready
[2025-07-07 12:24:58,217] [INFO] [_sm_handler.py::43] Current state: ready
[2025-07-07 12:24:58,270] [INFO] [_sm_handler.py::43] Current state: ready
[2025-07-07 12:24:58,322] [INFO] [_sm_handler.py::43] Current state: ready
[2025-07-07 12:24:58,374] [INFO] [_sm_handler.py::43] Current state: ready
[2025-07-07 12:24:58,427] [INFO] [_sm_handler.py::43] Current state: ready
[2025-07-07 12:24:58,479] [INFO] [_sm_handler.py::43] Current state: ready
[2025-07-07 12:24:58,531] [INFO] [_sm_handler.py::43] Current state: ready
[2025-07-07 12:24:58,584] [INFO] [_sm_handler.py::43] Current state: ready
[2025-07-07 12:24:58,637] [INFO] [_sm_handler.py::43] Current state: ready
[2025-07-07 12:25:06,662] [INFO] [_sm_handler.py::43] Current state: ready
[2025-07-07 12:25:06,715] [INFO] [_sm_handler.py::43] Current state: ready
[2025-07-07 12:25:06,768] [INFO] [_sm_handler.py::43] Current state: ready
[2025-07-07 12:25:06,821] [INFO] [_sm_handler.py::43] Current state: ready
[2025-07-07 12:25:06,874] [INFO] [_sm_handler.py::43] Current state: ready
[2025-07-07 12:25:06,926] [INFO] [_sm_handler.py::43] Current state: ready
[2025-07-07 12:25:06,979] [INFO] [_sm_handler.py::43] Current state: ready
[2025-07-07 12:25:07,031] [INFO] [_sm_handler.py::43] Current state: ready
[2025-07-07 12:25:07,084] [INFO] [_sm_handler.py::43] Current state: ready
[2025-07-07 12:25:07,136] [INFO] [_sm_handler.py::43] Current state: ready
[2025-07-07 12:25:07,188] [INFO] [_sm_handler.py::43] Current state: ready
[2025-07-07 12:25:07,241] [INFO] [_sm_handler.py::43] Current state: ready
[2025-07-07 12:25:07,293] [INFO] [_sm_handler.py::43] Current state: ready
[2025-07-07 12:25:07,346] [INFO] [_sm_handler.py::43] Current state: ready
[2025-07-07 12:25:07,398] [INFO] [_sm_handler.py::43] Current state: ready
[2025-07-07 12:25:07,450] [INFO] [_sm_handler.py::43] Current state: ready
[2025-07-07 12:25:07,503] [INFO] [_sm_handler.py::43] Current state: ready
[2025-07-07 12:25:07,555] [INFO] [_sm_handler.py::43] Current state: ready
[2025-07-07 12:25:07,607] [INFO] [_sm_handler.py::43] Current state: ready
[2025-07-07 12:25:07,660] [INFO] [_sm_handler.py::43] Current state: ready
[2025-07-07 12:25:07,712] [INFO] [_sm_handler.py::43] Current state: ready
[2025-07-07 12:25:07,764] [INFO] [_sm_handler.py::43] Current state: ready
[2025-07-07 12:25:07,816] [INFO] [_sm_handler.py::43] Current state: ready
[2025-07-07 12:25:07,868] [INFO] [_sm_handler.py::43] Current state: ready
[2025-07-07 12:25:07,921] [INFO] [_sm_handler.py::43] Current state: ready
[2025-07-07 12:25:07,973] [INFO] [_sm_handler.py::43] Current state: ready
[2025-07-07 12:25:08,025] [INFO] [_sm_handler.py::43] Current state: ready
[2025-07-07 12:25:08,078] [INFO] [_sm_handler.py::43] Current state: ready
[2025-07-07 12:25:08,130] [INFO] [_sm_handler.py::43] Current state: ready
[2025-07-07 12:25:08,182] [INFO] [_sm_handler.py::43] Current state: ready
[2025-07-07 12:25:08,234] [INFO] [_sm_handler.py::43] Current state: ready
[2025-07-07 12:25:08,287] [INFO] [_sm_handler.py::43] Current state: ready
[2025-07-07 12:25:08,339] [INFO] [_sm_handler.py::43] Current state: ready
[2025-07-07 12:25:08,391] [INFO] [_sm_handler.py::43] Current state: ready
[2025-07-07 12:25:08,444] [INFO] [_sm_handler.py::43] Current state: ready
[2025-07-07 12:25:08,496] [INFO] [_sm_handler.py::43] Current state: ready
[2025-07-07 12:25:08,548] [INFO] [_sm_handler.py::43] Current state: ready
[2025-07-07 12:25:08,601] [INFO] [_sm_handler.py::43] Current state: ready
[2025-07-07 12:25:08,653] [INFO] [_sm_handler.py::43] Current state: ready
[2025-07-07 12:25:16,679] [INFO] [_sm_handler.py::43] Current state: ready
[2025-07-07 12:25:16,732] [INFO] [_sm_handler.py::43] Current state: ready
[2025-07-07 12:25:16,784] [INFO] [_sm_handler.py::43] Current state: ready
[2025-07-07 12:25:16,836] [INFO] [_sm_handler.py::43] Current state: ready
[2025-07-07 12:25:16,889] [INFO] [_sm_handler.py::43] Current state: ready
[2025-07-07 12:25:16,942] [INFO] [_sm_handler.py::43] Current state: ready
[2025-07-07 12:25:16,994] [INFO] [_sm_handler.py::43] Current state: ready
[2025-07-07 12:25:17,046] [INFO] [_sm_handler.py::43] Current state: ready
[2025-07-07 12:25:17,099] [INFO] [_sm_handler.py::43] Current state: ready
[2025-07-07 12:25:17,152] [INFO] [_sm_handler.py::43] Current state: ready
[2025-07-07 12:25:17,204] [INFO] [_sm_handler.py::43] Current state: ready
[2025-07-07 12:25:17,256] [INFO] [_sm_handler.py::43] Current state: ready
[2025-07-07 12:25:17,308] [INFO] [_sm_handler.py::43] Current state: ready
[2025-07-07 12:25:17,361] [INFO] [_sm_handler.py::43] Current state: ready
[2025-07-07 12:25:17,413] [INFO] [_sm_handler.py::43] Current state: ready
[2025-07-07 12:25:17,466] [INFO] [_sm_handler.py::43] Current state: ready
[2025-07-07 12:25:17,518] [INFO] [_sm_handler.py::43] Current state: ready
[2025-07-07 12:25:17,571] [INFO] [_sm_handler.py::43] Current state: ready
[2025-07-07 12:25:17,624] [INFO] [_sm_handler.py::43] Current state: ready
[2025-07-07 12:25:17,676] [INFO] [_sm_handler.py::43] Current state: ready
[2025-07-07 12:25:17,728] [INFO] [_sm_handler.py::43] Current state: ready
[2025-07-07 12:25:17,781] [INFO] [_sm_handler.py::43] Current state: ready
[2025-07-07 12:25:17,833] [INFO] [_sm_handler.py::43] Current state: ready
[2025-07-07 12:25:17,885] [INFO] [_sm_handler.py::43] Current state: ready
[2025-07-07 12:25:17,938] [INFO] [_sm_handler.py::43] Current state: ready
[2025-07-07 12:25:17,991] [INFO] [_sm_handler.py::43] Current state: ready
[2025-07-07 12:25:18,043] [INFO] [_sm_handler.py::43] Current state: ready
[2025-07-07 12:25:18,095] [INFO] [_sm_handler.py::43] Current state: ready
[2025-07-07 12:25:18,148] [INFO] [_sm_handler.py::43] Current state: ready
[2025-07-07 12:25:18,200] [INFO] [_sm_handler.py::43] Current state: ready
[2025-07-07 12:25:18,252] [INFO] [_sm_handler.py::43] Current state: ready
[2025-07-07 12:25:18,305] [INFO] [_sm_handler.py::43] Current state: ready
[2025-07-07 12:25:18,358] [INFO] [_sm_handler.py::43] Current state: ready
[2025-07-07 12:25:18,410] [INFO] [_sm_handler.py::43] Current state: ready
[2025-07-07 12:25:18,463] [INFO] [_sm_handler.py::43] Current state: ready
[2025-07-07 12:25:18,515] [INFO] [_sm_handler.py::43] Current state: ready
[2025-07-07 12:25:18,567] [INFO] [_sm_handler.py::43] Current state: ready
[2025-07-07 12:25:18,619] [INFO] [_sm_handler.py::43] Current state: ready
[2025-07-07 12:25:18,673] [INFO] [_sm_handler.py::43] Current state: ready
[2025-07-07 12:27:33,856] [INFO] [_sm_handler.py::43] Current state: init
[2025-07-07 12:27:33,859] [INFO] [device_runtime.py::83] DeviceRuntime initialized
[2025-07-07 12:27:33,914] [INFO] [_sm_handler.py::43] Current state: send_init_request
[2025-07-07 12:27:33,979] [INFO] [_sm_handler.py::43] Current state: get_ecf_address
[2025-07-07 12:27:34,032] [INFO] [_sm_handler.py::43] Current state: ready
[2025-07-07 12:27:34,084] [INFO] [_sm_handler.py::43] Current state: ready
[2025-07-07 12:27:34,136] [INFO] [_sm_handler.py::43] Current state: ready
[2025-07-07 12:27:34,188] [INFO] [_sm_handler.py::43] Current state: ready
[2025-07-07 12:27:34,240] [INFO] [_sm_handler.py::43] Current state: ready
[2025-07-07 12:27:34,292] [INFO] [_sm_handler.py::43] Current state: ready
[2025-07-07 12:27:34,345] [INFO] [_sm_handler.py::43] Current state: ready
[2025-07-07 12:27:34,398] [INFO] [_sm_handler.py::43] Current state: ready
[2025-07-07 12:27:34,451] [INFO] [_sm_handler.py::43] Current state: ready
[2025-07-07 12:27:34,503] [INFO] [_sm_handler.py::43] Current state: ready
[2025-07-07 12:27:34,555] [INFO] [_sm_handler.py::43] Current state: ready
[2025-07-07 12:27:34,607] [INFO] [_sm_handler.py::43] Current state: ready
[2025-07-07 12:27:34,660] [INFO] [_sm_handler.py::43] Current state: ready
[2025-07-07 12:27:34,712] [INFO] [_sm_handler.py::43] Current state: ready
[2025-07-07 12:27:34,765] [INFO] [_sm_handler.py::43] Current state: ready
[2025-07-07 12:27:34,817] [INFO] [_sm_handler.py::43] Current state: ready
[2025-07-07 12:27:34,834] [INFO] [_sm_handler.py::43] Current state: init
[2025-07-07 12:27:34,836] [INFO] [device_runtime.py::83] DeviceRuntime initialized
[2025-07-07 12:27:34,870] [INFO] [_sm_handler.py::43] Current state: ready
[2025-07-07 12:27:34,892] [INFO] [_sm_handler.py::43] Current state: send_init_request
[2025-07-07 12:27:34,956] [INFO] [_sm_handler.py::43] Current state: get_ecf_address
[2025-07-07 12:27:35,009] [INFO] [_sm_handler.py::43] Current state: ready
[2025-07-07 12:27:35,062] [INFO] [_sm_handler.py::43] Current state: ready
[2025-07-07 12:27:35,114] [INFO] [_sm_handler.py::43] Current state: ready
[2025-07-07 12:27:35,166] [INFO] [_sm_handler.py::43] Current state: ready
[2025-07-07 12:27:35,219] [INFO] [_sm_handler.py::43] Current state: ready
[2025-07-07 12:27:35,271] [INFO] [_sm_handler.py::43] Current state: ready
[2025-07-07 12:27:35,324] [INFO] [_sm_handler.py::43] Current state: ready
[2025-07-07 12:27:35,376] [INFO] [_sm_handler.py::43] Current state: ready
[2025-07-07 12:27:35,428] [INFO] [_sm_handler.py::43] Current state: ready
[2025-07-07 12:27:35,481] [INFO] [_sm_handler.py::43] Current state: ready
[2025-07-07 12:27:35,533] [INFO] [_sm_handler.py::43] Current state: ready
[2025-07-07 12:27:35,586] [INFO] [_sm_handler.py::43] Current state: ready
[2025-07-07 12:27:35,639] [INFO] [_sm_handler.py::43] Current state: ready
[2025-07-07 12:27:35,691] [INFO] [_sm_handler.py::43] Current state: ready
[2025-07-07 12:27:35,744] [INFO] [_sm_handler.py::43] Current state: ready
[2025-07-07 12:27:35,796] [INFO] [_sm_handler.py::43] Current state: ready
[2025-07-07 12:27:35,834] [INFO] [_sm_handler.py::43] Current state: init
[2025-07-07 12:27:35,836] [INFO] [device_runtime.py::83] DeviceRuntime initialized
[2025-07-07 12:27:35,849] [INFO] [_sm_handler.py::43] Current state: ready
[2025-07-07 12:27:35,892] [INFO] [_sm_handler.py::43] Current state: send_init_request
[2025-07-07 12:27:35,956] [INFO] [_sm_handler.py::43] Current state: get_ecf_address
[2025-07-07 12:27:36,009] [INFO] [_sm_handler.py::43] Current state: ready
[2025-07-07 12:27:36,061] [INFO] [_sm_handler.py::43] Current state: ready
[2025-07-07 12:27:36,113] [INFO] [_sm_handler.py::43] Current state: ready
[2025-07-07 12:27:36,166] [INFO] [_sm_handler.py::43] Current state: ready
[2025-07-07 12:27:36,218] [INFO] [_sm_handler.py::43] Current state: ready
[2025-07-07 12:27:36,270] [INFO] [_sm_handler.py::43] Current state: ready
[2025-07-07 12:27:36,323] [INFO] [_sm_handler.py::43] Current state: ready
[2025-07-07 12:27:36,375] [INFO] [_sm_handler.py::43] Current state: ready
[2025-07-07 12:27:36,427] [INFO] [_sm_handler.py::43] Current state: ready
[2025-07-07 12:27:36,480] [INFO] [_sm_handler.py::43] Current state: ready
[2025-07-07 12:27:36,532] [INFO] [_sm_handler.py::43] Current state: ready
[2025-07-07 12:27:36,585] [INFO] [_sm_handler.py::43] Current state: ready
[2025-07-07 12:27:36,637] [INFO] [_sm_handler.py::43] Current state: ready
[2025-07-07 12:27:36,689] [INFO] [_sm_handler.py::43] Current state: ready
[2025-07-07 12:27:36,741] [INFO] [_sm_handler.py::43] Current state: ready
[2025-07-07 12:27:36,796] [INFO] [_sm_handler.py::43] Current state: ready
[2025-07-07 12:27:36,835] [INFO] [_sm_handler.py::43] Current state: init
[2025-07-07 12:27:36,837] [INFO] [device_runtime.py::83] DeviceRuntime initialized
[2025-07-07 12:27:36,851] [INFO] [_sm_handler.py::43] Current state: ready
[2025-07-07 12:27:36,894] [INFO] [_sm_handler.py::43] Current state: send_init_request
[2025-07-07 12:27:36,959] [INFO] [_sm_handler.py::43] Current state: get_ecf_address
[2025-07-07 12:27:37,012] [INFO] [_sm_handler.py::43] Current state: ready
[2025-07-07 12:27:37,065] [INFO] [_sm_handler.py::43] Current state: ready
[2025-07-07 12:27:37,117] [INFO] [_sm_handler.py::43] Current state: ready
[2025-07-07 12:27:37,169] [INFO] [_sm_handler.py::43] Current state: ready
[2025-07-07 12:27:37,222] [INFO] [_sm_handler.py::43] Current state: ready
[2025-07-07 12:27:37,274] [INFO] [_sm_handler.py::43] Current state: ready
[2025-07-07 12:27:37,326] [INFO] [_sm_handler.py::43] Current state: ready
[2025-07-07 12:27:37,379] [INFO] [_sm_handler.py::43] Current state: ready
[2025-07-07 12:27:37,431] [INFO] [_sm_handler.py::43] Current state: ready
[2025-07-07 12:27:37,483] [INFO] [_sm_handler.py::43] Current state: ready
[2025-07-07 12:27:37,535] [INFO] [_sm_handler.py::43] Current state: ready
[2025-07-07 12:27:37,588] [INFO] [_sm_handler.py::43] Current state: ready
[2025-07-07 12:27:37,640] [INFO] [_sm_handler.py::43] Current state: ready
[2025-07-07 12:27:37,692] [INFO] [_sm_handler.py::43] Current state: ready
[2025-07-07 12:27:37,744] [INFO] [_sm_handler.py::43] Current state: ready
[2025-07-07 12:27:37,797] [INFO] [_sm_handler.py::43] Current state: ready
[2025-07-07 12:27:37,849] [INFO] [_sm_handler.py::43] Current state: ready
[2025-07-07 12:27:44,970] [INFO] [_sm_handler.py::43] Current state: ready
[2025-07-07 12:27:45,022] [INFO] [_sm_handler.py::43] Current state: ready
[2025-07-07 12:27:45,075] [INFO] [_sm_handler.py::43] Current state: ready
[2025-07-07 12:27:45,128] [INFO] [_sm_handler.py::43] Current state: ready
[2025-07-07 12:27:45,180] [INFO] [_sm_handler.py::43] Current state: ready
[2025-07-07 12:27:45,233] [INFO] [_sm_handler.py::43] Current state: ready
[2025-07-07 12:27:45,285] [INFO] [_sm_handler.py::43] Current state: ready
[2025-07-07 12:27:45,337] [INFO] [_sm_handler.py::43] Current state: ready
[2025-07-07 12:27:45,390] [INFO] [_sm_handler.py::43] Current state: ready
[2025-07-07 12:27:45,442] [INFO] [_sm_handler.py::43] Current state: ready
[2025-07-07 12:27:45,494] [INFO] [_sm_handler.py::43] Current state: ready
[2025-07-07 12:27:45,547] [INFO] [_sm_handler.py::43] Current state: ready
[2025-07-07 12:27:45,599] [INFO] [_sm_handler.py::43] Current state: ready
[2025-07-07 12:27:45,652] [INFO] [_sm_handler.py::43] Current state: ready
[2025-07-07 12:27:45,704] [INFO] [_sm_handler.py::43] Current state: ready
[2025-07-07 12:27:45,756] [INFO] [_sm_handler.py::43] Current state: ready
[2025-07-07 12:27:45,809] [INFO] [_sm_handler.py::43] Current state: ready
[2025-07-07 12:27:45,861] [INFO] [_sm_handler.py::43] Current state: ready
[2025-07-07 12:27:45,913] [INFO] [_sm_handler.py::43] Current state: ready
[2025-07-07 12:27:45,966] [INFO] [_sm_handler.py::43] Current state: ready
[2025-07-07 12:27:46,018] [INFO] [_sm_handler.py::43] Current state: ready
[2025-07-07 12:27:46,070] [INFO] [_sm_handler.py::43] Current state: ready
[2025-07-07 12:27:46,122] [INFO] [_sm_handler.py::43] Current state: ready
[2025-07-07 12:27:46,175] [INFO] [_sm_handler.py::43] Current state: ready
[2025-07-07 12:27:46,227] [INFO] [_sm_handler.py::43] Current state: ready
[2025-07-07 12:27:46,280] [INFO] [_sm_handler.py::43] Current state: ready
[2025-07-07 12:27:46,332] [INFO] [_sm_handler.py::43] Current state: ready
[2025-07-07 12:27:46,384] [INFO] [_sm_handler.py::43] Current state: ready
[2025-07-07 12:27:46,437] [INFO] [_sm_handler.py::43] Current state: ready
[2025-07-07 12:27:46,489] [INFO] [_sm_handler.py::43] Current state: ready
[2025-07-07 12:27:46,542] [INFO] [_sm_handler.py::43] Current state: ready
[2025-07-07 12:27:46,594] [INFO] [_sm_handler.py::43] Current state: ready
[2025-07-07 12:27:46,647] [INFO] [_sm_handler.py::43] Current state: ready
[2025-07-07 12:27:46,699] [INFO] [_sm_handler.py::43] Current state: ready
[2025-07-07 12:27:46,751] [INFO] [_sm_handler.py::43] Current state: ready
[2025-07-07 12:27:46,803] [INFO] [_sm_handler.py::43] Current state: ready
[2025-07-07 12:27:46,856] [INFO] [_sm_handler.py::43] Current state: ready
[2025-07-07 12:27:46,908] [INFO] [_sm_handler.py::43] Current state: ready
[2025-07-07 12:27:46,961] [INFO] [_sm_handler.py::43] Current state: ready
[2025-07-07 12:27:54,986] [INFO] [_sm_handler.py::43] Current state: ready
[2025-07-07 12:27:55,038] [INFO] [_sm_handler.py::43] Current state: ready
[2025-07-07 12:27:55,091] [INFO] [_sm_handler.py::43] Current state: ready
[2025-07-07 12:27:55,143] [INFO] [_sm_handler.py::43] Current state: ready
[2025-07-07 12:27:55,196] [INFO] [_sm_handler.py::43] Current state: ready
[2025-07-07 12:27:55,248] [INFO] [_sm_handler.py::43] Current state: ready
[2025-07-07 12:27:55,301] [INFO] [_sm_handler.py::43] Current state: ready
[2025-07-07 12:27:55,353] [INFO] [_sm_handler.py::43] Current state: ready
[2025-07-07 12:27:55,405] [INFO] [_sm_handler.py::43] Current state: ready
[2025-07-07 12:27:55,457] [INFO] [_sm_handler.py::43] Current state: ready
[2025-07-07 12:27:55,510] [INFO] [_sm_handler.py::43] Current state: ready
[2025-07-07 12:27:55,562] [INFO] [_sm_handler.py::43] Current state: ready
[2025-07-07 12:27:55,614] [INFO] [_sm_handler.py::43] Current state: ready
[2025-07-07 12:27:55,666] [INFO] [_sm_handler.py::43] Current state: ready
[2025-07-07 12:27:55,718] [INFO] [_sm_handler.py::43] Current state: ready
[2025-07-07 12:27:55,771] [INFO] [_sm_handler.py::43] Current state: ready
[2025-07-07 12:27:55,823] [INFO] [_sm_handler.py::43] Current state: ready
[2025-07-07 12:27:55,876] [INFO] [_sm_handler.py::43] Current state: ready
[2025-07-07 12:27:55,928] [INFO] [_sm_handler.py::43] Current state: ready
[2025-07-07 12:27:55,981] [INFO] [_sm_handler.py::43] Current state: ready
[2025-07-07 12:27:56,033] [INFO] [_sm_handler.py::43] Current state: ready
[2025-07-07 12:27:56,086] [INFO] [_sm_handler.py::43] Current state: ready
[2025-07-07 12:27:56,138] [INFO] [_sm_handler.py::43] Current state: ready
[2025-07-07 12:27:56,191] [INFO] [_sm_handler.py::43] Current state: ready
[2025-07-07 12:27:56,243] [INFO] [_sm_handler.py::43] Current state: ready
[2025-07-07 12:27:56,295] [INFO] [_sm_handler.py::43] Current state: ready
[2025-07-07 12:27:56,347] [INFO] [_sm_handler.py::43] Current state: ready
[2025-07-07 12:27:56,400] [INFO] [_sm_handler.py::43] Current state: ready
[2025-07-07 12:27:56,452] [INFO] [_sm_handler.py::43] Current state: ready
[2025-07-07 12:27:56,504] [INFO] [_sm_handler.py::43] Current state: ready
[2025-07-07 12:27:56,556] [INFO] [_sm_handler.py::43] Current state: ready
[2025-07-07 12:27:56,608] [INFO] [_sm_handler.py::43] Current state: ready
[2025-07-07 12:27:56,661] [INFO] [_sm_handler.py::43] Current state: ready
[2025-07-07 12:27:56,713] [INFO] [_sm_handler.py::43] Current state: ready
[2025-07-07 12:27:56,765] [INFO] [_sm_handler.py::43] Current state: ready
[2025-07-07 12:27:56,817] [INFO] [_sm_handler.py::43] Current state: ready
[2025-07-07 12:27:56,869] [INFO] [_sm_handler.py::43] Current state: ready
[2025-07-07 12:27:56,922] [INFO] [_sm_handler.py::43] Current state: ready
[2025-07-07 12:27:56,974] [INFO] [_sm_handler.py::43] Current state: ready
[2025-07-07 12:28:05,001] [INFO] [_sm_handler.py::43] Current state: ready
[2025-07-07 12:28:05,054] [INFO] [_sm_handler.py::43] Current state: ready
[2025-07-07 12:28:05,107] [INFO] [_sm_handler.py::43] Current state: ready
[2025-07-07 12:28:05,160] [INFO] [_sm_handler.py::43] Current state: ready
[2025-07-07 12:28:05,212] [INFO] [_sm_handler.py::43] Current state: ready
[2025-07-07 12:28:05,264] [INFO] [_sm_handler.py::43] Current state: ready
[2025-07-07 12:28:05,316] [INFO] [_sm_handler.py::43] Current state: ready
[2025-07-07 12:28:05,369] [INFO] [_sm_handler.py::43] Current state: ready
[2025-07-07 12:28:05,421] [INFO] [_sm_handler.py::43] Current state: ready
[2025-07-07 12:28:05,473] [INFO] [_sm_handler.py::43] Current state: ready
[2025-07-07 12:28:05,525] [INFO] [_sm_handler.py::43] Current state: ready
[2025-07-07 12:28:05,578] [INFO] [_sm_handler.py::43] Current state: ready
[2025-07-07 12:28:05,630] [INFO] [_sm_handler.py::43] Current state: ready
[2025-07-07 12:28:05,682] [INFO] [_sm_handler.py::43] Current state: ready
[2025-07-07 12:28:05,735] [INFO] [_sm_handler.py::43] Current state: ready
[2025-07-07 12:28:05,787] [INFO] [_sm_handler.py::43] Current state: ready
[2025-07-07 12:28:05,840] [INFO] [_sm_handler.py::43] Current state: ready
[2025-07-07 12:28:05,892] [INFO] [_sm_handler.py::43] Current state: ready
[2025-07-07 12:28:05,945] [INFO] [_sm_handler.py::43] Current state: ready
[2025-07-07 12:28:05,998] [INFO] [_sm_handler.py::43] Current state: ready
[2025-07-07 12:28:06,050] [INFO] [_sm_handler.py::43] Current state: ready
[2025-07-07 12:28:06,102] [INFO] [_sm_handler.py::43] Current state: ready
[2025-07-07 12:28:06,154] [INFO] [_sm_handler.py::43] Current state: ready
[2025-07-07 12:28:06,207] [INFO] [_sm_handler.py::43] Current state: ready
[2025-07-07 12:28:06,259] [INFO] [_sm_handler.py::43] Current state: ready
[2025-07-07 12:28:06,311] [INFO] [_sm_handler.py::43] Current state: ready
[2025-07-07 12:28:06,363] [INFO] [_sm_handler.py::43] Current state: ready
[2025-07-07 12:28:06,416] [INFO] [_sm_handler.py::43] Current state: ready
[2025-07-07 12:28:06,468] [INFO] [_sm_handler.py::43] Current state: ready
[2025-07-07 12:28:06,520] [INFO] [_sm_handler.py::43] Current state: ready
[2025-07-07 12:28:06,572] [INFO] [_sm_handler.py::43] Current state: ready
[2025-07-07 12:28:06,624] [INFO] [_sm_handler.py::43] Current state: ready
[2025-07-07 12:28:06,676] [INFO] [_sm_handler.py::43] Current state: ready
[2025-07-07 12:28:06,728] [INFO] [_sm_handler.py::43] Current state: ready
[2025-07-07 12:28:06,781] [INFO] [_sm_handler.py::43] Current state: ready
[2025-07-07 12:28:06,833] [INFO] [_sm_handler.py::43] Current state: ready
[2025-07-07 12:28:06,885] [INFO] [_sm_handler.py::43] Current state: ready
[2025-07-07 12:28:06,938] [INFO] [_sm_handler.py::43] Current state: ready
[2025-07-07 12:28:06,991] [INFO] [_sm_handler.py::43] Current state: ready
[2025-07-07 12:28:15,020] [INFO] [_sm_handler.py::43] Current state: ready
[2025-07-07 12:28:15,072] [INFO] [_sm_handler.py::43] Current state: ready
[2025-07-07 12:28:15,125] [INFO] [_sm_handler.py::43] Current state: ready
[2025-07-07 12:28:15,177] [INFO] [_sm_handler.py::43] Current state: ready
[2025-07-07 12:28:15,229] [INFO] [_sm_handler.py::43] Current state: ready
[2025-07-07 12:28:15,281] [INFO] [_sm_handler.py::43] Current state: ready
[2025-07-07 12:28:15,333] [INFO] [_sm_handler.py::43] Current state: ready
[2025-07-07 12:28:15,386] [INFO] [_sm_handler.py::43] Current state: ready
[2025-07-07 12:28:15,439] [INFO] [_sm_handler.py::43] Current state: ready
[2025-07-07 12:28:15,491] [INFO] [_sm_handler.py::43] Current state: ready
[2025-07-07 12:28:15,544] [INFO] [_sm_handler.py::43] Current state: ready
[2025-07-07 12:28:15,596] [INFO] [_sm_handler.py::43] Current state: ready
[2025-07-07 12:28:15,649] [INFO] [_sm_handler.py::43] Current state: ready
[2025-07-07 12:28:15,701] [INFO] [_sm_handler.py::43] Current state: ready
[2025-07-07 12:28:15,753] [INFO] [_sm_handler.py::43] Current state: ready
[2025-07-07 12:28:15,806] [INFO] [_sm_handler.py::43] Current state: ready
[2025-07-07 12:28:15,859] [INFO] [_sm_handler.py::43] Current state: ready
[2025-07-07 12:28:15,911] [INFO] [_sm_handler.py::43] Current state: ready
[2025-07-07 12:28:15,963] [INFO] [_sm_handler.py::43] Current state: ready
[2025-07-07 12:28:16,015] [INFO] [_sm_handler.py::43] Current state: ready
[2025-07-07 12:28:16,068] [INFO] [_sm_handler.py::43] Current state: ready
[2025-07-07 12:28:16,120] [INFO] [_sm_handler.py::43] Current state: ready
[2025-07-07 12:28:16,172] [INFO] [_sm_handler.py::43] Current state: ready
[2025-07-07 12:28:16,225] [INFO] [_sm_handler.py::43] Current state: ready
[2025-07-07 12:28:16,278] [INFO] [_sm_handler.py::43] Current state: ready
[2025-07-07 12:28:16,330] [INFO] [_sm_handler.py::43] Current state: ready
[2025-07-07 12:28:16,382] [INFO] [_sm_handler.py::43] Current state: ready
[2025-07-07 12:28:16,434] [INFO] [_sm_handler.py::43] Current state: ready
[2025-07-07 12:28:16,487] [INFO] [_sm_handler.py::43] Current state: ready
[2025-07-07 12:28:16,540] [INFO] [_sm_handler.py::43] Current state: ready
[2025-07-07 12:28:16,592] [INFO] [_sm_handler.py::43] Current state: ready
[2025-07-07 12:28:16,644] [INFO] [_sm_handler.py::43] Current state: ready
[2025-07-07 12:28:16,697] [INFO] [_sm_handler.py::43] Current state: ready
[2025-07-07 12:28:16,749] [INFO] [_sm_handler.py::43] Current state: ready
[2025-07-07 12:28:16,801] [INFO] [_sm_handler.py::43] Current state: ready
[2025-07-07 12:28:16,853] [INFO] [_sm_handler.py::43] Current state: ready
[2025-07-07 12:28:16,905] [INFO] [_sm_handler.py::43] Current state: ready
[2025-07-07 12:28:16,957] [INFO] [_sm_handler.py::43] Current state: ready
[2025-07-07 12:28:17,011] [INFO] [_sm_handler.py::43] Current state: ready
[2025-07-07 12:28:25,035] [INFO] [_sm_handler.py::43] Current state: ready
[2025-07-07 12:28:25,088] [INFO] [_sm_handler.py::43] Current state: ready
[2025-07-07 12:28:25,140] [INFO] [_sm_handler.py::43] Current state: ready
[2025-07-07 12:28:25,192] [INFO] [_sm_handler.py::43] Current state: ready
[2025-07-07 12:28:25,244] [INFO] [_sm_handler.py::43] Current state: ready
[2025-07-07 12:28:25,296] [INFO] [_sm_handler.py::43] Current state: ready
[2025-07-07 12:28:25,348] [INFO] [_sm_handler.py::43] Current state: ready
[2025-07-07 12:28:25,401] [INFO] [_sm_handler.py::43] Current state: ready
[2025-07-07 12:28:25,453] [INFO] [_sm_handler.py::43] Current state: ready
[2025-07-07 12:28:25,505] [INFO] [_sm_handler.py::43] Current state: ready
[2025-07-07 12:28:25,558] [INFO] [_sm_handler.py::43] Current state: ready
[2025-07-07 12:28:25,610] [INFO] [_sm_handler.py::43] Current state: ready
[2025-07-07 12:28:25,663] [INFO] [_sm_handler.py::43] Current state: ready
[2025-07-07 12:28:25,715] [INFO] [_sm_handler.py::43] Current state: ready
[2025-07-07 12:28:25,768] [INFO] [_sm_handler.py::43] Current state: ready
[2025-07-07 12:28:25,821] [INFO] [_sm_handler.py::43] Current state: ready
[2025-07-07 12:28:25,874] [INFO] [_sm_handler.py::43] Current state: ready
[2025-07-07 12:28:25,926] [INFO] [_sm_handler.py::43] Current state: ready
[2025-07-07 12:28:25,978] [INFO] [_sm_handler.py::43] Current state: ready
[2025-07-07 12:28:26,031] [INFO] [_sm_handler.py::43] Current state: ready
[2025-07-07 12:28:26,083] [INFO] [_sm_handler.py::43] Current state: ready
[2025-07-07 12:28:26,136] [INFO] [_sm_handler.py::43] Current state: ready
[2025-07-07 12:28:26,189] [INFO] [_sm_handler.py::43] Current state: ready
[2025-07-07 12:28:26,241] [INFO] [_sm_handler.py::43] Current state: ready
[2025-07-07 12:28:26,293] [INFO] [_sm_handler.py::43] Current state: ready
[2025-07-07 12:28:26,345] [INFO] [_sm_handler.py::43] Current state: ready
[2025-07-07 12:28:26,397] [INFO] [_sm_handler.py::43] Current state: ready
[2025-07-07 12:28:26,450] [INFO] [_sm_handler.py::43] Current state: ready
[2025-07-07 12:28:26,502] [INFO] [_sm_handler.py::43] Current state: ready
[2025-07-07 12:28:26,555] [INFO] [_sm_handler.py::43] Current state: ready
[2025-07-07 12:28:26,607] [INFO] [_sm_handler.py::43] Current state: ready
[2025-07-07 12:28:26,659] [INFO] [_sm_handler.py::43] Current state: ready
[2025-07-07 12:28:26,712] [INFO] [_sm_handler.py::43] Current state: ready
[2025-07-07 12:28:26,764] [INFO] [_sm_handler.py::43] Current state: ready
[2025-07-07 12:28:26,816] [INFO] [_sm_handler.py::43] Current state: ready
[2025-07-07 12:28:26,868] [INFO] [_sm_handler.py::43] Current state: ready
[2025-07-07 12:28:26,920] [INFO] [_sm_handler.py::43] Current state: ready
[2025-07-07 12:28:26,972] [INFO] [_sm_handler.py::43] Current state: ready
[2025-07-07 12:28:27,025] [INFO] [_sm_handler.py::43] Current state: ready
[2025-07-07 12:28:35,051] [INFO] [_sm_handler.py::43] Current state: ready
[2025-07-07 12:28:35,104] [INFO] [_sm_handler.py::43] Current state: ready
[2025-07-07 12:28:35,156] [INFO] [_sm_handler.py::43] Current state: ready
[2025-07-07 12:28:35,208] [INFO] [_sm_handler.py::43] Current state: ready
[2025-07-07 12:28:35,260] [INFO] [_sm_handler.py::43] Current state: ready
[2025-07-07 12:28:35,312] [INFO] [_sm_handler.py::43] Current state: ready
[2025-07-07 12:28:35,364] [INFO] [_sm_handler.py::43] Current state: ready
[2025-07-07 12:28:35,416] [INFO] [_sm_handler.py::43] Current state: ready
[2025-07-07 12:28:35,468] [INFO] [_sm_handler.py::43] Current state: ready
[2025-07-07 12:28:35,520] [INFO] [_sm_handler.py::43] Current state: ready
[2025-07-07 12:28:35,573] [INFO] [_sm_handler.py::43] Current state: ready
[2025-07-07 12:28:35,625] [INFO] [_sm_handler.py::43] Current state: ready
[2025-07-07 12:28:35,677] [INFO] [_sm_handler.py::43] Current state: ready
[2025-07-07 12:28:35,729] [INFO] [_sm_handler.py::43] Current state: ready
[2025-07-07 12:28:35,781] [INFO] [_sm_handler.py::43] Current state: ready
[2025-07-07 12:28:35,833] [INFO] [_sm_handler.py::43] Current state: ready
[2025-07-07 12:28:35,886] [INFO] [_sm_handler.py::43] Current state: ready
[2025-07-07 12:28:35,938] [INFO] [_sm_handler.py::43] Current state: ready
[2025-07-07 12:28:35,991] [INFO] [_sm_handler.py::43] Current state: ready
[2025-07-07 12:28:36,043] [INFO] [_sm_handler.py::43] Current state: ready
[2025-07-07 12:28:36,096] [INFO] [_sm_handler.py::43] Current state: ready
[2025-07-07 12:28:36,148] [INFO] [_sm_handler.py::43] Current state: ready
[2025-07-07 12:28:36,200] [INFO] [_sm_handler.py::43] Current state: ready
[2025-07-07 12:28:36,253] [INFO] [_sm_handler.py::43] Current state: ready
[2025-07-07 12:28:36,305] [INFO] [_sm_handler.py::43] Current state: ready
[2025-07-07 12:28:36,357] [INFO] [_sm_handler.py::43] Current state: ready
[2025-07-07 12:28:36,410] [INFO] [_sm_handler.py::43] Current state: ready
[2025-07-07 12:28:36,462] [INFO] [_sm_handler.py::43] Current state: ready
[2025-07-07 12:28:36,515] [INFO] [_sm_handler.py::43] Current state: ready
[2025-07-07 12:28:36,568] [INFO] [_sm_handler.py::43] Current state: ready
[2025-07-07 12:28:36,620] [INFO] [_sm_handler.py::43] Current state: ready
[2025-07-07 12:28:36,673] [INFO] [_sm_handler.py::43] Current state: ready
[2025-07-07 12:28:36,726] [INFO] [_sm_handler.py::43] Current state: ready
[2025-07-07 12:28:36,778] [INFO] [_sm_handler.py::43] Current state: ready
[2025-07-07 12:28:36,830] [INFO] [_sm_handler.py::43] Current state: ready
[2025-07-07 12:28:36,883] [INFO] [_sm_handler.py::43] Current state: ready
[2025-07-07 12:28:36,935] [INFO] [_sm_handler.py::43] Current state: ready
[2025-07-07 12:28:36,988] [INFO] [_sm_handler.py::43] Current state: ready
[2025-07-07 12:28:37,041] [INFO] [_sm_handler.py::43] Current state: ready
[2025-07-07 12:28:45,068] [INFO] [_sm_handler.py::43] Current state: ready
[2025-07-07 12:28:45,120] [INFO] [_sm_handler.py::43] Current state: ready
[2025-07-07 12:28:45,172] [INFO] [_sm_handler.py::43] Current state: ready
[2025-07-07 12:28:45,225] [INFO] [_sm_handler.py::43] Current state: ready
[2025-07-07 12:28:45,278] [INFO] [_sm_handler.py::43] Current state: ready
[2025-07-07 12:28:45,330] [INFO] [_sm_handler.py::43] Current state: ready
[2025-07-07 12:28:45,382] [INFO] [_sm_handler.py::43] Current state: ready
[2025-07-07 12:28:45,435] [INFO] [_sm_handler.py::43] Current state: ready
[2025-07-07 12:28:45,487] [INFO] [_sm_handler.py::43] Current state: ready
[2025-07-07 12:28:45,540] [INFO] [_sm_handler.py::43] Current state: ready
[2025-07-07 12:28:45,592] [INFO] [_sm_handler.py::43] Current state: ready
[2025-07-07 12:28:45,645] [INFO] [_sm_handler.py::43] Current state: ready
[2025-07-07 12:28:45,697] [INFO] [_sm_handler.py::43] Current state: ready
[2025-07-07 12:28:45,749] [INFO] [_sm_handler.py::43] Current state: ready
[2025-07-07 12:28:45,802] [INFO] [_sm_handler.py::43] Current state: ready
[2025-07-07 12:28:45,855] [INFO] [_sm_handler.py::43] Current state: ready
[2025-07-07 12:28:45,907] [INFO] [_sm_handler.py::43] Current state: ready
[2025-07-07 12:28:45,960] [INFO] [_sm_handler.py::43] Current state: ready
[2025-07-07 12:28:46,012] [INFO] [_sm_handler.py::43] Current state: ready
[2025-07-07 12:28:46,065] [INFO] [_sm_handler.py::43] Current state: ready
[2025-07-07 12:28:46,117] [INFO] [_sm_handler.py::43] Current state: ready
[2025-07-07 12:28:46,169] [INFO] [_sm_handler.py::43] Current state: ready
[2025-07-07 12:28:46,222] [INFO] [_sm_handler.py::43] Current state: ready
[2025-07-07 12:28:46,275] [INFO] [_sm_handler.py::43] Current state: ready
[2025-07-07 12:28:46,327] [INFO] [_sm_handler.py::43] Current state: ready
[2025-07-07 12:28:46,379] [INFO] [_sm_handler.py::43] Current state: ready
[2025-07-07 12:28:46,431] [INFO] [_sm_handler.py::43] Current state: ready
[2025-07-07 12:28:46,484] [INFO] [_sm_handler.py::43] Current state: ready
[2025-07-07 12:28:46,536] [INFO] [_sm_handler.py::43] Current state: ready
[2025-07-07 12:28:46,588] [INFO] [_sm_handler.py::43] Current state: ready
[2025-07-07 12:28:46,641] [INFO] [_sm_handler.py::43] Current state: ready
[2025-07-07 12:28:46,693] [INFO] [_sm_handler.py::43] Current state: ready
[2025-07-07 12:28:46,746] [INFO] [_sm_handler.py::43] Current state: ready
[2025-07-07 12:28:46,798] [INFO] [_sm_handler.py::43] Current state: ready
[2025-07-07 12:28:46,851] [INFO] [_sm_handler.py::43] Current state: ready
[2025-07-07 12:28:46,903] [INFO] [_sm_handler.py::43] Current state: ready
[2025-07-07 12:28:46,955] [INFO] [_sm_handler.py::43] Current state: ready
[2025-07-07 12:28:47,007] [INFO] [_sm_handler.py::43] Current state: ready
[2025-07-07 12:28:47,060] [INFO] [_sm_handler.py::43] Current state: ready
[2025-07-07 12:28:55,084] [INFO] [_sm_handler.py::43] Current state: ready
[2025-07-07 12:28:55,137] [INFO] [_sm_handler.py::43] Current state: ready
[2025-07-07 12:28:55,189] [INFO] [_sm_handler.py::43] Current state: ready
[2025-07-07 12:28:55,242] [INFO] [_sm_handler.py::43] Current state: ready
[2025-07-07 12:28:55,295] [INFO] [_sm_handler.py::43] Current state: ready
[2025-07-07 12:28:55,347] [INFO] [_sm_handler.py::43] Current state: ready
[2025-07-07 12:28:55,399] [INFO] [_sm_handler.py::43] Current state: ready
[2025-07-07 12:28:55,451] [INFO] [_sm_handler.py::43] Current state: ready
[2025-07-07 12:28:55,503] [INFO] [_sm_handler.py::43] Current state: ready
[2025-07-07 12:28:55,556] [INFO] [_sm_handler.py::43] Current state: ready
[2025-07-07 12:28:55,608] [INFO] [_sm_handler.py::43] Current state: ready
[2025-07-07 12:28:55,660] [INFO] [_sm_handler.py::43] Current state: ready
[2025-07-07 12:28:55,712] [INFO] [_sm_handler.py::43] Current state: ready
[2025-07-07 12:28:55,764] [INFO] [_sm_handler.py::43] Current state: ready
[2025-07-07 12:28:55,817] [INFO] [_sm_handler.py::43] Current state: ready
[2025-07-07 12:28:55,869] [INFO] [_sm_handler.py::43] Current state: ready
[2025-07-07 12:28:55,921] [INFO] [_sm_handler.py::43] Current state: ready
[2025-07-07 12:28:55,974] [INFO] [_sm_handler.py::43] Current state: ready
[2025-07-07 12:28:56,027] [INFO] [_sm_handler.py::43] Current state: ready
[2025-07-07 12:28:56,080] [INFO] [_sm_handler.py::43] Current state: ready
[2025-07-07 12:28:56,132] [INFO] [_sm_handler.py::43] Current state: ready
[2025-07-07 12:28:56,184] [INFO] [_sm_handler.py::43] Current state: ready
[2025-07-07 12:28:56,237] [INFO] [_sm_handler.py::43] Current state: ready
[2025-07-07 12:28:56,290] [INFO] [_sm_handler.py::43] Current state: ready
[2025-07-07 12:28:56,342] [INFO] [_sm_handler.py::43] Current state: ready
[2025-07-07 12:28:56,395] [INFO] [_sm_handler.py::43] Current state: ready
[2025-07-07 12:28:56,447] [INFO] [_sm_handler.py::43] Current state: ready
[2025-07-07 12:28:56,500] [INFO] [_sm_handler.py::43] Current state: ready
[2025-07-07 12:28:56,552] [INFO] [_sm_handler.py::43] Current state: ready
[2025-07-07 12:28:56,604] [INFO] [_sm_handler.py::43] Current state: ready
[2025-07-07 12:28:56,657] [INFO] [_sm_handler.py::43] Current state: ready
[2025-07-07 12:28:56,709] [INFO] [_sm_handler.py::43] Current state: ready
[2025-07-07 12:28:56,762] [INFO] [_sm_handler.py::43] Current state: ready
[2025-07-07 12:28:56,814] [INFO] [_sm_handler.py::43] Current state: ready
[2025-07-07 12:28:56,867] [INFO] [_sm_handler.py::43] Current state: ready
[2025-07-07 12:28:56,920] [INFO] [_sm_handler.py::43] Current state: ready
[2025-07-07 12:28:56,972] [INFO] [_sm_handler.py::43] Current state: ready
[2025-07-07 12:28:57,025] [INFO] [_sm_handler.py::43] Current state: ready
[2025-07-07 12:28:57,077] [INFO] [_sm_handler.py::43] Current state: ready
[2025-07-07 12:29:05,100] [INFO] [_sm_handler.py::43] Current state: ready
[2025-07-07 12:29:05,152] [INFO] [_sm_handler.py::43] Current state: ready
[2025-07-07 12:29:05,205] [INFO] [_sm_handler.py::43] Current state: ready
[2025-07-07 12:29:05,257] [INFO] [_sm_handler.py::43] Current state: ready
[2025-07-07 12:29:05,309] [INFO] [_sm_handler.py::43] Current state: ready
[2025-07-07 12:29:05,361] [INFO] [_sm_handler.py::43] Current state: ready
[2025-07-07 12:29:05,417] [INFO] [_sm_handler.py::43] Current state: ready
[2025-07-07 12:29:05,469] [INFO] [_sm_handler.py::43] Current state: ready
[2025-07-07 12:29:05,521] [INFO] [_sm_handler.py::43] Current state: ready
[2025-07-07 12:29:05,573] [INFO] [_sm_handler.py::43] Current state: ready
[2025-07-07 12:29:05,626] [INFO] [_sm_handler.py::43] Current state: ready
[2025-07-07 12:29:05,678] [INFO] [_sm_handler.py::43] Current state: ready
[2025-07-07 12:29:05,731] [INFO] [_sm_handler.py::43] Current state: ready
[2025-07-07 12:29:05,783] [INFO] [_sm_handler.py::43] Current state: ready
[2025-07-07 12:29:05,835] [INFO] [_sm_handler.py::43] Current state: ready
[2025-07-07 12:29:05,888] [INFO] [_sm_handler.py::43] Current state: ready
[2025-07-07 12:29:05,940] [INFO] [_sm_handler.py::43] Current state: ready
[2025-07-07 12:29:05,992] [INFO] [_sm_handler.py::43] Current state: ready
[2025-07-07 12:29:06,044] [INFO] [_sm_handler.py::43] Current state: ready
[2025-07-07 12:29:06,097] [INFO] [_sm_handler.py::43] Current state: ready
[2025-07-07 12:29:06,149] [INFO] [_sm_handler.py::43] Current state: ready
[2025-07-07 12:29:06,201] [INFO] [_sm_handler.py::43] Current state: ready
[2025-07-07 12:29:06,254] [INFO] [_sm_handler.py::43] Current state: ready
[2025-07-07 12:29:06,306] [INFO] [_sm_handler.py::43] Current state: ready
[2025-07-07 12:29:06,359] [INFO] [_sm_handler.py::43] Current state: ready
[2025-07-07 12:29:06,411] [INFO] [_sm_handler.py::43] Current state: ready
[2025-07-07 12:29:06,463] [INFO] [_sm_handler.py::43] Current state: ready
[2025-07-07 12:29:06,516] [INFO] [_sm_handler.py::43] Current state: ready
[2025-07-07 12:29:06,568] [INFO] [_sm_handler.py::43] Current state: ready
[2025-07-07 12:29:06,620] [INFO] [_sm_handler.py::43] Current state: ready
[2025-07-07 12:29:06,673] [INFO] [_sm_handler.py::43] Current state: ready
[2025-07-07 12:29:06,725] [INFO] [_sm_handler.py::43] Current state: ready
[2025-07-07 12:29:06,777] [INFO] [_sm_handler.py::43] Current state: ready
[2025-07-07 12:29:06,830] [INFO] [_sm_handler.py::43] Current state: ready
[2025-07-07 12:29:06,882] [INFO] [_sm_handler.py::43] Current state: ready
[2025-07-07 12:29:06,935] [INFO] [_sm_handler.py::43] Current state: ready
[2025-07-07 12:29:06,987] [INFO] [_sm_handler.py::43] Current state: ready
[2025-07-07 12:29:07,039] [INFO] [_sm_handler.py::43] Current state: ready
[2025-07-07 12:29:07,092] [INFO] [_sm_handler.py::43] Current state: ready
[2025-07-07 12:29:15,117] [INFO] [_sm_handler.py::43] Current state: ready
[2025-07-07 12:29:15,170] [INFO] [_sm_handler.py::43] Current state: ready
[2025-07-07 12:29:15,223] [INFO] [_sm_handler.py::43] Current state: ready
[2025-07-07 12:29:15,275] [INFO] [_sm_handler.py::43] Current state: ready
[2025-07-07 12:29:15,328] [INFO] [_sm_handler.py::43] Current state: ready
[2025-07-07 12:29:15,380] [INFO] [_sm_handler.py::43] Current state: ready
[2025-07-07 12:29:15,432] [INFO] [_sm_handler.py::43] Current state: ready
[2025-07-07 12:29:15,485] [INFO] [_sm_handler.py::43] Current state: ready
[2025-07-07 12:29:15,537] [INFO] [_sm_handler.py::43] Current state: ready
[2025-07-07 12:29:15,590] [INFO] [_sm_handler.py::43] Current state: ready
[2025-07-07 12:29:15,643] [INFO] [_sm_handler.py::43] Current state: ready
[2025-07-07 12:29:15,696] [INFO] [_sm_handler.py::43] Current state: ready
[2025-07-07 12:29:15,748] [INFO] [_sm_handler.py::43] Current state: ready
[2025-07-07 12:29:15,800] [INFO] [_sm_handler.py::43] Current state: ready
[2025-07-07 12:29:15,852] [INFO] [_sm_handler.py::43] Current state: ready
[2025-07-07 12:29:15,905] [INFO] [_sm_handler.py::43] Current state: ready
[2025-07-07 12:29:15,957] [INFO] [_sm_handler.py::43] Current state: ready
[2025-07-07 12:29:16,010] [INFO] [_sm_handler.py::43] Current state: ready
[2025-07-07 12:29:16,062] [INFO] [_sm_handler.py::43] Current state: ready
[2025-07-07 12:29:16,114] [INFO] [_sm_handler.py::43] Current state: ready
[2025-07-07 12:29:16,166] [INFO] [_sm_handler.py::43] Current state: ready
[2025-07-07 12:29:16,218] [INFO] [_sm_handler.py::43] Current state: ready
[2025-07-07 12:29:16,270] [INFO] [_sm_handler.py::43] Current state: ready
[2025-07-07 12:29:16,322] [INFO] [_sm_handler.py::43] Current state: ready
[2025-07-07 12:29:16,374] [INFO] [_sm_handler.py::43] Current state: ready
[2025-07-07 12:29:16,426] [INFO] [_sm_handler.py::43] Current state: ready
[2025-07-07 12:29:16,478] [INFO] [_sm_handler.py::43] Current state: ready
[2025-07-07 12:29:16,530] [INFO] [_sm_handler.py::43] Current state: ready
[2025-07-07 12:29:16,583] [INFO] [_sm_handler.py::43] Current state: ready
[2025-07-07 12:29:16,635] [INFO] [_sm_handler.py::43] Current state: ready
[2025-07-07 12:29:16,688] [INFO] [_sm_handler.py::43] Current state: ready
[2025-07-07 12:29:16,740] [INFO] [_sm_handler.py::43] Current state: ready
[2025-07-07 12:29:16,793] [INFO] [_sm_handler.py::43] Current state: ready
[2025-07-07 12:29:16,845] [INFO] [_sm_handler.py::43] Current state: ready
[2025-07-07 12:29:16,898] [INFO] [_sm_handler.py::43] Current state: ready
[2025-07-07 12:29:16,950] [INFO] [_sm_handler.py::43] Current state: ready
[2025-07-07 12:29:17,003] [INFO] [_sm_handler.py::43] Current state: ready
[2025-07-07 12:29:17,056] [INFO] [_sm_handler.py::43] Current state: ready
[2025-07-07 12:29:17,108] [INFO] [_sm_handler.py::43] Current state: ready
[2025-07-07 12:29:25,134] [INFO] [_sm_handler.py::43] Current state: ready
[2025-07-07 12:29:25,190] [INFO] [_sm_handler.py::43] Current state: ready
[2025-07-07 12:29:25,244] [INFO] [_sm_handler.py::43] Current state: ready
[2025-07-07 12:29:25,297] [INFO] [_sm_handler.py::43] Current state: ready
[2025-07-07 12:29:25,349] [INFO] [_sm_handler.py::43] Current state: ready
[2025-07-07 12:29:25,401] [INFO] [_sm_handler.py::43] Current state: ready
[2025-07-07 12:29:25,454] [INFO] [_sm_handler.py::43] Current state: ready
[2025-07-07 12:29:25,506] [INFO] [_sm_handler.py::43] Current state: ready
[2025-07-07 12:29:25,558] [INFO] [_sm_handler.py::43] Current state: ready
[2025-07-07 12:29:25,611] [INFO] [_sm_handler.py::43] Current state: ready
[2025-07-07 12:29:25,663] [INFO] [_sm_handler.py::43] Current state: ready
[2025-07-07 12:29:25,715] [INFO] [_sm_handler.py::43] Current state: ready
[2025-07-07 12:29:25,769] [INFO] [_sm_handler.py::43] Current state: ready
[2025-07-07 12:29:25,823] [INFO] [_sm_handler.py::43] Current state: ready
[2025-07-07 12:29:25,875] [INFO] [_sm_handler.py::43] Current state: ready
[2025-07-07 12:29:25,928] [INFO] [_sm_handler.py::43] Current state: ready
[2025-07-07 12:29:25,980] [INFO] [_sm_handler.py::43] Current state: ready
[2025-07-07 12:29:26,032] [INFO] [_sm_handler.py::43] Current state: ready
[2025-07-07 12:29:26,085] [INFO] [_sm_handler.py::43] Current state: ready
[2025-07-07 12:29:26,137] [INFO] [_sm_handler.py::43] Current state: ready
[2025-07-07 12:29:26,190] [INFO] [_sm_handler.py::43] Current state: ready
[2025-07-07 12:29:26,242] [INFO] [_sm_handler.py::43] Current state: ready
[2025-07-07 12:29:26,294] [INFO] [_sm_handler.py::43] Current state: ready
[2025-07-07 12:29:26,346] [INFO] [_sm_handler.py::43] Current state: ready
[2025-07-07 12:29:26,399] [INFO] [_sm_handler.py::43] Current state: ready
[2025-07-07 12:29:26,451] [INFO] [_sm_handler.py::43] Current state: ready
[2025-07-07 12:29:26,504] [INFO] [_sm_handler.py::43] Current state: ready
[2025-07-07 12:29:26,556] [INFO] [_sm_handler.py::43] Current state: ready
[2025-07-07 12:29:26,608] [INFO] [_sm_handler.py::43] Current state: ready
[2025-07-07 12:29:26,660] [INFO] [_sm_handler.py::43] Current state: ready
[2025-07-07 12:29:26,713] [INFO] [_sm_handler.py::43] Current state: ready
[2025-07-07 12:29:26,766] [INFO] [_sm_handler.py::43] Current state: ready
[2025-07-07 12:29:26,818] [INFO] [_sm_handler.py::43] Current state: ready
[2025-07-07 12:29:26,870] [INFO] [_sm_handler.py::43] Current state: ready
[2025-07-07 12:29:26,922] [INFO] [_sm_handler.py::43] Current state: ready
[2025-07-07 12:29:26,975] [INFO] [_sm_handler.py::43] Current state: ready
[2025-07-07 12:29:27,027] [INFO] [_sm_handler.py::43] Current state: ready
[2025-07-07 12:29:27,079] [INFO] [_sm_handler.py::43] Current state: ready
[2025-07-07 12:29:27,132] [INFO] [_sm_handler.py::43] Current state: ready
